{"type":"FeatureCollection", "features": [
{"type":"Feature","geometry":{"type":"Polygon","coordinates":[[[-73.59190263066792,45.533482039721584],[-73.58240973028926,45.513665136978155],[-73.51917758711696,45.49516550923531],[-73.52570479855272,45.51891005811348],[-73.52919391710248,45.53459621922678],[-73.55924009611007,45.539871029355155],[-73.59190263066792,45.533482039721584]]]},"properties":{"FED_NUM":24037,"ED_NAMEE":"Laurier—Sainte-Marie","province_code":"QC"}},
{"type":"Feature","geometry":{"type":"Polygon","coordinates":[[[-73.83760366382505,45.58088401880281],[-73.88451200187829,45.55862647091602],[-73.8953661015672,45.526582601462714],[-73.76370986734197,45.511898138256235],[-73.73562502630692,45.529323757161826],[-73.80878211156569,45.554504313457564],[-73.83760366382505,45.58088401880281]]]},"properties":{"FED_NUM":24038,"ED_NAMEE":"Laval—Les Îles","province_code":"QC"}},
{"type":"Feature","geometry":{"type":"Polygon","coordinates":[[[-73.79876381045071,45.98575781160432],[-73.88190518081049,46.040478683791825],[-73.73257692967667,46.145096263322756],[-73.88356040478921,46.245856892161825],[-74.16810223170897,46.055347156606324],[-74.12375082129343,46.02472178629788],[-74.2465905636072,45.94864860109484],[-74.26406697967602,46.000219060552894],[-74.41262979684849,46.01892375585949],[-74.44162019093184,45.905576319120996],[-74.50163287622229,45.91157773952252],[-74.53645190237488,45.76357706901441],[-74.33327511663649,45.740083023083955],[-74.20391180365017,45.70507608970959],[-74.20841934750325,45.6869620027192],[-74.11346674975114,45.69997768542759],[-74.0521096878052,45.75782337448818],[-74.10495419394296,45.78957108211841],[-74.12613377135557,45.8314415076925],[-74.03304743246696,45.84801504705959],[-73.9016035771173,45.885400454500406],[-73.7706550671209,45.912786653256305],[-73.82738856412188,45.966541342193594],[-73.79876381045071,45.98575781160432]]]},"properties":{"FED_NUM":24039,"ED_NAMEE":"Les Pays-d'en-Haut","province_code":"QC"}},
{"type":"Feature","geometry":{"type":"Polygon","coordinates":[[[-73.52919391710248,45.53459621922678],[-73.52570479855272,45.51891005811348],[-73.3799495783276,45.432982694675644],[-73.41966400283933,45.48254841467298],[-73.48162475432883,45.529385868480134],[-73.52688462514486,45.53748067675745],[-73.52919391710248,45.53459621922678]]]},"properties":{"FED_NUM":24041,"ED_NAMEE":"Longueuil—Charles-LeMoyne","province_code":"QC"}},
{"type":"Feature","geometry":{"type":"Polygon","coordinates":[[[-71.43854807072583,46.914640438942506],[-71.50994583972086,46.86320626280374],[-71.54944509452112,46.85107644130751],[-71.49207449151069,46.80264125379152],[-71.42013434414245,46.82782008707355],[-71.33463882963451,46.79583604760052],[-71.2788550764179,46.83094777928341],[-71.3502043876166,46.85644166941523],[-71.43854807072583,46.914640438942506]]]},"properties":{"FED_NUM":24044,"ED_NAMEE":"Louis-Saint-Laurent—Akiawenhrahk","province_code":"QC"}},
{"type":"Feature","geometry":{"type":"Polygon","coordinates":[[[-72.05669321309814,46.57198062247719],[-71.88115693814588,46.45075228189348],[-71.97459973867929,46.3867264450104],[-71.89168968172768,46.326629162361435],[-71.94134474997853,46.25873812973829],[-71.98613914586652,46.24692570144922],[-71.949887355519,46.201261547747364],[-71.97152227188995,46.13540247954753],[-71.96227216530549,46.09538524741256],[-71.91319855673518,46.100308814322474],[-71.81711791139877,46.13886623458182],[-71.68853026033754,46.07468781061411],[-71.62573227717382,46.02505841890316],[-71.68611792237309,45.96670782583145],[-71.56273241958938,45.90653708624203],[-71.45509004078586,45.87267638064145],[-71.4678985943265,45.819219777722914],[-71.43667967158947,45.798743349937396],[-71.20726319730224,45.64248205249976],[-71.23255949112827,45.58074206877885],[-71.15859531597656,45.53589154324739],[-71.16026593128272,45.45824740790951],[-71.13300290623306,45.4582569960856],[-71.13146210317684,45.246716059217846],[-71.09756368165866,45.30183190719045],[-70.95363404195197,45.338918773581085],[-70.91890303497753,45.312538206148005],[-70.89848283643435,45.24370951758987],[-70.84903143482545,45.262138565133206],[-70.8144641459976,45.29973962220725],[-70.8021287298387,45.3667073609693],[-70.82524714257279,45.40005699166713],[-70.75682077060007,45.42860350890549],[-70.73027579361668,45.39929004603985],[-70.63703240404466,45.38228111521656],[-70.62817208547648,45.421267872644506],[-70.71751212727804,45.489419354734174],[-70.68965399570878,45.561886347078385],[-70.64500932625955,45.606704662802656],[-70.59092387272013,45.630236287067184],[-70.46627485987518,45.70602489953529],[-70.40022357070646,45.71999543905059],[-70.38814654649183,45.751404038710795],[-70.41382958704973,45.79609938090767],[-70.47122184058514,45.78892412281781],[-70.49956686063177,45.82706808289757],[-70.63168758631267,45.77890751511405],[-70.89259801355546,45.780068003048356],[-70.8958523830752,45.890774538107365],[-70.96817805666261,45.90104675888994],[-71.10680416382418,45.94609731578066],[-71.04649651826739,46.00634971450807],[-70.98856406770689,46.023988973235554],[-71.02523852689075,46.058015295666884],[-70.9701380815543,46.115890767658776],[-71.01339101514549,46.167952845549806],[-70.97898735637601,46.19016542736623],[-71.10495089607642,46.30920431335037],[-71.25500301092397,46.301427409764486],[-71.33613242911765,46.35907975328847],[-71.34080780780343,46.4062695243007],[-71.40950649628913,46.41177208797555],[-71.49527077595141,46.471720669854214],[-71.47008828017523,46.495732676687446],[-71.5610454188795,46.59219161916309],[-71.6712369136924,46.65294630866605],[-71.78837317893507,46.653115484575025],[-71.88531204616673,46.6725732518186],[-71.91802299622448,46.638011463622014],[-72.05669321309814,46.57198062247719]]]},"properties":{"FED_NUM":24046,"ED_NAMEE":"Mégantic—L’Érable—Lotbinière","province_code":"QC"}},
{"type":"Feature","geometry":{"type":"Polygon","coordinates":[[[-73.85001125061603,45.724068513709895],[-73.94755008367298,45.78940606554045],[-74.03077365554411,45.74363687138128],[-74.0521096878052,45.75782337448818],[-74.11346674975114,45.69997768542759],[-74.20841934750325,45.6869620027192],[-74.2488580919111,45.66322836670003],[-74.22282795279303,45.6259845663144],[-74.24497964237759,45.506438678530486],[-74.15026416790191,45.47957106334095],[-74.09344768640021,45.45089348629662],[-73.99868834669655,45.44984657442437],[-73.95384548997133,45.47874222969085],[-73.90106651858993,45.52530860782599],[-73.92532394052176,45.56243882199732],[-73.97855524968655,45.56027689653901],[-73.9810450882755,45.602048983302495],[-73.92030056647295,45.633858664514705],[-73.86390910104922,45.64373353660745],[-73.92567298059294,45.68530536668779],[-73.85001125061603,45.724068513709895]]]},"properties":{"FED_NUM":24047,"ED_NAMEE":"Mirabel","province_code":"QC"}},
{"type":"Feature","geometry":{"type":"Polygon","coordinates":[[[-73.9016035771173,45.885400454500406],[-73.80677512143886,45.820839715899],[-73.68731891700114,45.794766224265025],[-73.69948340791635,45.74700396798894],[-73.6692006609352,45.72677203238182],[-73.58942302642417,45.71720264678081],[-73.52947950447172,45.75423463184757],[-73.5241702465303,45.81401402117353],[-73.44455927864176,45.85176418752268],[-73.44733691257792,45.87286480771542],[-73.45597549617106,45.945816984385885],[-73.54069533434232,45.97237477594231],[-73.50787356077774,46.01345972289362],[-73.54964093447525,46.04261583437443],[-73.62231738543085,46.03454367821646],[-73.65824876327329,46.0097907228827],[-73.70805409738807,46.0313681472137],[-73.79876381045071,45.98575781160432],[-73.82738856412188,45.966541342193594],[-73.7706550671209,45.912786653256305],[-73.9016035771173,45.885400454500406]]]},"properties":{"FED_NUM":24050,"ED_NAMEE":"Montcalm","province_code":"QC"}},
{"type":"Feature","geometry":{"type":"Polygon","coordinates":[[[-71.6712369136924,46.65294630866605],[-71.5610454188795,46.59219161916309],[-71.47008828017523,46.495732676687446],[-71.49527077595141,46.471720669854214],[-71.40950649628913,46.41177208797555],[-71.34080780780343,46.4062695243007],[-71.33613242911765,46.35907975328847],[-71.25500301092397,46.301427409764486],[-71.10495089607642,46.30920431335037],[-71.10282243986163,46.35831128188156],[-71.22865961268813,46.48152495323232],[-71.16356535558647,46.55311491752354],[-71.18869563390986,46.58121419334774],[-71.11919407895913,46.63004361309428],[-71.12401257713512,46.71918973953481],[-71.15318778691083,46.74245950161207],[-71.22109063042154,46.74011416956688],[-71.25001572361862,46.76231044889079],[-71.35982205637617,46.73076008037228],[-71.4662518747212,46.71231998105935],[-71.6712369136924,46.65294630866605]]]},"properties":{"FED_NUM":24040,"ED_NAMEE":"Lévis—Lotbinière","province_code":"QC"}},
{"type":"Feature","geometry":{"type":"Polygon","coordinates":[[[-73.5016303976496,45.57355843630199],[-73.52688462514486,45.53748067675745],[-73.48162475432883,45.529385868480134],[-73.41966400283933,45.48254841467298],[-73.39014496732491,45.537363734843],[-73.50057442313569,45.588376133096],[-73.5016303976496,45.57355843630199]]]},"properties":{"FED_NUM":24042,"ED_NAMEE":"Longueuil—Saint-Hubert","province_code":"QC"}},
{"type":"Feature","geometry":{"type":"Polygon","coordinates":[[[-71.4083872118715,48.000075560090195],[-71.37979173777862,47.95026291113601],[-72.0739319320478,47.950241155319425],[-71.89256064159353,47.77256562283341],[-71.45676185937322,47.34269268895987],[-71.43217992516996,47.32715530493548],[-71.2511433837186,47.1538346002992],[-71.17908111260944,47.10180656824694],[-71.20445268972885,47.0491816725831],[-71.28582035109518,47.03325220702858],[-71.36461981422009,46.98388390380405],[-71.3359814673412,46.955435939410414],[-71.26194061281788,46.91611968121933],[-71.24653926765764,46.87970421761652],[-71.16999200133301,46.902448340768956],[-71.1335962760789,46.88135592567328],[-71.16790419386479,46.84407538176563],[-71.08006240273654,46.83959515618693],[-71.0042641273492,46.84993376849985],[-70.81621345034837,46.930314239965405],[-70.69807829117443,47.01888237885441],[-70.67175286367738,47.070471581052075],[-70.46816323835786,47.213711203255706],[-70.46422036428183,47.26032870181769],[-70.43077987826989,47.28277971549086],[-70.31076814663113,47.32171799374938],[-70.14627320962614,47.45683932369323],[-70.08899897384867,47.5420203945638],[-69.94287951001479,47.632613298946666],[-69.87538338923757,47.697873328945384],[-69.71967791818983,47.89159810557821],[-69.61043644957039,48.00007908313375],[-69.53633729988762,48.05613266801165],[-69.70259164006089,48.12731364457126],[-69.84235954954079,48.15430676767578],[-69.87082383513585,48.18161342309786],[-69.95674838959529,48.05749290600613],[-70.17230499351987,48.124758266289916],[-70.25939834749317,48.000011931792805],[-70.91385663838439,47.99990937227477],[-71.4083872118715,48.000075560090195]]]},"properties":{"FED_NUM":24051,"ED_NAMEE":"Montmorency—Charlevoix","province_code":"QC"}},
{"type":"Feature","geometry":{"type":"Polygon","coordinates":[[[-71.49207449151069,46.80264125379152],[-71.42284371423732,46.75473967718823],[-71.35982205637617,46.73076008037228],[-71.25001572361862,46.76231044889079],[-71.24455144747567,46.76572608013678],[-71.26849450130369,46.794649111578536],[-71.33463882963451,46.79583604760052],[-71.42013434414245,46.82782008707355],[-71.49207449151069,46.80264125379152]]]},"properties":{"FED_NUM":24043,"ED_NAMEE":"Louis-Hébert","province_code":"QC"}},
{"type":"Feature","geometry":{"type":"Polygon","coordinates":[[[-73.83760366382505,45.58088401880281],[-73.80878211156569,45.554504313457564],[-73.7165443503744,45.59256237153433],[-73.75361933423405,45.661329008722646],[-73.76784545152508,45.64872150336592],[-73.83760366382505,45.58088401880281]]]},"properties":{"FED_NUM":24045,"ED_NAMEE":"Marc-Aurèle-Fortin","province_code":"QC"}},
{"type":"Feature","geometry":{"type":"Polygon","coordinates":[[[-73.58240973028926,45.513665136978155],[-73.59190263066792,45.533482039721584],[-73.61703941250079,45.52769219079039],[-73.6205372874656,45.52354921801273],[-73.62478822666182,45.48862603361582],[-73.59507060500573,45.503651579909395],[-73.58240973028926,45.513665136978155]]]},"properties":{"FED_NUM":24053,"ED_NAMEE":"Outremont","province_code":"QC"}},
{"type":"Feature","geometry":{"type":"Polygon","coordinates":[[[-73.6490190307005,45.530139505434434],[-73.68314691957185,45.46481944023637],[-73.66824019836312,45.45660720438279],[-73.62478822666182,45.48862603361582],[-73.6205372874656,45.52354921801273],[-73.6490190307005,45.530139505434434]]]},"properties":{"FED_NUM":24048,"ED_NAMEE":"Mount Royal","province_code":"QC"}},
{"type":"Feature","geometry":{"type":"Polygon","coordinates":[[[-73.26513298241395,45.55844930968109],[-73.27639438668609,45.593331030038165],[-73.3396513849381,45.64527595848101],[-73.38343937958126,45.6084485253266],[-73.36016044829803,45.589978863057645],[-73.39014496732491,45.537363734843],[-73.41966400283933,45.48254841467298],[-73.3799495783276,45.432982694675644],[-73.38665189964665,45.413199943327086],[-73.34868925384009,45.386088713202305],[-73.30834339519767,45.40613116858152],[-73.23175042778006,45.53506003076266],[-73.26513298241395,45.55844930968109]]]},"properties":{"FED_NUM":24049,"ED_NAMEE":"Mont-Saint-Bruno—L’Acadie","province_code":"QC"}},
{"type":"Feature","geometry":{"type":"Polygon","coordinates":[[[-73.66824019836312,45.45660720438279],[-73.6325764768722,45.449729117323244],[-73.59865967126089,45.46727612026602],[-73.59507060500573,45.503651579909395],[-73.62478822666182,45.48862603361582],[-73.66824019836312,45.45660720438279]]]},"properties":{"FED_NUM":24052,"ED_NAMEE":"Notre-Dame-de-Grâce—Westmount","province_code":"QC"}},
{"type":"Feature","geometry":{"type":"Polygon","coordinates":[[[-73.6490190307005,45.530139505434434],[-73.6205372874656,45.52354921801273],[-73.61703941250079,45.52769219079039],[-73.58728416773107,45.56500950574276],[-73.58715033837632,45.56641527167145],[-73.62177172942418,45.55504935054616],[-73.64816903230104,45.53142604804429],[-73.6490190307005,45.530139505434434]]]},"properties":{"FED_NUM":24054,"ED_NAMEE":"Papineau","province_code":"QC"}},
{"type":"Feature","geometry":{"type":"Polygon","coordinates":[[[-73.47361694222867,45.7004092607826],[-73.47303265886288,45.64188240712297],[-73.50057442313569,45.588376133096],[-73.39014496732491,45.537363734843],[-73.36016044829803,45.589978863057645],[-73.38343937958126,45.6084485253266],[-73.3396513849381,45.64527595848101],[-73.27639438668609,45.593331030038165],[-73.26513298241395,45.55844930968109],[-73.22514109190624,45.60325240068788],[-73.17898698206783,45.624565966779954],[-73.1302129372009,45.5892093888474],[-73.09878517389615,45.6144347299104],[-73.11499135324466,45.69275240391503],[-73.05902306906086,45.74823567135448],[-73.12359389446544,45.81798008384608],[-73.20387871012223,45.87540224063226],[-73.16487428582379,45.968836617279536],[-73.18577979351258,45.98437783484242],[-73.24316072362952,45.88627782532599],[-73.31720044442888,45.80847261686333],[-73.39432996995889,45.780530070180426],[-73.47361694222867,45.7004092607826]]]},"properties":{"FED_NUM":24055,"ED_NAMEE":"Pierre-Boucher—Les Patriotes—Verchères","province_code":"QC"}},
{"type":"Feature","geometry":{"type":"Polygon","coordinates":[[[-73.90106651858993,45.52530860782599],[-73.95384548997133,45.47874222969085],[-73.84639065146123,45.46254541436483],[-73.79467190649787,45.4818268438706],[-73.76792367156446,45.49451221657049],[-73.75568305275547,45.50640605060648],[-73.76370986734197,45.511898138256235],[-73.8953661015672,45.526582601462714],[-73.90106651858993,45.52530860782599]]]},"properties":{"FED_NUM":24056,"ED_NAMEE":"Pierrefonds—Dollard","province_code":"QC"}},
{"type":"Feature","geometry":{"type":"Polygon","coordinates":[[[-77.93121710396356,47.269687598611064],[-77.85837230878707,47.23628211002228],[-77.82794440461483,47.06015519283263],[-77.84270870342192,46.940774011269326],[-77.87313521160033,46.90449959499422],[-77.88318959971117,46.82176408739188],[-77.82351861895054,46.81702689863502],[-77.83804780556143,46.77405239895643],[-77.81929438892905,46.705850887828106],[-77.85668699433234,46.641343785644466],[-77.78545641802205,46.6024401885484],[-77.76106095277355,46.51197980009721],[-77.77635986178413,46.45285267519153],[-77.74174729976022,46.4048896365],[-77.80238123086481,46.364450529554176],[-77.8536841259906,46.27734836210362],[-77.8501676021064,46.207969685978625],[-77.69780869227323,46.18293064007306],[-77.67499428851262,46.19849738414215],[-77.56608271063126,46.15922059111117],[-77.27633418142676,46.00853964990737],[-77.27840407101417,45.94888964492987],[-77.19032721643869,45.86386084693222],[-77.08155834183533,45.835582962243514],[-76.98497879698046,45.78607724665182],[-76.91199668388747,45.80967082605183],[-76.92757515407399,45.89225487822043],[-76.89483860077482,45.89814617625939],[-76.77872544559709,45.87135264716154],[-76.76575920899657,45.810989489542656],[-76.76959413776049,45.73349903171474],[-76.70359781281681,45.720809902069945],[-76.71194453958196,45.665482258414805],[-76.67028904372368,45.62580983282161],[-76.6592749466491,45.56072605901657],[-76.60374500202188,45.53218129778637],[-76.43351663220739,45.4920761419072],[-76.36174370369135,45.45709459719577],[-76.29621681486715,45.4645315628148],[-76.24508393215224,45.46860894119558],[-76.20100638900729,45.51887913515099],[-76.08987718683801,45.51385244538715],[-75.98716460661814,45.4796453086377],[-75.93111780127657,45.43183325083371],[-75.89518509822274,45.40163468695284],[-75.80789796514497,45.41562897361963],[-75.77527299839512,45.48659990208204],[-75.74872939846553,45.487142604234926],[-75.68369102358655,45.55057687629657],[-75.69856962194531,45.639090272690304],[-75.81597847185148,45.62201734227841],[-75.83201540418617,45.77723160008309],[-75.72481727444466,45.784547148889075],[-75.7379794981685,45.91403871174036],[-75.78036087456414,45.96423073436396],[-75.76469438874184,46.022583502270216],[-75.76876095327871,46.175050507056795],[-75.80577840280893,46.18470249504583],[-75.81324123471916,46.22846788595196],[-75.78472283717588,46.28514663513085],[-75.70647624660927,46.30861827939128],[-75.70582159060214,46.4383163553198],[-75.74511711863538,46.438258003581375],[-75.75015086484252,46.83902655215175],[-75.81433633854913,46.838882246570925],[-75.87747664453869,46.81350769667037],[-75.95323433709036,46.86920915085036],[-76.03603228327577,46.88934983248953],[-76.13768427835987,46.93745720343077],[-76.10786879950369,47.02605679932828],[-76.09185464909285,47.19104256395525],[-76.02261450888203,47.193664620135344],[-75.9675344870472,47.21295239718931],[-75.83856250624841,47.310277466151724],[-75.79709583113946,47.31714214691678],[-75.71235385808191,47.26894104800305],[-75.64853661793242,47.282623001899665],[-75.62233553859988,47.22824442220728],[-75.55909060356154,47.20755050842334],[-75.4675984828828,47.29193137972739],[-75.45962744069166,47.36925250233886],[-75.38904362008311,47.42792711876742],[-75.3678930216656,47.48545509198004],[-75.30852184064445,47.546540571022604],[-75.36480421631802,47.577443772664594],[-75.369539410412,47.62719620175386],[-75.41936970854171,47.62966213338887],[-75.45628784606572,47.67259716375449],[-75.5226366348204,47.70995242902249],[-75.52234980573854,47.764162088911156],[-75.52045724342801,47.846332142737324],[-75.72488174264787,47.84794944904635],[-75.76776796461434,47.82051659700141],[-75.79089173972943,47.695414525649426],[-75.84989996604624,47.711771006225455],[-75.83182487317356,47.766987009493015],[-75.86522149927438,47.80057179760084],[-75.9355568817806,47.8000217020909],[-76.02109698509443,47.723819002386776],[-76.23737158029655,47.72153140815019],[-76.30725099384843,47.66637789556292],[-76.45180411812179,47.62882249031316],[-76.4096520229006,47.56087344377329],[-76.42422667372176,47.51295282470402],[-76.57344931657529,47.60082675474791],[-76.5752135051045,47.28801119832894],[-77.00294301137232,47.28918863572815],[-77.00371361301555,47.14546061934298],[-77.43365642989953,47.14498191795826],[-77.43169474487829,47.289131079855295],[-77.64641484305714,47.2892173623987],[-77.6471026467029,47.269498669893494],[-77.93121710396356,47.269687598611064]]]},"properties":{"FED_NUM":24057,"ED_NAMEE":"Pontiac—Kitigan Zibi","province_code":"QC"}},
{"type":"Feature","geometry":{"type":"Polygon","coordinates":[[[-71.89256064159353,47.77256562283341],[-72.23844304323005,47.53684298711065],[-72.14564787180579,47.39958030182715],[-72.2013488454834,47.360657054134904],[-72.23954133317653,47.289455482344195],[-72.28505513003995,47.26558625179569],[-72.32238178522549,47.283845398458816],[-72.42689706778486,47.29985150785981],[-72.40076261296247,47.35376951721187],[-72.44527031528443,47.3866675834647],[-72.47214715166264,47.33498170910471],[-72.5475683446124,47.30966880084661],[-72.54719714345539,47.204104495575834],[-72.51882541417359,47.14667343926452],[-72.44231264765101,47.14432360387406],[-72.37152567627581,47.10173213605605],[-72.43620450541016,47.05726411068342],[-72.1688536972231,46.87485233681251],[-72.22868265116561,46.835171456787755],[-72.27153411740026,46.84658247235802],[-72.39317118108676,46.79210575523825],[-72.08144371704445,46.57002546400694],[-72.05669321309814,46.57198062247719],[-71.91802299622448,46.638011463622014],[-71.88531204616673,46.6725732518186],[-71.78837317893507,46.653115484575025],[-71.6712369136924,46.65294630866605],[-71.4662518747212,46.71231998105935],[-71.35982205637617,46.73076008037228],[-71.42284371423732,46.75473967718823],[-71.49207449151069,46.80264125379152],[-71.54944509452112,46.85107644130751],[-71.50994583972086,46.86320626280374],[-71.43854807072583,46.914640438942506],[-71.44773413323097,46.96903878633497],[-71.37403869476364,46.93261708670818],[-71.3359814673412,46.955435939410414],[-71.36461981422009,46.98388390380405],[-71.28582035109518,47.03325220702858],[-71.20445268972885,47.0491816725831],[-71.17908111260944,47.10180656824694],[-71.2511433837186,47.1538346002992],[-71.43217992516996,47.32715530493548],[-71.45676185937322,47.34269268895987],[-71.89256064159353,47.77256562283341]]]},"properties":{"FED_NUM":24058,"ED_NAMEE":"Portneuf—Jacques-Cartier","province_code":"QC"}},
{"type":"Feature","geometry":{"type":"Polygon","coordinates":[[[-72.30507419581026,46.03299314876351],[-72.28608479302541,46.00058552069954],[-72.32720638043891,45.96863588429965],[-72.26121696345942,45.889599897001844],[-72.22106504937763,45.88954304866004],[-72.13455379962554,45.84136375526572],[-72.09323179404913,45.797095536238146],[-72.20693890826061,45.69609370706904],[-72.23411888247,45.73631154065897],[-72.31083930375775,45.6883643094886],[-72.23717422872907,45.64620720292077],[-72.29884289452758,45.58932074496022],[-72.14887328489705,45.509114565418635],[-72.14637525645024,45.42832210918883],[-72.10531663198083,45.38522883990696],[-72.06670636439587,45.400502009738446],[-72.06848183006713,45.43983331515112],[-71.98740170492813,45.519248963251414],[-71.93258963447079,45.513190206314505],[-71.77528794266982,45.65030558806858],[-71.7092372153849,45.64462980613783],[-71.61184871682302,45.712251588000186],[-71.58549921403979,45.6930722852502],[-71.43667967158947,45.798743349937396],[-71.4678985943265,45.819219777722914],[-71.45509004078586,45.87267638064145],[-71.56273241958938,45.90653708624203],[-71.68611792237309,45.96670782583145],[-71.62573227717382,46.02505841890316],[-71.68853026033754,46.07468781061411],[-71.81711791139877,46.13886623458182],[-71.91319855673518,46.100308814322474],[-71.96227216530549,46.09538524741256],[-71.97152227188995,46.13540247954753],[-71.949887355519,46.201261547747364],[-71.98613914586652,46.24692570144922],[-71.94134474997853,46.25873812973829],[-71.89168968172768,46.326629162361435],[-71.94480598708824,46.29295699377429],[-72.01549904571424,46.30521961103621],[-72.08212040295984,46.250302150524746],[-72.11897542018234,46.26145408225957],[-72.17745465985739,46.220937523781195],[-72.1863030780484,46.194554603833424],[-72.16286569645796,46.122812655040015],[-72.30507419581026,46.03299314876351]]]},"properties":{"FED_NUM":24061,"ED_NAMEE":"Richmond—Arthabaska","province_code":"QC"}},
{"type":"Feature","geometry":{"type":"Polygon","coordinates":[[[-68.22853847069574,48.870924684961835],[-68.45892669131872,48.74110161423373],[-68.9323108694165,48.500172269660716],[-69.38885710925362,48.16744669783585],[-69.24459797937217,48.06796793624413],[-69.27592444041667,48.03715231009705],[-69.2066201050017,47.98918533227119],[-69.16553283451157,48.01760492491386],[-69.11385659876757,47.98287386971243],[-69.15130629920293,47.93504820587391],[-69.16852198744651,47.87648801662044],[-69.11622616481755,47.85762339011812],[-68.99229543857976,47.955760163174446],[-68.95072354273229,47.89474577807414],[-68.85026551300004,47.8953470410226],[-68.71361491760743,47.98802621924849],[-68.74477257699827,48.00912396463653],[-68.65942513174876,48.06577265157108],[-68.38262282125918,47.88004844815157],[-68.3823341832113,47.91611694552059],[-68.12279292973662,47.916442195744835],[-68.12259196754987,47.999745808509275],[-67.5965026397522,47.998064271128264],[-67.58739494006102,48.04938064978265],[-67.64955592098862,48.081286497901566],[-67.66087741380025,48.11911973266934],[-67.37501079627489,48.19530945175397],[-67.27786704224961,48.03192162851916],[-67.09720645854337,48.085455427713285],[-66.88363829486028,48.136198553883226],[-66.94267920508754,48.178185749194476],[-66.90715940939234,48.197689369265085],[-66.9754051512425,48.30266964728455],[-66.74944655371398,48.36407932881403],[-66.1856639550506,48.50643989788228],[-65.9490820749691,48.56781033434335],[-66.0983155194288,48.66816322329829],[-66.28270249157367,48.62230205503368],[-66.54361833647187,48.79483452860951],[-66.57663638926279,48.742161803888564],[-66.74004627646627,48.67500619516251],[-66.85508414029805,48.662223987234206],[-66.84179536942736,48.6175569283323],[-66.92733641127477,48.601327097643825],[-67.00718768205753,48.56984861871046],[-67.07426964661138,48.580271052219665],[-67.13161751473058,48.542233418144896],[-67.30250302720562,48.62559107537089],[-67.42294942156478,48.70019823035216],[-67.53644162468254,48.61573002937325],[-67.60620980677827,48.62436249205284],[-67.76098546278277,48.7153834168795],[-67.7916192387977,48.71606521416937],[-67.86780694802877,48.65880238606625],[-67.9263058006239,48.68125127118398],[-68.20497796650778,48.83978801174517],[-68.22853847069574,48.870924684961835]]]},"properties":{"FED_NUM":24062,"ED_NAMEE":"Rimouski—La Matapédia","province_code":"QC"}},
{"type":"Feature","geometry":{"type":"Polygon","coordinates":[[[-73.86390910104922,45.64373353660745],[-73.92030056647295,45.633858664514705],[-73.9810450882755,45.602048983302495],[-73.97855524968655,45.56027689653901],[-73.92532394052176,45.56243882199732],[-73.90106651858993,45.52530860782599],[-73.8953661015672,45.526582601462714],[-73.88451200187829,45.55862647091602],[-73.83760366382505,45.58088401880281],[-73.76784545152508,45.64872150336592],[-73.82562794280075,45.63070411659128],[-73.86390910104922,45.64373353660745]]]},"properties":{"FED_NUM":24063,"ED_NAMEE":"Rivière-des-Mille-Îles","province_code":"QC"}},
{"type":"Feature","geometry":{"type":"Polygon","coordinates":[[[-73.80677512143886,45.820839715899],[-73.9016035771173,45.885400454500406],[-74.03304743246696,45.84801504705959],[-74.12613377135557,45.8314415076925],[-74.10495419394296,45.78957108211841],[-74.0521096878052,45.75782337448818],[-74.03077365554411,45.74363687138128],[-73.94755008367298,45.78940606554045],[-73.85001125061603,45.724068513709895],[-73.84646376154724,45.721762327595314],[-73.76476237694379,45.71277836362546],[-73.73069974925095,45.75431883562869],[-73.80677512143886,45.820839715899]]]},"properties":{"FED_NUM":24064,"ED_NAMEE":"Rivière-du-Nord","province_code":"QC"}},
{"type":"Feature","geometry":{"type":"Polygon","coordinates":[[[-71.2788550764179,46.83094777928341],[-71.33463882963451,46.79583604760052],[-71.26849450130369,46.794649111578536],[-71.24455144747567,46.76572608013678],[-71.1884504579896,46.825884538822166],[-71.26250988636484,46.83547130063907],[-71.2788550764179,46.83094777928341]]]},"properties":{"FED_NUM":24059,"ED_NAMEE":"Québec Centre","province_code":"QC"}},
{"type":"Feature","geometry":{"type":"Polygon","coordinates":[[[-73.44733691257792,45.87286480771542],[-73.44455927864176,45.85176418752268],[-73.5241702465303,45.81401402117353],[-73.52947950447172,45.75423463184757],[-73.49723433112372,45.70474390513297],[-73.47361694222867,45.7004092607826],[-73.39432996995889,45.780530070180426],[-73.41600521379324,45.79546241250714],[-73.38631174533923,45.843368776419666],[-73.34483386528493,45.87134436384382],[-73.39204338648767,45.90523480277788],[-73.44733691257792,45.87286480771542]]]},"properties":{"FED_NUM":24060,"ED_NAMEE":"Repentigny","province_code":"QC"}},
{"type":"Feature","geometry":{"type":"Polygon","coordinates":[[[-73.58728416773107,45.56500950574276],[-73.61703941250079,45.52769219079039],[-73.59190263066792,45.533482039721584],[-73.55924009611007,45.539871029355155],[-73.58728416773107,45.56500950574276]]]},"properties":{"FED_NUM":24065,"ED_NAMEE":"Rosemont—La Petite-Patrie","province_code":"QC"}},
{"type":"Feature","geometry":{"type":"Polygon","coordinates":[[[-73.12359389446544,45.81798008384608],[-73.05902306906086,45.74823567135448],[-73.11499135324466,45.69275240391503],[-73.09878517389615,45.6144347299104],[-73.1302129372009,45.5892093888474],[-73.0625120287036,45.53831090342127],[-73.07263307252857,45.475952639198184],[-72.95808831586785,45.47501232935303],[-72.92499871198969,45.45237313126073],[-72.860739919087,45.47776501705883],[-72.81719959565467,45.472755198098824],[-72.77316290455772,45.52506150030949],[-72.69084718854529,45.523846725588534],[-72.60701484831132,45.53762450419684],[-72.58637355630103,45.498475600460694],[-72.44863319492292,45.49426049901529],[-72.4546789864409,45.4508728072693],[-72.40389188822726,45.44919725111303],[-72.40232496263947,45.52826357894675],[-72.3435958214452,45.59843729002926],[-72.31440104755349,45.59707233841811],[-72.5779392198362,45.752514368885564],[-72.70444443271444,45.75911127657629],[-72.85261328415274,45.86438382431799],[-72.85440222472468,45.878002804405966],[-72.89844129223773,45.90799327955557],[-72.93492361615638,45.87171520692921],[-73.05934054516152,45.88909418225278],[-73.12359389446544,45.81798008384608]]]},"properties":{"FED_NUM":24066,"ED_NAMEE":"Saint-Hyacinthe—Bagot—Acton","province_code":"QC"}},
{"type":"Feature","geometry":{"type":"Polygon","coordinates":[[[-73.38665189964665,45.413199943327086],[-73.40842818829583,45.328903584698125],[-73.36974095879317,45.3117622181113],[-73.38572390297301,45.25724388755688],[-73.3518703899344,45.23428277182034],[-73.35626671417812,45.13232688584139],[-73.39979750135234,45.10742864672507],[-73.39106213126085,45.04245215636961],[-73.41070972566378,45.009788574616955],[-73.34362256133655,45.01070828747083],[-73.31987961809402,45.082472399361464],[-73.25322162352664,45.13457889299069],[-73.22901999037177,45.185631684373796],[-73.13154406304486,45.20598986848858],[-73.091588429412,45.196402123993096],[-73.0498802627148,45.26705356585914],[-73.04886019103236,45.32531562207438],[-72.9948131555044,45.33756677825493],[-73.04527320238859,45.38587102902263],[-73.08783510119096,45.355696532985526],[-73.15968783039705,45.37766231510609],[-73.22001828841647,45.362063206879476],[-73.30834339519767,45.40613116858152],[-73.34868925384009,45.386088713202305],[-73.38665189964665,45.413199943327086]]]},"properties":{"FED_NUM":24067,"ED_NAMEE":"Saint-Jean","province_code":"QC"}},
{"type":"Feature","geometry":{"type":"Polygon","coordinates":[[[-73.76792367156446,45.49451221657049],[-73.68314691957185,45.46481944023637],[-73.6490190307005,45.530139505434434],[-73.64816903230104,45.53142604804429],[-73.75568305275547,45.50640605060648],[-73.76792367156446,45.49451221657049]]]},"properties":{"FED_NUM":24068,"ED_NAMEE":"Saint-Laurent","province_code":"QC"}},
{"type":"Feature","geometry":{"type":"Polygon","coordinates":[[[-73.64533369916433,45.56481888801831],[-73.62177172942418,45.55504935054616],[-73.58715033837632,45.56641527167145],[-73.56762897302877,45.59035277455441],[-73.60888439447658,45.60846706725746],[-73.64533369916433,45.56481888801831]]]},"properties":{"FED_NUM":24069,"ED_NAMEE":"Saint-Léonard—Saint-Michel","province_code":"QC"}},
{"type":"Feature","geometry":{"type":"Polygon","coordinates":[[[-74.44389030549017,48.9292815568637],[-74.5154686671143,49.00001876580802],[-74.58286985488196,48.96323153417955],[-74.63050221487794,48.96624997471034],[-74.67628161310267,49.00006720147147],[-75.52506216655979,49.0000291530632],[-75.52045724342801,47.846332142737324],[-75.52234980573854,47.764162088911156],[-75.3924997265815,47.7619309304726],[-74.88863101004229,47.76085464516703],[-74.7129294775685,47.642337721695306],[-74.65595593084291,47.618033553212946],[-74.58262888883225,47.54359400291562],[-74.5060635232887,47.49905625965782],[-74.42674689615538,47.50691838909873],[-74.4507627052785,47.46406768762875],[-73.91576112683205,47.099617164186775],[-73.85796349248008,47.14187915201567],[-73.77792739855198,47.08643211530659],[-73.67655655743283,46.97348615733488],[-73.67406836910631,46.87474441304776],[-73.54532391445336,46.86596093022793],[-73.51369885864212,46.89690815827612],[-73.46009354926673,46.90761885441549],[-73.41971070922715,46.88532513890957],[-73.31225274478633,46.8706302937391],[-73.24421636090844,46.8824706525712],[-73.20711973465437,46.84395310988635],[-73.13345354478052,46.832549465654814],[-73.13300326476283,46.78904441106634],[-73.17913489491302,46.750947757813066],[-73.10966190433305,46.70422097181801],[-73.06370273867272,46.706273608847795],[-73.03331991295377,46.65361214543094],[-72.98820830124532,46.682859151520645],[-72.99529281173295,46.745530659230454],[-72.90998038872131,46.72393817245271],[-72.85078989410067,46.633623665874694],[-72.87027765135717,46.62067622631551],[-72.76642906750605,46.54612514232367],[-72.77542387603758,46.48053601320208],[-72.70436044745264,46.42411452374933],[-72.60685894184283,46.376362090227786],[-72.5377919189638,46.398086610268834],[-72.48050702126046,46.367877002052815],[-72.46112822083948,46.38349795338784],[-72.28255626649315,46.42839301826864],[-72.25154080962018,46.44332130509344],[-72.2283546063488,46.500415224337154],[-72.18308090508408,46.54645993776545],[-72.08144371704445,46.57002546400694],[-72.39317118108676,46.79210575523825],[-72.27153411740026,46.84658247235802],[-72.22868265116561,46.835171456787755],[-72.1688536972231,46.87485233681251],[-72.43620450541016,47.05726411068342],[-72.37152567627581,47.10173213605605],[-72.44231264765101,47.14432360387406],[-72.51882541417359,47.14667343926452],[-72.54719714345539,47.204104495575834],[-72.5475683446124,47.30966880084661],[-72.47214715166264,47.33498170910471],[-72.44527031528443,47.3866675834647],[-72.40076261296247,47.35376951721187],[-72.42689706778486,47.29985150785981],[-72.32238178522549,47.283845398458816],[-72.28505513003995,47.26558625179569],[-72.23954133317653,47.289455482344195],[-72.2013488454834,47.360657054134904],[-72.14564787180579,47.39958030182715],[-72.23844304323005,47.53684298711065],[-71.89256064159353,47.77256562283341],[-72.0739319320478,47.950241155319425],[-72.1232037757016,47.99927931354968],[-73.01640527535614,47.99872265365388],[-74.44389030549017,48.9292815568637]]]},"properties":{"FED_NUM":24070,"ED_NAMEE":"Saint-Maurice—Champlain","province_code":"QC"}},
{"type":"Feature","geometry":{"type":"Polygon","coordinates":[[[-73.15968783039705,45.37766231510609],[-73.08783510119096,45.355696532985526],[-73.04527320238859,45.38587102902263],[-72.9948131555044,45.33756677825493],[-72.8823784095505,45.264552970384415],[-72.85072678095008,45.29898914223161],[-72.78442261620162,45.299864223649394],[-72.76205560403898,45.34143581639216],[-72.6215022152439,45.333325064708134],[-72.58799365784901,45.307314950437366],[-72.46271137800882,45.30743532609319],[-72.46302090620772,45.37517819925228],[-72.24885189132844,45.374648558113186],[-72.23762712241493,45.44976447347831],[-72.14637525645024,45.42832210918883],[-72.14887328489705,45.509114565418635],[-72.29884289452758,45.58932074496022],[-72.31440104755349,45.59707233841811],[-72.3435958214452,45.59843729002926],[-72.40232496263947,45.52826357894675],[-72.40389188822726,45.44919725111303],[-72.4546789864409,45.4508728072693],[-72.44863319492292,45.49426049901529],[-72.58637355630103,45.498475600460694],[-72.60701484831132,45.53762450419684],[-72.69084718854529,45.523846725588534],[-72.77316290455772,45.52506150030949],[-72.81719959565467,45.472755198098824],[-72.860739919087,45.47776501705883],[-72.92499871198969,45.45237313126073],[-72.95808831586785,45.47501232935303],[-73.07263307252857,45.475952639198184],[-73.12036681954025,45.40311262029614],[-73.15968783039705,45.37766231510609]]]},"properties":{"FED_NUM":24071,"ED_NAMEE":"Shefford","province_code":"QC"}},
{"type":"Feature","geometry":{"type":"Polygon","coordinates":[[[-63.047645211940804,46.42677555830703],[-63.018591387398075,46.32960409832428],[-63.07368023227371,46.26454213372872],[-63.13634820618861,46.217143511642846],[-63.099721130400766,46.079018667283236],[-63.14620915001361,46.01520465142487],[-63.10485630660613,46.00312833874278],[-62.97023249080884,45.90773919480346],[-62.912010538053316,45.88521317880801],[-62.75440742622557,45.85833050333942],[-62.50000001355947,45.86127181414952],[-62.50000000919882,45.968496483202934],[-62.44117033014749,45.99790667520556],[-62.2583847255645,46.25157483061615],[-61.99248966706035,46.417859554825846],[-61.95499297712737,46.457011877476205],[-62.02908561692976,46.484605239669634],[-62.17056894103871,46.490165530217],[-62.393495046578195,46.47566418092399],[-62.48112429638279,46.4802522723034],[-62.647387495221686,46.46810744273069],[-62.802775434027794,46.43921020651866],[-62.93678934443245,46.44104577427334],[-63.047645211940804,46.42677555830703]]]},"properties":{"FED_NUM":11001,"ED_NAMEE":"Cardigan","province_code":"PE"}},
{"type":"Feature","geometry":{"type":"Polygon","coordinates":[[[-63.07368023227371,46.26454213372872],[-63.10064734867645,46.301019437305115],[-63.19627228708061,46.27649136990341],[-63.13634820618861,46.217143511642846],[-63.07368023227371,46.26454213372872]]]},"properties":{"FED_NUM":11002,"ED_NAMEE":"Charlottetown","province_code":"PE"}},
{"type":"Feature","geometry":{"type":"Polygon","coordinates":[[[-63.69216666749352,46.57738098772427],[-63.845501142264375,46.653046146663364],[-63.97814731997627,46.74539029176384],[-63.972759564817224,47.06596779634625],[-64.00204972591278,47.065460618618744],[-64.06987395668041,47.011613944127404],[-64.23065155601991,46.913021838401605],[-64.3082584150826,46.81467376386423],[-64.38859674058318,46.758659249187296],[-64.44601613054753,46.67965637533108],[-64.42805127153969,46.60248768747572],[-64.21255717706894,46.59151020696871],[-64.10340635816854,46.56590253863041],[-64.16775073924299,46.39863412174871],[-64.0037937829881,46.37399630456313],[-63.94174423949024,46.33583361502019],[-63.872056913788015,46.31500986679279],[-63.80241990030524,46.27521324489872],[-63.688757300907156,46.318840314311174],[-63.71299800517071,46.361977492788256],[-63.69577150566509,46.39651731277753],[-63.74621030634755,46.43046120518591],[-63.80047057806716,46.50100975971527],[-63.8052177225551,46.53721311500002],[-63.76977049151938,46.56150511243102],[-63.69216666749352,46.57738098772427]]]},"properties":{"FED_NUM":11003,"ED_NAMEE":"Egmont","province_code":"PE"}},
{"type":"Feature","geometry":{"type":"Polygon","coordinates":[[[-63.69216666749352,46.57738098772427],[-63.76977049151938,46.56150511243102],[-63.8052177225551,46.53721311500002],[-63.80047057806716,46.50100975971527],[-63.74621030634755,46.43046120518591],[-63.69577150566509,46.39651731277753],[-63.71299800517071,46.361977492788256],[-63.688757300907156,46.318840314311174],[-63.80241990030524,46.27521324489872],[-63.74911911858622,46.22954637347307],[-63.61471161123834,46.09309699174918],[-63.579253310208365,46.10018761880943],[-63.33069973721598,46.06821074550468],[-63.14620915001361,46.01520465142487],[-63.099721130400766,46.079018667283236],[-63.13634820618861,46.217143511642846],[-63.19627228708061,46.27649136990341],[-63.10064734867645,46.301019437305115],[-63.07368023227371,46.26454213372872],[-63.018591387398075,46.32960409832428],[-63.047645211940804,46.42677555830703],[-63.076345844815954,46.423777100798596],[-63.190989638708274,46.46869598450498],[-63.33123590025607,46.5088538090611],[-63.41574068150547,46.5194455500379],[-63.598260312208495,46.5775212703379],[-63.69216666749352,46.57738098772427]]]},"properties":{"FED_NUM":11004,"ED_NAMEE":"Malpeque","province_code":"PE"}},
{"type":"Feature","geometry":{"type":"Polygon","coordinates":[[[-71.82102520889974,45.43107105037541],[-71.82221931605702,45.453202066166035],[-71.95696723929946,45.439934706980864],[-71.98489452826534,45.40912192346644],[-71.96396365746153,45.35018894937903],[-71.89378736029096,45.38162053121217],[-71.81951942418813,45.394892273742144],[-71.82102520889974,45.43107105037541]]]},"properties":{"FED_NUM":24072,"ED_NAMEE":"Sherbrooke","province_code":"QC"}},
{"type":"Feature","geometry":{"type":"Polygon","coordinates":[[[-73.80677512143886,45.820839715899],[-73.73069974925095,45.75431883562869],[-73.76476237694379,45.71277836362546],[-73.84646376154724,45.721762327595314],[-73.74507631086622,45.668482397187645],[-73.68083786291258,45.69420909724077],[-73.59831216934519,45.68933488059325],[-73.52387253251808,45.69922319161125],[-73.50870250939927,45.70235109699692],[-73.49723433112372,45.70474390513297],[-73.52947950447172,45.75423463184757],[-73.58942302642417,45.71720264678081],[-73.6692006609352,45.72677203238182],[-73.69948340791635,45.74700396798894],[-73.68731891700114,45.794766224265025],[-73.80677512143886,45.820839715899]]]},"properties":{"FED_NUM":24073,"ED_NAMEE":"Terrebonne","province_code":"QC"}},
{"type":"Feature","geometry":{"type":"Polygon","coordinates":[[[-73.85001125061603,45.724068513709895],[-73.92567298059294,45.68530536668779],[-73.86390910104922,45.64373353660745],[-73.82562794280075,45.63070411659128],[-73.76784545152508,45.64872150336592],[-73.75361933423405,45.661329008722646],[-73.74507631086622,45.668482397187645],[-73.84646376154724,45.721762327595314],[-73.85001125061603,45.724068513709895]]]},"properties":{"FED_NUM":24074,"ED_NAMEE":"Thérèse-De Blainville","province_code":"QC"}},
{"type":"Feature","geometry":{"type":"Polygon","coordinates":[[[-52.65531819489848,47.56310142796541],[-52.74825148254555,47.560774896541],[-52.8218916053785,47.535707312772466],[-52.91509432013577,47.55339538369521],[-52.916062892364955,47.50625924531693],[-52.830495310442664,47.511404498699164],[-52.72115397810755,47.48190382027921],[-52.72106798968916,47.46588690640923],[-52.62181671010157,47.43740249118901],[-52.58229582169128,47.500811101353],[-52.65531819489848,47.56310142796541]]]},"properties":{"FED_NUM":10002,"ED_NAMEE":"Cape Spear","province_code":"NL"}},
{"type":"Feature","geometry":{"type":"Polygon","coordinates":[[[-55.50000000248763,50.53765191639328],[-56.073989681921084,50.395824139645406],[-56.29323064807422,50.2483238726711],[-56.438048404125595,50.115980412837146],[-56.660498622472794,49.82709523580395],[-56.738138365076466,49.74405896166464],[-56.792494095487974,49.63499674264918],[-56.7909340994489,49.611960806648206],[-56.84771688250624,49.504918461747],[-56.99316300913619,48.96360741678519],[-57.240750696275995,48.58078349616757],[-57.52013933787572,47.84341513002357],[-56.774227724490785,47.65157357249459],[-56.74689207471686,47.59969788675968],[-56.43873607066898,47.43927942475689],[-56.07208758560872,47.34117474063583],[-55.99704608952706,47.31634260283044],[-55.997907611503315,47.216566170250424],[-55.79225738661721,47.22133268676693],[-55.467579296225445,47.35936084290607],[-55.228635233825244,47.4657771351849],[-55.10965239889761,47.56718654471604],[-55.09909343183167,47.61466999579852],[-55.03008915207878,47.68018098755458],[-54.94086492531332,47.791591448034865],[-54.3213690982277,48.814226501565884],[-54.318991106943756,48.8546714079318],[-54.21515804599578,48.93977576649843],[-54.31588386437224,49.32678201496875],[-54.45493172806882,49.33005712695658],[-54.43523250084448,49.476829386323836],[-54.16738739712785,49.49947693614485],[-53.84982069725535,49.683928081928435],[-53.706041884861015,49.749604402240166],[-53.53320443879564,49.90549867095817],[-54.001415728075926,49.946401393875306],[-54.502084104640964,49.9656928275646],[-55.03404468630848,49.94692168454602],[-55.36970535461256,49.89396437617867],[-55.33305449710336,50.00007025438812],[-55.499999996456545,50.00000227527915],[-55.50000000248763,50.53765191639328]]]},"properties":{"FED_NUM":10003,"ED_NAMEE":"Central Newfoundland","province_code":"NL"}},
{"type":"Feature","geometry":{"type":"Polygon","coordinates":[[[-63.9958988073089,60.00000395710841],[-64.07252146728224,60.059356432789514],[-64.1386278406627,60.17216979975858],[-64.18486956706356,60.37467601437599],[-64.4331000902904,60.377744012654354],[-64.53398458557535,60.34106164476488],[-64.51747589882683,60.30439820187958],[-64.72342587286525,60.291478301512875],[-64.85377782467285,60.26941146186449],[-64.86394126676502,60.228196803110656],[-64.74987957301425,60.188155583779086],[-64.74556250617545,60.16862804621867],[-64.60247105314822,60.16701462173018],[-64.59371586445997,60.1170312731818],[-64.70798684742267,60.08460914463881],[-64.7427139867587,60.056131130305964],[-64.89587553674968,60.06620929326446],[-64.84022843760764,59.9703190769897],[-64.78277649938347,59.980401411857],[-64.73219127727596,59.95052452176699],[-64.6622304620335,59.952553964122615],[-64.64097704952717,59.907448062460254],[-64.74152160062972,59.889298937736285],[-64.82522452920952,59.82560797866778],[-64.76048544967361,59.70655815855312],[-64.89825949014254,59.64178327730603],[-64.83962958358593,59.55334198755025],[-64.76414507291891,59.514868004353595],[-64.67983493043613,59.4469051433882],[-64.58967262503671,59.46618266111804],[-64.43376621240361,59.54197359771055],[-64.32406931040391,59.51277412720615],[-64.51159836477589,59.42297985279446],[-64.53833896675962,59.37078193391539],[-64.49330274791805,59.349576142962476],[-64.54353627482661,59.310435058790304],[-64.48860346888318,59.25711006967175],[-64.52184746056446,59.19674112085862],[-64.47271469843052,59.18039119890589],[-64.49030914093572,59.0990750685208],[-64.31517598856995,59.065629763174485],[-64.26179115452031,59.01295656553329],[-64.38770532323048,59.00618381432929],[-64.46030109112064,58.98151425325612],[-64.57061953985081,59.027274787651926],[-64.6702752112004,59.03861442942588],[-64.6832569310324,59.07469538859631],[-64.77923880788735,59.07495744102695],[-64.86501590226437,59.01540497336811],[-64.82071351239632,58.916892719727194],[-64.73066993038792,58.95078403662892],[-64.65165020089913,58.94375204186285],[-64.55018251993712,58.88745542958054],[-64.45580099018427,58.9082166715118],[-64.33254016408912,58.90456276055512],[-64.23365670918133,58.86411334483185],[-64.2297045684555,58.78364847555771],[-64.17878497502831,58.78903959030708],[-64.13779286316445,58.746166875643915],[-64.069708783911,58.76908619519188],[-64.04533757307291,58.810350373070506],[-63.8121379587254,58.84706279433042],[-63.77768332719866,58.884058759519654],[-63.595341144194315,58.857175760304195],[-63.55078507986677,58.836550116026714],[-63.49215735582922,58.768545213457436],[-63.50679394948665,58.74257462865298],[-63.619283531607884,58.723860622286495],[-63.7543738734814,58.71673706128116],[-63.95025377006223,58.685247329095404],[-64.04722219126714,58.702628471306575],[-64.10792673390011,58.63965068712412],[-64.10494346754028,58.56323000848519],[-64.04693980752353,58.53507082960327],[-63.973578986694676,58.529636084704336],[-63.90736607221652,58.573492087946356],[-63.85819406325023,58.56379764673083],[-63.85869189961414,58.50451440780342],[-63.80785005026312,58.4897461028261],[-63.88111327541137,58.42943966126122],[-63.9865785513278,58.444357918331505],[-64.0225389342977,58.371019215589186],[-64.17222267077578,58.361873267119734],[-64.21777697694944,58.247732199720495],[-64.24750382108967,58.22742144224699],[-64.37356281601913,58.20838059678217],[-64.42173251779367,58.186673666319585],[-64.43309144126655,58.069908092934135],[-64.320507802158,58.061487993155],[-64.25096032508598,58.03871851837881],[-64.20466183561656,57.97362970943545],[-64.11667541154388,57.811139398513085],[-64.07200128989284,57.770020343216835],[-63.99724891398103,57.81207869105599],[-63.938596251970274,57.788551008977294],[-63.88342166302802,57.71260734521766],[-63.84747641907606,57.719022897767026],[-63.735290898409225,57.66280188104433],[-63.59677043641736,57.74124765034391],[-63.59872732435428,57.66384048040675],[-63.64995148741761,57.62006389022519],[-63.77191590578982,57.59244977159847],[-63.75116860638221,57.53574357246077],[-63.7752213835389,57.49357279475173],[-63.76126085945319,57.4393316686093],[-63.710305510239074,57.42263000383318],[-63.70130115943801,57.368333581975804],[-63.85582077677431,57.33430121621053],[-63.88337348279678,57.27762095958517],[-63.741466856619546,57.24076556933107],[-63.77098500023852,57.196018312876674],[-63.76488551051103,57.139925627164104],[-63.82014840874355,57.07549891117782],[-63.89008339998802,57.08608305913373],[-63.9080998289689,56.92752110412269],[-63.86739598819668,56.88337611165778],[-64.01297796071889,56.84984641832212],[-64.01275954499755,56.77867686243357],[-64.07890733950765,56.76700317314797],[-64.14531439704764,56.699754843026646],[-64.09083627875174,56.653832974065836],[-64.02485801886365,56.65300798515835],[-64.0504613980663,56.60634805734493],[-63.931062987396,56.53375755021995],[-63.930632407098656,56.46620704043323],[-63.872916543129726,56.44897044197274],[-63.99301597801823,56.408211268538324],[-64.15274016987559,56.441112116763506],[-64.09935213338636,56.35191260441793],[-64.14343811378927,56.311966390624534],[-64.09049584957614,56.27989780513999],[-63.96710988016566,56.256396683838105],[-63.86293385959011,56.21258888277182],[-64.03596331636594,56.15488104216201],[-64.0021333087265,56.102730308115824],[-63.95308818710757,56.08822713615685],[-63.883694707047255,56.1370323871058],[-63.81105063818525,56.08463485999827],[-63.731262805357915,56.07015237547733],[-63.63672129297659,56.02352270752093],[-63.49577182663852,56.040012957658455],[-63.733941897011455,55.928018482085875],[-63.79258279943667,55.93146170706246],[-63.8450986950057,55.87907340598182],[-63.773612581171115,55.8560540252071],[-63.77702275380527,55.801478761156496],[-63.67420058050535,55.75932511115358],[-63.72513866035342,55.726637915047014],[-63.715982406033056,55.65767367631671],[-63.66547280641645,55.5459875836764],[-63.691482710596134,55.50871130720399],[-63.7754713587324,55.481709009424165],[-63.7367067078304,55.43823928737207],[-63.66539705174078,55.423050567940436],[-63.47856669858446,55.42920555922636],[-63.39303829326413,55.40478096026602],[-63.31978689370687,55.41180634609704],[-63.324848694713154,55.3660469354612],[-63.44224958007438,55.34405973151537],[-63.551922384322374,55.34488735646277],[-63.542063903023994,55.309667194831434],[-63.67947505774644,55.266886879469205],[-63.547410472744126,55.225469003688694],[-63.46263560822977,55.25526469496348],[-63.43187119056765,55.21134265641669],[-63.56291835571801,55.187616379253],[-63.54154997279907,55.160097839685186],[-63.61136686487375,55.090803776437205],[-63.556391999554975,55.03444391274296],[-63.558750202153824,55.000050779606596],[-63.60452965905989,54.92625153830643],[-63.661282815978126,54.89995248916585],[-63.75190029630253,54.942308842134075],[-63.82051833341285,54.94795810350876],[-63.84903211347032,54.862611284698716],[-63.81716153848613,54.816921865069205],[-63.903664391093116,54.801078014985755],[-63.8897412348851,54.768358774081676],[-63.76894727778972,54.699843830339354],[-63.723848886142065,54.659798580303665],[-63.7427579320011,54.62639929014638],[-63.813377233290815,54.6507858030301],[-63.911439155352305,54.60424867326694],[-63.97442253623856,54.62012023627387],[-64.05427717774757,54.60090829289979],[-64.14184981278525,54.66695739983626],[-64.29452784713503,54.753273763283275],[-64.39747458248212,54.79049295302975],[-64.48606927192453,54.79343557178805],[-64.55688247260667,54.7136622822555],[-64.67996837457169,54.73571255294553],[-64.77808689304042,54.733468774515394],[-64.77624522553728,54.78814550508986],[-64.74787483144955,54.813994295322686],[-64.97190055880245,54.937395576203],[-65.00956061616195,54.930964233532066],[-65.1264493458117,54.96147803678058],[-65.17289287484618,54.933604321342365],[-65.20962312342813,54.84795777941905],[-65.32569525615611,54.84867801275246],[-65.35583965195733,54.81876140141115],[-65.4563357147045,54.84924233374159],[-65.48665520479994,54.82006872700905],[-65.43461979700636,54.78418346294192],[-65.45553031927467,54.72858324602711],[-65.59255370118215,54.74303600909011],[-65.69011531218408,54.71152701734261],[-65.77742521960127,54.80280964900792],[-65.83831487531457,54.83652753124653],[-65.8498454237429,54.92721087640194],[-66.02339588757927,54.94195334306167],[-66.06449035563772,54.929068442187315],[-66.14358133203751,54.982298788574376],[-66.25940477894679,54.999749655354016],[-66.35499499954798,55.08320920332929],[-66.4664262467642,55.160262408745794],[-66.49533797570845,55.20510690244299],[-66.60279262793436,55.2689813833499],[-66.66977348310994,55.26944473159931],[-66.69694018258873,55.305323092105176],[-66.77846228213936,55.35238815154819],[-66.82372582244672,55.30696976463141],[-66.70723085962905,55.22712308769461],[-66.74890041761972,55.2156989425904],[-66.75494165324788,55.11357129005544],[-66.73503765266355,55.044052676621426],[-66.76599037157186,55.000016916116465],[-66.68140817898893,54.92366778499094],[-66.60265109790355,54.813506310703595],[-66.65942839757709,54.77021777453602],[-66.71809452954749,54.7607822644839],[-66.81271745032315,54.77939724085738],[-66.87566332704192,54.816009608217186],[-66.94784667065808,54.822310513649036],[-67.03985465863406,54.86808149426403],[-67.05651050443083,54.89493770907054],[-67.21924254161861,55.000030483554],[-67.2574846089391,55.02127419522861],[-67.24373025697385,55.059635449699186],[-67.32283786754577,55.08906531443395],[-67.40963252886564,55.08863323742586],[-67.46370387188601,55.06285691722917],[-67.42248808346906,55.000060406661184],[-67.39975567350949,54.95785895861103],[-67.21341853149157,54.792748814248476],[-67.06290081383706,54.69293311017799],[-67.12900346540046,54.65771941860924],[-67.13855100997591,54.624538659832844],[-67.23117571894743,54.587566926219864],[-67.27782181033534,54.548707292195],[-67.2449446516548,54.500033909961644],[-67.34923525258063,54.516991952190445],[-67.42902526183532,54.56923438560481],[-67.52688242248365,54.57095109690436],[-67.47311297794631,54.520101922352616],[-67.50040551931676,54.481506553979884],[-67.58165785494359,54.49410852785787],[-67.66781166997053,54.453841963803676],[-67.77639035065565,54.43527984896309],[-67.72469836607357,54.38685578728999],[-67.74803672392135,54.350260855628086],[-67.67636616713145,54.318524302706884],[-67.67733039852213,54.241680312732825],[-67.62830265204599,54.21275146535316],[-67.675321973747,54.1587612218868],[-67.76503657165532,54.15700019276787],[-67.81025241624639,54.12813290962873],[-67.76183525767235,54.0860460930147],[-67.82168528783798,54.02570234706162],[-67.78732437417175,54.00003675144574],[-67.69983932893479,53.97660448315986],[-67.66260854199682,53.92807305589173],[-67.59630593997038,53.921694766139574],[-67.61424164587164,53.88489157833721],[-67.57148974325166,53.84556676218946],[-67.49960831515929,53.826856404666366],[-67.5922190285935,53.75749782397713],[-67.50000001395223,53.7572673510849],[-67.50631906432346,53.71906153366364],[-67.39684971288173,53.6828793014435],[-67.39473092293795,53.614654307032204],[-67.25740588112691,53.55738857571871],[-67.21876905944808,53.53034033608945],[-67.15768545007185,53.53763360994212],[-67.03030823871188,53.52673705370119],[-66.99629644456586,53.48461751869719],[-66.94452408696273,53.47605339908374],[-66.92444786028233,53.41866087789888],[-66.96610332272344,53.36462176199777],[-67.02705061694667,53.33464612764934],[-66.95841549869571,53.30645033537578],[-66.97806167144358,53.21326331303585],[-67.00613301330108,53.168475256101544],[-66.98442990896615,53.087909301128825],[-67.04160760975124,53.07607214137161],[-67.1542279803429,53.147225480883],[-67.2872146026477,53.143921348307366],[-67.39233682881793,53.12085503795717],[-67.38078607912162,53.04625595962211],[-67.33266569926244,52.95981815494485],[-67.35574290049871,52.92862777753425],[-67.31682445995955,52.87544768006456],[-67.26853269607587,52.877710714927524],[-67.22747230011291,52.841770833886756],[-67.07425222907818,52.87545180978198],[-67.04767168771016,52.83724020746163],[-67.06700674305895,52.77511624892266],[-67.03430408222708,52.74701563194517],[-66.94926524160964,52.759582686363316],[-66.894460114792,52.67666170620233],[-66.85370000649013,52.721144818340825],[-66.77212673750934,52.69620359866927],[-66.75374631367312,52.75148810248767],[-66.64606237877021,52.78892346822332],[-66.66369843112768,52.885464283988114],[-66.62555377300188,52.95424326388182],[-66.57699597269048,52.93678687186581],[-66.50700827762493,52.950123043472175],[-66.43183464116834,53.048202596810576],[-66.36077104399116,53.01439036697188],[-66.32195414162433,52.93893309052986],[-66.2608596571087,52.87431188239327],[-66.29462932391733,52.86012014188828],[-66.3794204528507,52.87746819472741],[-66.41388278172222,52.84867394545266],[-66.35417960033972,52.80255854851659],[-66.30833176111955,52.728591075532776],[-66.33877266814835,52.68461678383969],[-66.27738007263153,52.63444974532403],[-66.30930252235723,52.6045901225365],[-66.38865738287431,52.682284201803306],[-66.44027591727273,52.6364004272904],[-66.37467289157668,52.57275099715671],[-66.35558376464536,52.47322058176923],[-66.39080671530706,52.465937530106714],[-66.34171210642005,52.39721029733032],[-66.37018806908709,52.35394067730854],[-66.43659865317397,52.35881000543225],[-66.49051725452472,52.34163746369133],[-66.33011323811338,52.13593466077564],[-66.264117038673,52.16518140856012],[-66.31256915131102,52.28551795405527],[-66.24964732384504,52.27398367969554],[-66.20835924411523,52.23409313037718],[-66.1600216618864,52.23165324935474],[-66.07716232326435,52.16226273342698],[-66.0963647714388,52.10780837307558],[-65.97040149108977,52.05650258283333],[-65.95478012925395,52.099878839433224],[-65.8769889984301,52.110405412669884],[-65.68656646290772,52.103754779091624],[-65.6485618722019,52.080920730646625],[-65.67991005156016,52.04150753044228],[-65.54844953117795,52.038933610635134],[-65.53066908843692,52.07080016205004],[-65.41229096162888,51.97131125985119],[-65.3547793959116,51.9427379743016],[-65.39756997055144,51.890847349520214],[-65.31783829346296,51.85076067996709],[-65.21018477621493,51.81292823480821],[-65.1860637472461,51.77560635961538],[-65.08258584571438,51.746198639037104],[-65.0492169225605,51.76964739912112],[-64.93070578649301,51.714261565191414],[-64.92467534496355,51.77785845974526],[-64.77309872743521,51.75313522599926],[-64.6535478158672,51.701533641214944],[-64.55435579303602,51.57580471256852],[-64.45663670021004,51.62681936865226],[-64.41733164065876,51.67495527066229],[-64.33712520635133,51.66529480289715],[-64.27828931705395,51.74637854981129],[-64.3024551875769,51.80364361646807],[-64.35270342515136,51.84927594338912],[-64.34169224167844,51.985900316200514],[-64.28009965909322,51.97475131293811],[-64.23395175106874,51.9909044132883],[-64.2793783498441,52.03756054658483],[-64.2538529411351,52.121483272236674],[-64.17741102541574,52.133798693181966],[-64.20069285933198,52.17701634899449],[-64.22558327051037,52.302504222903394],[-64.18005280912482,52.306413375707855],[-64.16742499446886,52.36154158091187],[-64.10922908846871,52.39405671886846],[-64.15194855237945,52.519923145131436],[-64.21112116116045,52.57360150305526],[-64.15455037296343,52.60343257407846],[-64.1373823937749,52.72923508146905],[-64.03727482876562,52.73824471040823],[-63.93741723299061,52.731024294987805],[-63.872941265669795,52.77396224640992],[-63.818975272193136,52.75853048228944],[-63.71953941973457,52.79896928320742],[-63.59974758284296,52.82431890920255],[-63.57586122238545,52.760964060306705],[-63.526349961149435,52.72537495352159],[-63.45932498880424,52.71791361063902],[-63.38068613572809,52.66517594524685],[-63.44416290522728,52.64469539504035],[-63.59727339456635,52.647945305983086],[-63.71645749677405,52.63093350741597],[-63.85040171229079,52.625849908538044],[-64.01573751885928,52.577143136137614],[-64.08767723396973,52.50651419373456],[-64.08970026738642,52.445928016110855],[-64.02592013178965,52.40578106876987],[-64.01456000775494,52.363727094136216],[-63.86103900457792,52.31905299287213],[-63.76811901580024,52.32788740674133],[-63.7716778877313,52.28277540362255],[-63.69077070864257,52.12302059848099],[-63.70799419081524,52.09333439945194],[-63.84113836228779,52.05649827547489],[-63.80146264007818,51.99784367693502],[-62.84418228921175,51.996957123578674],[-61.80652165858192,51.995808709014185],[-61.12988609220475,51.99624937040804],[-60.441692060585346,51.996511876052885],[-59.03440954986102,51.9969811216103],[-57.96473498778517,51.99644928430003],[-57.10775937302734,51.9984947720226],[-57.1054864000856,51.65645137314766],[-57.10957146458247,51.287163264191115],[-55.975808832414714,51.73548766149808],[-55.238440298598434,51.75859155394216],[-55.17789178328611,52.01952413910267],[-55.5069697304083,52.01653028252379],[-55.50524658111331,53.189308179169586],[-55.57443453952188,53.33535810548418],[-55.616034807017,53.50989428054012],[-55.672615656856316,53.62190260468952],[-55.71403472526521,53.66850678869824],[-55.90938510315893,53.843549984501536],[-56.088535715936736,54.038253738802965],[-56.42073908123162,54.37507521235531],[-56.57590840622975,54.51356627054071],[-56.89191768762426,54.76710729685826],[-56.96137391057301,54.81071831646846],[-57.065539769926595,54.853434393753325],[-57.48315510726995,54.989971169846356],[-57.79662701889672,55.094706865996166],[-58.009490529889085,55.15950467216923],[-58.46511716515981,55.4036540491845],[-58.67500905083765,55.50507631990049],[-58.88037256239016,55.570259343339984],[-59.128889801256705,55.639876787108115],[-59.58260118181706,55.7500613102655],[-60.00038732239475,55.834085745483414],[-60.115815888712035,55.88848475139034],[-60.32920193549709,56.000777012326026],[-60.369642266112145,56.09309660659585],[-60.47828058152512,56.38025721450519],[-60.70045745164397,56.767109466939274],[-60.84921784431769,57.02946739827758],[-61.0154273157111,57.29759702700465],[-61.18351015136416,57.55487325782008],[-61.499999999284036,57.99999998811185],[-62.013929117350116,58.000013713253985],[-62.039941602354226,58.10526555571284],[-62.092303868757774,58.24564309496368],[-62.145119083421754,58.343047459499665],[-62.21565748840579,58.42972094855483],[-62.54308356912561,58.75216640063619],[-62.71563683140021,58.907118587604785],[-62.830330866397894,58.99696301372714],[-63.27746134752425,59.46669360744596],[-63.76878327222362,59.9224390953448],[-63.8592809566745,59.96568663821018],[-63.9958988073089,60.00000395710841]]]},"properties":{"FED_NUM":10004,"ED_NAMEE":"Labrador","province_code":"NL"}},
{"type":"Feature","geometry":{"type":"Polygon","coordinates":[[[-72.70436044745264,46.42411452374933],[-72.73976082429245,46.400746453666265],[-72.70245264880496,46.35555749766871],[-72.5993569103313,46.28472818620388],[-72.48050702126046,46.367877002052815],[-72.5377919189638,46.398086610268834],[-72.60685894184283,46.376362090227786],[-72.70436044745264,46.42411452374933]]]},"properties":{"FED_NUM":24075,"ED_NAMEE":"Trois-Rivières","province_code":"QC"}},
{"type":"Feature","geometry":{"type":"Polygon","coordinates":[[[-74.38087638693001,45.565904433426226],[-74.42137672343438,45.439793403061316],[-74.32981665410628,45.44413534120374],[-74.23034754040386,45.43000581948301],[-74.24272823873099,45.38887224034905],[-74.097881241423,45.372256745890155],[-73.99956711302968,45.334758496930824],[-73.91036166241693,45.33662433050159],[-73.85195556129852,45.357149820274486],[-73.80528954875855,45.39848100743674],[-73.89131547474999,45.41014311872195],[-73.95965749886025,45.40433987820464],[-73.99868834669655,45.44984657442437],[-74.09344768640021,45.45089348629662],[-74.15026416790191,45.47957106334095],[-74.24497964237759,45.506438678530486],[-74.31883496602045,45.50487637712945],[-74.38087638693001,45.565904433426226]]]},"properties":{"FED_NUM":24076,"ED_NAMEE":"Vaudreuil","province_code":"QC"}},
{"type":"Feature","geometry":{"type":"Polygon","coordinates":[[[-57.10957146458247,51.287163264191115],[-57.52378277279475,51.1972425062635],[-57.25510887885457,51.09424708504966],[-57.166855711087535,51.02210903472949],[-57.16796653829757,50.9994856691488],[-57.45525814307762,50.75637467357009],[-57.511948846528,50.64774737423071],[-57.581499446561125,50.480306520002166],[-57.500422242531734,50.47563418545374],[-57.71235004209113,50.26194815874567],[-57.79051362366382,50.085195030693725],[-57.910609210415764,50.00770161911499],[-57.99224837283484,49.81389344907318],[-57.996259704550134,49.749826343860214],[-58.163010625994296,49.60938392283003],[-58.443224866382714,49.2511950332268],[-58.499996378033515,49.18334339900154],[-58.49999636006269,49.00773809029868],[-58.618509515327695,48.92419958568371],[-58.756242433269634,48.862313386070596],[-58.90036157900365,48.749778911253],[-58.99939458963799,48.709354262162606],[-59.1111895149672,48.687065369731464],[-59.16724121596721,48.663101120613966],[-59.23857083932138,48.58350475549597],[-59.26712547737675,48.49856465913527],[-59.29415137033674,48.47370994064307],[-59.24869017121739,48.38002366936141],[-59.065475970876314,48.24705764001948],[-59.253460662074716,48.16364856634756],[-59.418670336687335,48.05386695101791],[-59.46213178310034,48.0000423875794],[-59.42057957383164,47.94890031324228],[-59.42346813296635,47.88718834863106],[-59.34837728882074,47.757055148894565],[-59.33620346174925,47.6190653784656],[-59.20265002592134,47.500749605209236],[-59.00068672307594,47.50867628819956],[-58.84365521488688,47.55959472168787],[-57.99806632020671,47.58137529713281],[-57.71442630213957,47.506166018131836],[-57.076849807047296,47.39336099362275],[-56.95017077457675,47.35927844822442],[-56.82078972709587,47.354578435421885],[-56.43873607066898,47.43927942475689],[-56.74689207471686,47.59969788675968],[-56.774227724490785,47.65157357249459],[-57.52013933787572,47.84341513002357],[-57.240750696275995,48.58078349616757],[-56.99316300913619,48.96360741678519],[-56.84771688250624,49.504918461747],[-56.7909340994489,49.611960806648206],[-56.792494095487974,49.63499674264918],[-56.738138365076466,49.74405896166464],[-56.660498622472794,49.82709523580395],[-56.438048404125595,50.115980412837146],[-56.29323064807422,50.2483238726711],[-56.073989681921084,50.395824139645406],[-55.50000000248763,50.53765191639328],[-55.500000022988445,50.73091552536495],[-55.45523279493503,50.74720226162893],[-55.451741208948924,50.824697177360235],[-55.495481683939424,50.83542923540026],[-55.50000000919356,51.041900802828025],[-55.29949518161945,51.48008622531595],[-55.238440298598434,51.75859155394216],[-55.975808832414714,51.73548766149808],[-57.10957146458247,51.287163264191115]]]},"properties":{"FED_NUM":10005,"ED_NAMEE":"Long Range Mountains","province_code":"NL"}},
{"type":"Feature","geometry":{"type":"Polygon","coordinates":[[[-52.96196566346912,47.804457532170716],[-53.07373851479349,47.66468100010794],[-53.10622699477417,47.59938775247444],[-53.03580030693544,47.535204510195186],[-52.98086598389784,47.518958463580596],[-52.91509432013577,47.55339538369521],[-52.8218916053785,47.535707312772466],[-52.74825148254555,47.560774896541],[-52.65531819489848,47.56310142796541],[-52.620543612056,47.68922740783729],[-52.76975538102252,47.819777683158],[-52.82579456563759,47.87755161391489],[-52.96196566346912,47.804457532170716]]]},"properties":{"FED_NUM":10006,"ED_NAMEE":"St. John's East","province_code":"NL"}},
{"type":"Feature","geometry":{"type":"Polygon","coordinates":[[[-53.53320443879564,49.90549867095817],[-53.706041884861015,49.749604402240166],[-53.84982069725535,49.683928081928435],[-54.16738739712785,49.49947693614485],[-54.43523250084448,49.476829386323836],[-54.45493172806882,49.33005712695658],[-54.31588386437224,49.32678201496875],[-54.21515804599578,48.93977576649843],[-54.318991106943756,48.8546714079318],[-54.3213690982277,48.814226501565884],[-54.94086492531332,47.791591448034865],[-55.03008915207878,47.68018098755458],[-55.09909343183167,47.61466999579852],[-55.10965239889761,47.56718654471604],[-55.228635233825244,47.4657771351849],[-55.467579296225445,47.35936084290607],[-55.79225738661721,47.22133268676693],[-55.997907611503315,47.216566170250424],[-56.000000005195254,46.84218502367127],[-55.95720901226746,46.79478130531562],[-54.98176062510126,46.80134866884842],[-54.682067233095886,46.798523521019455],[-54.488411011996725,46.853607660249196],[-54.35914256900157,47.01335770154581],[-54.18322719379881,47.00006579758446],[-54.21678656598327,46.91218067102139],[-54.22832196696934,46.83344747397572],[-54.21574539893143,46.805493127926205],[-54.14101805421245,46.76654077409669],[-53.99813615526158,46.75423685305449],[-53.83439677365384,46.75399464405447],[-53.79236211779276,46.88657501440528],[-53.931601990740255,46.99828188809165],[-53.74378256745456,47.21743213524206],[-53.52326169795774,47.31596499577219],[-53.5048008186256,47.40407401429701],[-53.38475351246452,47.580688896212806],[-53.37302433497061,47.77672028722185],[-53.25374723394792,47.79161101181572],[-53.17565897843282,47.788855476120375],[-52.96196566346912,47.804457532170716],[-52.82579456563759,47.87755161391489],[-52.83673590511576,47.98908350124323],[-52.775051355011186,48.107338841903214],[-52.781381251708645,48.186750286505],[-52.94245053167154,48.25005814056291],[-52.99999998973007,48.25000000695211],[-53.0000000133094,48.50009823909904],[-52.991641234374974,48.57024433328708],[-52.99999599369804,48.732333476651206],[-53.11452489483765,48.74814762675018],[-53.4981807764081,48.66535371007892],[-53.54440305302042,48.69848064744577],[-53.54303564801616,48.84921523450949],[-53.53362359494262,48.92768363826675],[-53.4985799116592,49.00000182905206],[-53.46473994193832,49.02147521628274],[-53.29037869851822,49.05670209508417],[-53.16335698181874,49.41443353264936],[-53.12231441810673,49.5644271655863],[-53.10364602324891,49.66812621368808],[-53.110329246306755,49.775051403280756],[-53.33067470963459,49.8326928436095],[-53.53320443879564,49.90549867095817]]]},"properties":{"FED_NUM":10007,"ED_NAMEE":"Terra Nova—The Peninsulas","province_code":"NL"}},
{"type":"Feature","geometry":{"type":"Polygon","coordinates":[[[-65.03926316491643,45.093530860627666],[-65.79394764918815,44.72829197904422],[-65.9439419232418,44.650462480011704],[-66.14658498561914,44.528678188130414],[-66.44042307085498,44.253543175068614],[-66.44547566461156,44.235835954309046],[-66.22201842880101,44.000665034298756],[-66.20052522767038,43.74887995054757],[-66.17561084070549,43.62684974689104],[-66.09414915555081,43.530804683761254],[-66.02208326857928,43.51767078291094],[-66.04201145094163,43.400650041281146],[-65.99415252310101,43.36063843640433],[-65.99428386991133,43.27233606064591],[-65.96921505326792,43.25406063282081],[-65.85966618700918,43.25510163751825],[-65.81898577091236,43.546937277341904],[-65.78400563704591,43.59481928063688],[-65.72374650664186,43.601420131439525],[-65.61077162772204,43.63988778021665],[-65.64874906499702,43.747151230774186],[-65.56855377812113,43.92183310560255],[-65.55654543165456,43.92148137492151],[-65.39817815496093,44.229277533807476],[-65.33162633651146,44.311577649942166],[-65.17976745491836,44.421532960959226],[-65.15204547634313,44.46061014769257],[-65.06151124001263,44.45484227753215],[-64.69174218607812,44.722956472601425],[-64.67661188424978,44.80804260021082],[-64.678029887293,44.87059568958873],[-64.69706611374527,44.923507597653256],[-64.80695491276803,45.0141301068577],[-64.78625049234684,45.04239688781328],[-64.83709369790682,45.14380590150229],[-64.87155692966756,45.16403121052412],[-65.03926316491643,45.093530860627666]]]},"properties":{"FED_NUM":12001,"ED_NAMEE":"Acadie—Annapolis","province_code":"NS"}},
{"type":"Feature","geometry":{"type":"Polygon","coordinates":[[[-60.27104754961642,46.33654317145752],[-60.34086506729033,46.36015729825973],[-60.30044121723353,46.66234121250579],[-60.28581955336023,46.99965803251874],[-60.12560712103816,47.200981105758835],[-60.18338057005161,47.235080692499025],[-60.41710385215291,47.08542788483981],[-60.45847926009539,47.064215193364774],[-60.620050297134966,47.06024733000936],[-60.71621857234544,46.978739721565546],[-60.80051570890267,46.87022343565742],[-60.913837669596234,46.78374684817183],[-60.930830466970974,46.750374658303535],[-61.043897057739606,46.64291195251522],[-61.06523962745678,46.60368559932679],[-61.080324487855435,46.523360193106186],[-61.27479267069294,46.36959831834971],[-61.306622272047555,46.249892324031],[-61.44545348801131,46.18391815221585],[-61.49803143997442,46.09707998472483],[-61.576991574259374,46.03641337361428],[-61.583719086981795,45.999753370705484],[-61.658127709057446,46.00007268446176],[-61.99888551027138,45.89849022072696],[-62.101396240707324,45.8510745394401],[-62.165737178284274,45.79760990390796],[-62.24787176660454,45.74940595179313],[-62.09143867116107,45.38366022014],[-61.944250194417165,45.39943478938577],[-61.90600917477857,45.35861745595151],[-61.905972340129985,45.302174929478475],[-62.012965724990195,45.264057226207484],[-61.938187472261426,45.22268195111765],[-61.82290026853164,45.189623805496105],[-61.720644160796866,45.144445779134585],[-61.52140195097565,45.08876359027771],[-61.45099175198349,45.14364874527845],[-61.19389807905465,45.148436441983485],[-61.0904861152098,45.1734297554855],[-60.92818282818172,45.27763200065543],[-60.89837024025047,45.34376218061498],[-60.89003989937586,45.507822001077606],[-60.75567397298141,45.505310691111404],[-60.588925941269935,45.519821012662284],[-60.50755731252191,45.536314754994166],[-60.32181083937581,45.60378300621007],[-60.132312416193294,45.70177913503843],[-60.06724797691584,45.77716736733651],[-59.87868838488141,45.86614979299707],[-59.789199046137185,45.925244745011064],[-59.75153259068503,45.99091966717379],[-59.69408396296024,45.989462339068844],[-59.65172658766349,46.03954892521156],[-59.66249462782472,46.10841639423433],[-59.752519153303105,46.178174642007946],[-59.845342232914916,46.126532886082934],[-59.916039091508836,46.10377420016945],[-59.97833326798148,46.11684379287365],[-60.11917640540188,46.123139599710605],[-60.27460139787465,45.99477520719036],[-60.333214748488395,46.05277176386537],[-60.23360943443506,46.10680927045144],[-60.30502679768415,46.14533670675945],[-60.32276194438634,46.20145119044135],[-60.30186848483281,46.280454073949926],[-60.27104754961642,46.33654317145752]]]},"properties":{"FED_NUM":12002,"ED_NAMEE":"Cape Breton—Canso—Antigonish","province_code":"NS"}},
{"type":"Feature","geometry":{"type":"Polygon","coordinates":[[[-63.33069973721598,46.06821074550468],[-63.008499067381074,45.48608343039561],[-62.71440741034515,45.275806165166884],[-62.8147857531566,45.24400890533823],[-62.898693586636725,45.19451639541069],[-63.33597634537614,45.03659061671068],[-63.39146520380688,45.054793034978964],[-63.42301851644029,45.05534216275591],[-63.45366716927881,44.99900018309317],[-63.54126973483381,44.936896532081064],[-63.527212002218114,44.89319399341716],[-63.57015102893216,44.8462730680769],[-63.570821355260485,44.80511071836973],[-63.431183725695284,44.80870982098422],[-63.39359690183106,44.71303178684665],[-63.480888298963826,44.70095283690927],[-63.471469702282356,44.67905249393976],[-63.36332304742521,44.59209722473771],[-63.21531501551837,44.620858656916546],[-63.046221796659935,44.61377893924102],[-62.884335844254146,44.64247456986663],[-62.75507269100036,44.678770181517216],[-62.592548795260676,44.757684469756384],[-62.49360562545746,44.777001864694185],[-62.19715367848731,44.81005876684855],[-62.084815741691344,44.874256893714275],[-61.99754388069429,44.91400569638512],[-61.99612061890074,44.97592480288705],[-61.91276894244313,44.97553284934518],[-61.56260879705445,45.06115710034107],[-61.52140195097565,45.08876359027771],[-61.720644160796866,45.144445779134585],[-61.82290026853164,45.189623805496105],[-61.938187472261426,45.22268195111765],[-62.012965724990195,45.264057226207484],[-61.905972340129985,45.302174929478475],[-61.90600917477857,45.35861745595151],[-61.944250194417165,45.39943478938577],[-62.09143867116107,45.38366022014],[-62.24787176660454,45.74940595179313],[-62.334721674350014,45.70941814272034],[-62.4527514619348,45.671938904095995],[-62.60363113942554,45.72309890682787],[-62.500000011691775,45.82094432680896],[-62.50000001355947,45.86127181414952],[-62.75440742622557,45.85833050333942],[-62.912010538053316,45.88521317880801],[-62.97023249080884,45.90773919480346],[-63.10485630660613,46.00312833874278],[-63.14620915001361,46.01520465142487],[-63.33069973721598,46.06821074550468]]]},"properties":{"FED_NUM":12003,"ED_NAMEE":"Central Nova","province_code":"NS"}},
{"type":"Feature","geometry":{"type":"Polygon","coordinates":[[[-64.80607003726527,45.53648958687711],[-64.93374955553676,45.4494572681084],[-65.00016854656242,45.2727509509204],[-65.03158317661568,45.22815041265225],[-65.03926316491643,45.093530860627666],[-64.87155692966756,45.16403121052412],[-64.74506154409734,45.20025679736857],[-64.59213845506896,45.27649836544673],[-64.52751387123686,45.32886439047619],[-64.46360265489015,45.3450874076005],[-64.30205090568296,45.34608841491806],[-64.10680542889192,45.33577743841195],[-63.971618126044184,45.30319835544096],[-63.878819705282666,45.30904539791206],[-63.79706508927951,45.3544713350724],[-63.74921505879472,45.35739324651729],[-63.59034050896197,45.33910754824178],[-63.51318723815426,45.339390509983296],[-63.47568164784969,45.306996429573935],[-63.4727081447893,45.272255880777664],[-63.41631490995689,45.230997342834286],[-63.38976073431252,45.148691704749005],[-63.40612584272722,45.101280429558294],[-63.39146520380688,45.054793034978964],[-63.33597634537614,45.03659061671068],[-62.898693586636725,45.19451639541069],[-62.8147857531566,45.24400890533823],[-62.71440741034515,45.275806165166884],[-63.008499067381074,45.48608343039561],[-63.33069973721598,46.06821074550468],[-63.579253310208365,46.10018761880943],[-63.61471161123834,46.09309699174918],[-63.73217642471492,46.0774834643273],[-64.03333709342918,46.01892293332264],[-64.04680352920028,45.97681801164298],[-64.14942368761503,45.98014747291783],[-64.28301600035327,45.82978492783659],[-64.31472147486222,45.8515651569904],[-64.36106474638723,45.832802813894304],[-64.46739532372162,45.733421718686195],[-64.47629771318923,45.70995506018782],[-64.6116438138927,45.64489299907993],[-64.80607003726527,45.53648958687711]]]},"properties":{"FED_NUM":12004,"ED_NAMEE":"Cumberland—Colchester","province_code":"NS"}},
{"type":"Feature","geometry":{"type":"Polygon","coordinates":[[[-63.480888298963826,44.70095283690927],[-63.529965409147984,44.71629639153642],[-63.611937357199785,44.67778592797471],[-63.56123732192337,44.648565664207894],[-63.543266831439695,44.60095797790741],[-63.500000011759724,44.56202966649035],[-63.36332304742521,44.59209722473771],[-63.471469702282356,44.67905249393976],[-63.480888298963826,44.70095283690927]]]},"properties":{"FED_NUM":12005,"ED_NAMEE":"Dartmouth—Cole Harbour","province_code":"NS"}},
{"type":"Feature","geometry":{"type":"Polygon","coordinates":[[[-60.20279086434274,43.945772653829856],[-60.09215327485265,43.91670013317132],[-59.89736201465593,43.907457951730514],[-59.77540638586204,43.93799667592054],[-59.67101924956842,44.01401136595992],[-59.67045766211452,44.051299311620724],[-59.85578630241619,43.99149318250216],[-59.93400576562917,43.97216616359217],[-60.04655401722125,43.96485640705254],[-60.18726593708074,43.99998110700144],[-60.29499186572512,43.9999785465017],[-60.20279086434274,43.945772653829856]]]},"properties":{"FED_NUM":12006,"ED_NAMEE":"Halifax","province_code":"NS"}},
{"type":"Feature","geometry":{"type":"Polygon","coordinates":[[[-63.63784280196631,44.69262286745297],[-63.632476198782385,44.636384102320584],[-63.663794098328424,44.63050680451852],[-63.677790740846,44.57504590225853],[-63.642056550689986,44.49579451728087],[-63.705393278579535,44.422243351093755],[-63.667839349702355,44.41353809277715],[-63.53933133815837,44.41363329392799],[-63.50076184646263,44.49833541335102],[-63.500000011759724,44.56202966649035],[-63.543266831439695,44.60095797790741],[-63.56123732192337,44.648565664207894],[-63.611937357199785,44.67778592797471],[-63.63784280196631,44.69262286745297]]]},"properties":{"FED_NUM":12006,"ED_NAMEE":"Halifax","province_code":"NS"}},
{"type":"Feature","geometry":{"type":"Polygon","coordinates":[[[-63.847550955355885,44.72514009363596],[-63.85001293979468,44.70699396215872],[-63.978523631076975,44.61456358102918],[-63.99718601565639,44.590000568902106],[-63.96422930895204,44.503563799477355],[-63.95062290806151,44.485086407096446],[-63.78148690078413,44.46223308127385],[-63.79732443597108,44.43689746434604],[-63.705393278579535,44.422243351093755],[-63.642056550689986,44.49579451728087],[-63.677790740846,44.57504590225853],[-63.663794098328424,44.63050680451852],[-63.632476198782385,44.636384102320584],[-63.63784280196631,44.69262286745297],[-63.678028841879055,44.68928450222856],[-63.711415482919705,44.72685570780855],[-63.80526630537048,44.73412520661225],[-63.847550955355885,44.72514009363596]]]},"properties":{"FED_NUM":12007,"ED_NAMEE":"Halifax West","province_code":"NS"}},
{"type":"Feature","geometry":{"type":"Polygon","coordinates":[[[-64.87155692966756,45.16403121052412],[-64.83709369790682,45.14380590150229],[-64.78625049234684,45.04239688781328],[-64.80695491276803,45.0141301068577],[-64.69706611374527,44.923507597653256],[-64.678029887293,44.87059568958873],[-64.67661188424978,44.80804260021082],[-64.69174218607812,44.722956472601425],[-64.52943389086151,44.84131621438245],[-64.4322101416821,44.89931141426511],[-64.23714713532553,44.76086450697081],[-63.86603855785183,44.796286012891436],[-63.84450300966651,44.789483351676665],[-63.75578769565849,44.893663756108836],[-63.66316499834052,44.93672913898242],[-63.591945800316644,44.94963788422446],[-63.54126973483381,44.936896532081064],[-63.45366716927881,44.99900018309317],[-63.42301851644029,45.05534216275591],[-63.39146520380688,45.054793034978964],[-63.40612584272722,45.101280429558294],[-63.38976073431252,45.148691704749005],[-63.41631490995689,45.230997342834286],[-63.4727081447893,45.272255880777664],[-63.47568164784969,45.306996429573935],[-63.51318723815426,45.339390509983296],[-63.59034050896197,45.33910754824178],[-63.74921505879472,45.35739324651729],[-63.79706508927951,45.3544713350724],[-63.878819705282666,45.30904539791206],[-63.971618126044184,45.30319835544096],[-64.10680542889192,45.33577743841195],[-64.30205090568296,45.34608841491806],[-64.46360265489015,45.3450874076005],[-64.52751387123686,45.32886439047619],[-64.59213845506896,45.27649836544673],[-64.74506154409734,45.20025679736857],[-64.87155692966756,45.16403121052412]]]},"properties":{"FED_NUM":12008,"ED_NAMEE":"Kings—Hants","province_code":"NS"}},
{"type":"Feature","geometry":{"type":"Polygon","coordinates":[[[-63.86603855785183,44.796286012891436],[-63.847550955355885,44.72514009363596],[-63.80526630537048,44.73412520661225],[-63.711415482919705,44.72685570780855],[-63.678028841879055,44.68928450222856],[-63.63784280196631,44.69262286745297],[-63.611937357199785,44.67778592797471],[-63.529965409147984,44.71629639153642],[-63.480888298963826,44.70095283690927],[-63.39359690183106,44.71303178684665],[-63.431183725695284,44.80870982098422],[-63.570821355260485,44.80511071836973],[-63.57015102893216,44.8462730680769],[-63.527212002218114,44.89319399341716],[-63.54126973483381,44.936896532081064],[-63.591945800316644,44.94963788422446],[-63.66316499834052,44.93672913898242],[-63.75578769565849,44.893663756108836],[-63.84450300966651,44.789483351676665],[-63.86603855785183,44.796286012891436]]]},"properties":{"FED_NUM":12009,"ED_NAMEE":"Sackville—Bedford—Preston","province_code":"NS"}},
{"type":"Feature","geometry":{"type":"Polygon","coordinates":[[[-73.58240973028926,45.513665136978155],[-73.59507060500573,45.503651579909395],[-73.59865967126089,45.46727612026602],[-73.52161447484556,45.437651331290546],[-73.51917758711696,45.49516550923531],[-73.58240973028926,45.513665136978155]]]},"properties":{"FED_NUM":24077,"ED_NAMEE":"Ville-Marie—Le Sud-Ouest—Île-des-Soeurs","province_code":"QC"}},
{"type":"Feature","geometry":{"type":"Polygon","coordinates":[[[-73.80878211156569,45.554504313457564],[-73.73562502630692,45.529323757161826],[-73.67547172572465,45.55730426473927],[-73.7165443503744,45.59256237153433],[-73.80878211156569,45.554504313457564]]]},"properties":{"FED_NUM":24078,"ED_NAMEE":"Vimy","province_code":"QC"}},
{"type":"Feature","geometry":{"type":"Polygon","coordinates":[[[-64.69174218607812,44.722956472601425],[-65.06151124001263,44.45484227753215],[-65.15204547634313,44.46061014769257],[-65.17976745491836,44.421532960959226],[-65.33162633651146,44.311577649942166],[-65.39817815496093,44.229277533807476],[-65.55654543165456,43.92148137492151],[-65.56855377812113,43.92183310560255],[-65.64874906499702,43.747151230774186],[-65.61077162772204,43.63988778021665],[-65.72374650664186,43.601420131439525],[-65.78400563704591,43.59481928063688],[-65.81898577091236,43.546937277341904],[-65.85966618700918,43.25510163751825],[-65.68305046168422,43.3302358374945],[-65.62094189173237,43.347488645207605],[-65.37490013920161,43.43250190567971],[-65.29649817848131,43.50154010286267],[-65.00000000707269,43.687609509306554],[-64.95059544548202,43.75185228306365],[-64.76048545618886,43.75235118972108],[-64.61257355763033,44.002268482634165],[-64.30908233932539,44.17166030827904],[-64.23271958473346,44.251199210173915],[-63.99999998789085,44.409713076777415],[-64.00000001766611,44.49999584012841],[-63.96422930895204,44.503563799477355],[-63.99718601565639,44.590000568902106],[-63.978523631076975,44.61456358102918],[-63.85001293979468,44.70699396215872],[-63.847550955355885,44.72514009363596],[-63.86603855785183,44.796286012891436],[-64.23714713532553,44.76086450697081],[-64.4322101416821,44.89931141426511],[-64.52943389086151,44.84131621438245],[-64.69174218607812,44.722956472601425]]]},"properties":{"FED_NUM":12010,"ED_NAMEE":"South Shore—St. Margarets","province_code":"NS"}},
{"type":"Feature","geometry":{"type":"Polygon","coordinates":[[[-60.27104754961642,46.33654317145752],[-60.30186848483281,46.280454073949926],[-60.32276194438634,46.20145119044135],[-60.30502679768415,46.14533670675945],[-60.23360943443506,46.10680927045144],[-60.333214748488395,46.05277176386537],[-60.27460139787465,45.99477520719036],[-60.11917640540188,46.123139599710605],[-59.97833326798148,46.11684379287365],[-59.916039091508836,46.10377420016945],[-59.845342232914916,46.126532886082934],[-59.752519153303105,46.178174642007946],[-59.77317607566925,46.191776980440274],[-59.9583426717578,46.233322209101566],[-60.27104754961642,46.33654317145752]]]},"properties":{"FED_NUM":12011,"ED_NAMEE":"Sydney—Glace Bay","province_code":"NS"}},
{"type":"Feature","geometry":{"type":"Polygon","coordinates":[[[-66.2171612327946,47.550645113179755],[-65.81588401009044,47.23253277868906],[-65.04127239977937,47.41251001835521],[-64.99111128702368,47.35664038260524],[-64.91676061430755,47.380557603587256],[-64.85086687249468,47.37839191719514],[-64.83080456715423,47.50078922341918],[-64.7340249406544,47.63917112349166],[-64.57542799912892,47.71955364501504],[-64.51133033752575,47.81300241139424],[-64.45958803195555,47.95647622728593],[-64.48399501289173,48.01237333726922],[-64.53168298372536,48.02501944173106],[-64.75052259693416,47.869149039816726],[-64.92784323797459,47.85261151329204],[-65.07937117637894,47.866587937488994],[-65.14633230853488,47.86150626416604],[-65.26743245116836,47.82284128462257],[-65.52980683206394,47.69714606179955],[-65.6430196214293,47.68292277296527],[-65.72271678072589,47.843096612202025],[-65.70974764579537,47.869214562687205],[-65.58225455189135,47.93162328817423],[-65.50464636321563,48.00000602028875],[-65.72933647708665,48.00002500606904],[-65.79369029469943,47.880868569741736],[-65.89938841185267,47.92124179900763],[-66.0473202109509,47.92756457014395],[-66.10229056797387,47.83649510288844],[-66.11119578941643,47.78616163171858],[-66.15349788531815,47.77231770089547],[-66.15767578539855,47.70013859357798],[-66.1112366494733,47.68574392465797],[-66.00440769789786,47.710754831956024],[-66.10770821526391,47.57728173744515],[-66.2171612327946,47.550645113179755]]]},"properties":{"FED_NUM":13001,"ED_NAMEE":"Acadie—Bathurst","province_code":"NB"}},
{"type":"Feature","geometry":{"type":"Polygon","coordinates":[[[-64.86354120621102,46.8116722270829],[-65.07000107322494,46.7671868191949],[-65.38608821254721,46.610048006562344],[-64.96725775214864,46.61132543014371],[-64.88298244244127,46.56218329808136],[-64.85991434079014,46.51134919336643],[-65.14337267899012,46.34774328723445],[-65.07357351704677,46.26445716086104],[-65.01742399702863,46.234024004052316],[-64.90480955790177,46.133268019781774],[-64.86552327524474,46.159571284259336],[-64.74510112609835,46.17572132480651],[-64.7265883029003,46.13858603885633],[-64.73469032844089,46.06717885728527],[-64.70755174783658,46.04933592853495],[-64.69997578453741,45.99949132592652],[-64.62401099546024,45.931813161325216],[-64.54110332920854,45.826633700341304],[-64.59197023978932,45.74988885485104],[-64.6116438138927,45.64489299907993],[-64.47629771318923,45.70995506018782],[-64.46739532372162,45.733421718686195],[-64.36106474638723,45.832802813894304],[-64.31472147486222,45.8515651569904],[-64.28301600035327,45.82978492783659],[-64.14942368761503,45.98014747291783],[-64.04680352920028,45.97681801164298],[-64.03333709342918,46.01892293332264],[-63.73217642471492,46.0774834643273],[-63.61471161123834,46.09309699174918],[-63.74911911858622,46.22954637347307],[-63.87971415636226,46.22145979446545],[-64.11137397622346,46.23096754166582],[-64.26429191413371,46.2500183680021],[-64.50593459510962,46.25191154938923],[-64.5101625554392,46.43608167277359],[-64.68212783989443,46.560952345352774],[-64.67868818447823,46.686105192728945],[-64.82767513684568,46.7659038069651],[-64.86354120621102,46.8116722270829]]]},"properties":{"FED_NUM":13002,"ED_NAMEE":"Beauséjour","province_code":"NB"}},
{"type":"Feature","geometry":{"type":"Polygon","coordinates":[[[-66.53400965821837,45.968898355827214],[-66.58907238276855,46.027434794673084],[-66.65333555130455,46.050506454048275],[-66.71428585274172,46.01178734942211],[-66.75989762471627,46.023773068151215],[-66.78668558841078,45.99291077019032],[-66.77829754381732,45.95678162490084],[-66.71531182158581,45.958066476592485],[-66.69851030008434,45.916367780626075],[-66.71971092521916,45.891779042065004],[-66.6640884103782,45.85409828791977],[-66.63066942427574,45.875084188863795],[-66.48368638245068,45.83017145329961],[-66.45383317141648,45.86350555986483],[-66.4997281116727,45.86468390878724],[-66.58189614048086,45.91319112849922],[-66.53400965821837,45.968898355827214]]]},"properties":{"FED_NUM":13003,"ED_NAMEE":"Fredericton—Oromocto","province_code":"NB"}},
{"type":"Feature","geometry":{"type":"Polygon","coordinates":[[[-64.90480955790177,46.133268019781774],[-65.01742399702863,46.234024004052316],[-65.07357351704677,46.26445716086104],[-65.4164378202298,46.256765481753135],[-65.49146739730031,46.27012971850038],[-65.74907498880721,46.05193281130404],[-65.66913549753653,45.870987271869616],[-65.52207578336754,45.97358676870482],[-65.47758149509541,45.87083464535853],[-65.38378887807954,45.82755110190622],[-65.46121735316305,45.76901680440497],[-65.55239085965916,45.715075843405344],[-65.59875664963712,45.702596336393654],[-65.66729881201438,45.65615395564706],[-65.68766519606875,45.70209170204861],[-65.76412772031215,45.68051049133476],[-65.81400566476107,45.642854190612574],[-65.81435373379377,45.61714508954994],[-65.88773394830301,45.566082137053336],[-65.91749368012768,45.60145193908487],[-66.07408696449424,45.499688772033124],[-66.16607042038657,45.4252188679206],[-66.22973002682481,45.35787085379735],[-66.15000118391067,45.31121659853074],[-66.05733880056887,45.33808018390547],[-66.01373066871636,45.392791757086236],[-65.99273599029203,45.4505905229082],[-65.93878092097482,45.478735017672236],[-65.87197705879525,45.4136951885689],[-65.91585006201841,45.373090554698464],[-65.84666577709974,45.33535538016768],[-65.87886260085601,45.31791240046014],[-65.84426341796436,45.20855196799752],[-65.78023940321219,45.24195800833713],[-65.50072972082786,45.289671977931654],[-65.37763993919803,45.36205658989797],[-65.2296462388354,45.47711816169992],[-65.0299017335703,45.524328593548496],[-64.80607003726527,45.53648958687711],[-64.6116438138927,45.64489299907993],[-64.59197023978932,45.74988885485104],[-64.54110332920854,45.826633700341304],[-64.62401099546024,45.931813161325216],[-64.69997578453741,45.99949132592652],[-64.70755174783658,46.04933592853495],[-64.73469032844089,46.06717885728527],[-64.78845196149523,46.07142614166315],[-64.89756612824485,46.04920954040553],[-64.91997667849013,46.10155090714396],[-64.90480955790177,46.133268019781774]]]},"properties":{"FED_NUM":13004,"ED_NAMEE":"Fundy Royal","province_code":"NB"}},
{"type":"Feature","geometry":{"type":"Polygon","coordinates":[[[-69.05096114557128,47.30009781331862],[-69.0507500560243,47.25648179392167],[-68.90486112078362,47.18047219872065],[-68.81144439128973,47.21516668467993],[-68.6871388328756,47.24442630172262],[-68.60749988239591,47.24698181108562],[-68.58002769062828,47.28712071186154],[-68.5167498530827,47.29609292580984],[-68.37786088958883,47.287370723361406],[-68.38469421209959,47.32409292531419],[-68.33558328648324,47.35972219530412],[-68.22372221253879,47.34469440164345],[-68.1523333182987,47.32205560169587],[-68.13588890386289,47.295638888401804],[-68.01966669225581,47.23850000016528],[-67.95194439666432,47.19452779698074],[-67.88291670745885,47.10441670385256],[-67.7901944107777,47.067222201400135],[-67.78979292863899,46.92451947315311],[-67.70841699221866,46.92308200172192],[-67.54425227644997,47.08372931060804],[-67.5117029776867,47.12517886503688],[-67.57395177283868,47.15357548449276],[-67.29440573438076,47.44067833254747],[-67.04823948800366,47.36272760990438],[-66.94361092713123,47.38418978223533],[-66.92774854682271,47.35003500361122],[-66.63556179411248,47.349437491742535],[-66.55702882099754,47.335581597457285],[-66.53499077758079,47.36496775927263],[-66.56653030596961,47.42129726322865],[-66.6195474521819,47.43821406077947],[-66.67954140440396,47.41639679051863],[-66.80569374518048,47.41549956445424],[-66.2171612327946,47.550645113179755],[-66.10770821526391,47.57728173744515],[-66.00440769789786,47.710754831956024],[-66.1112366494733,47.68574392465797],[-66.15767578539855,47.70013859357798],[-66.15349788531815,47.77231770089547],[-66.11119578941643,47.78616163171858],[-66.10229056797387,47.83649510288844],[-66.0473202109509,47.92756457014395],[-65.89938841185267,47.92124179900763],[-65.79369029469943,47.880868569741736],[-65.72933647708665,48.00002500606904],[-66.00300682644958,48.01635199396185],[-66.0033042695784,48.0305592109032],[-66.20947212112978,48.045437612989225],[-66.25883952894627,48.03657334690819],[-66.38212806773743,48.08816280355518],[-66.50243108387545,48.07702510435249],[-66.5315150395054,48.047264520762326],[-66.69360525750739,48.00681068146072],[-66.7869480308935,47.9918732535325],[-66.85308608276578,48.00144983327648],[-66.92127085596441,47.984605091032144],[-66.96087086338935,47.94689358424338],[-66.97591365740428,47.892659229796855],[-67.05896192791236,47.93561522175435],[-67.13751563961081,47.89463573024229],[-67.21705067446156,47.877362084714186],[-67.33827197681569,47.888157375647424],[-67.38079918029995,47.85421509323125],[-67.51252741584462,47.91371305358081],[-67.60808306170792,47.9368060779299],[-67.5965026397522,47.998064271128264],[-68.12259196754987,47.999745808509275],[-68.12279292973662,47.916442195744835],[-68.3823341832113,47.91611694552059],[-68.38262282125918,47.88004844815157],[-68.3835493349059,47.55309229090118],[-68.56810700723095,47.42714624074606],[-68.7996282355951,47.34894193151117],[-69.05096114557128,47.30009781331862]]]},"properties":{"FED_NUM":13005,"ED_NAMEE":"Madawaska—Restigouche","province_code":"NB"}},
{"type":"Feature","geometry":{"type":"Polygon","coordinates":[[[-64.85086687249468,47.37839191719514],[-64.91676061430755,47.380557603587256],[-64.99111128702368,47.35664038260524],[-65.04127239977937,47.41251001835521],[-65.81588401009044,47.23253277868906],[-66.2171612327946,47.550645113179755],[-66.80569374518048,47.41549956445424],[-66.67954140440396,47.41639679051863],[-66.6195474521819,47.43821406077947],[-66.56653030596961,47.42129726322865],[-66.53499077758079,47.36496775927263],[-66.55702882099754,47.335581597457285],[-66.63556179411248,47.349437491742535],[-66.92774854682271,47.35003500361122],[-66.94361092713123,47.38418978223533],[-67.04823948800366,47.36272760990438],[-66.79594395766063,47.003550600032845],[-66.68408459405123,46.83640562515963],[-66.49826635873339,46.52086620844085],[-66.58627568942585,46.59273779359699],[-66.6476721869013,46.60017931023917],[-66.77046832146283,46.581547494848316],[-66.90652378750774,46.528923328831524],[-66.85571615244834,46.41694070087862],[-66.75555170869782,46.45538981060523],[-66.63046898454695,46.411776267627076],[-66.58036275272599,46.43168430329935],[-66.52656240525957,46.40519753320924],[-66.54759853733066,46.37026582939961],[-66.59816929580921,46.348790066919506],[-66.58421689268617,46.315388869381486],[-66.50983720890277,46.294016036042244],[-66.2009687411368,46.35464922412256],[-66.53400965821837,45.968898355827214],[-66.58189614048086,45.91319112849922],[-66.4997281116727,45.86468390878724],[-66.45383317141648,45.86350555986483],[-66.30967018280809,45.89038825469467],[-66.22604209187284,45.8440348515084],[-66.16636837518134,45.83393053384171],[-66.13423146628503,45.86903473948188],[-66.05174987057684,45.88945474726042],[-65.96616934100592,45.87446095279467],[-65.94096950843333,45.88728799493024],[-65.74907498880721,46.05193281130404],[-65.49146739730031,46.27012971850038],[-65.4164378202298,46.256765481753135],[-65.07357351704677,46.26445716086104],[-65.14337267899012,46.34774328723445],[-64.85991434079014,46.51134919336643],[-64.88298244244127,46.56218329808136],[-64.96725775214864,46.61132543014371],[-65.38608821254721,46.610048006562344],[-65.07000107322494,46.7671868191949],[-64.86354120621102,46.8116722270829],[-64.85178651288716,46.86800131146936],[-64.76253945736426,47.007835915490205],[-64.77855869310767,47.08268109379893],[-64.84203652161258,47.144102038317165],[-64.88522119449838,47.222747580282956],[-64.85086687249468,47.37839191719514]]]},"properties":{"FED_NUM":13006,"ED_NAMEE":"Miramichi—Grand Lake","province_code":"NB"}},
{"type":"Feature","geometry":{"type":"Polygon","coordinates":[[[-64.73469032844089,46.06717885728527],[-64.7265883029003,46.13858603885633],[-64.74510112609835,46.17572132480651],[-64.86552327524474,46.159571284259336],[-64.90480955790177,46.133268019781774],[-64.91997667849013,46.10155090714396],[-64.89756612824485,46.04920954040553],[-64.78845196149523,46.07142614166315],[-64.73469032844089,46.06717885728527]]]},"properties":{"FED_NUM":13007,"ED_NAMEE":"Moncton—Dieppe","province_code":"NB"}},
{"type":"Feature","geometry":{"type":"Polygon","coordinates":[[[-66.15000118391067,45.31121659853074],[-66.13194940142904,45.28677299099868],[-66.03462554073643,45.24660650679405],[-66.05085824428464,45.21404867497526],[-65.96640277208212,45.213493571947346],[-65.9228738938415,45.1875143234485],[-65.84426341796436,45.20855196799752],[-65.87886260085601,45.31791240046014],[-65.84666577709974,45.33535538016768],[-65.91585006201841,45.373090554698464],[-65.87197705879525,45.4136951885689],[-65.93878092097482,45.478735017672236],[-65.99273599029203,45.4505905229082],[-66.01373066871636,45.392791757086236],[-66.05733880056887,45.33808018390547],[-66.15000118391067,45.31121659853074]]]},"properties":{"FED_NUM":13008,"ED_NAMEE":"Saint John—Kennebecasis","province_code":"NB"}},
{"type":"Feature","geometry":{"type":"Polygon","coordinates":[[[-66.15000118391067,45.31121659853074],[-66.22973002682481,45.35787085379735],[-66.16607042038657,45.4252188679206],[-66.07408696449424,45.499688772033124],[-65.91749368012768,45.60145193908487],[-65.88773394830301,45.566082137053336],[-65.81435373379377,45.61714508954994],[-65.81400566476107,45.642854190612574],[-65.76412772031215,45.68051049133476],[-65.68766519606875,45.70209170204861],[-65.66729881201438,45.65615395564706],[-65.59875664963712,45.702596336393654],[-65.55239085965916,45.715075843405344],[-65.46121735316305,45.76901680440497],[-65.38378887807954,45.82755110190622],[-65.47758149509541,45.87083464535853],[-65.52207578336754,45.97358676870482],[-65.66913549753653,45.870987271869616],[-65.74907498880721,46.05193281130404],[-65.94096950843333,45.88728799493024],[-65.96616934100592,45.87446095279467],[-66.05174987057684,45.88945474726042],[-66.13423146628503,45.86903473948188],[-66.16636837518134,45.83393053384171],[-66.22604209187284,45.8440348515084],[-66.30967018280809,45.89038825469467],[-66.45383317141648,45.86350555986483],[-66.48368638245068,45.83017145329961],[-66.63066942427574,45.875084188863795],[-66.6640884103782,45.85409828791977],[-66.71971092521916,45.891779042065004],[-66.88785321364185,45.69541445521012],[-67.05685823229337,45.50345080755644],[-67.29577456524639,45.505717335440494],[-67.2121295408858,45.60110821404645],[-67.22712257523267,45.66183170307313],[-67.27570800672933,45.75493090623062],[-67.3005243580128,45.83816227867025],[-67.33369916324715,45.88517019727779],[-67.57364692243667,45.59890574133619],[-67.49902779001121,45.586638891549086],[-67.45672221085589,45.604333313960694],[-67.4206660895393,45.5496760389558],[-67.42733328645853,45.50091670152411],[-67.50008331496953,45.49088890624548],[-67.4726944140412,45.42322219529353],[-67.4268056159911,45.38975000377097],[-67.42886108079144,45.344333306662676],[-67.47641669322533,45.27538890062041],[-67.46419440443414,45.24511109857123],[-67.38072219554631,45.15213890872429],[-67.3208333006569,45.13133329209317],[-67.2909993316909,45.18759257924912],[-67.22727711324696,45.16342597194874],[-67.15877781069563,45.16200000541427],[-67.11255560985195,45.11258331092475],[-67.02166590256338,44.95392594282277],[-66.96872138714082,44.91039812723996],[-66.98213809115094,44.86725923290208],[-66.86303080978706,44.77903158957387],[-66.91046946814753,44.67640656251396],[-66.91106122171841,44.57881001183468],[-66.8820652445168,44.55868926374136],[-66.7152845439365,44.55568060350965],[-66.67385683189653,44.5986101124044],[-66.66543939793529,44.9166576827849],[-66.50705643037661,45.000009574152415],[-66.2562460074972,45.12244094390706],[-66.18845118388495,45.15102574320524],[-66.09111702874905,45.21176557796046],[-66.05085824428464,45.21404867497526],[-66.03462554073643,45.24660650679405],[-66.13194940142904,45.28677299099868],[-66.15000118391067,45.31121659853074]]]},"properties":{"FED_NUM":13009,"ED_NAMEE":"Saint John—St. Croix","province_code":"NB"}},
{"type":"Feature","geometry":{"type":"Polygon","coordinates":[[[-67.04823948800366,47.36272760990438],[-67.29440573438076,47.44067833254747],[-67.57395177283868,47.15357548449276],[-67.5117029776867,47.12517886503688],[-67.54425227644997,47.08372931060804],[-67.70841699221866,46.92308200172192],[-67.78979292863899,46.92451947315311],[-67.78791065083293,46.58587400225534],[-67.78193393908379,46.27676021608541],[-67.78123223553027,45.94345403811106],[-67.75115992122213,45.91781440544263],[-67.80430560748373,45.86913889260966],[-67.7553332865692,45.823361104912394],[-67.80211109239188,45.80302780472001],[-67.80363890244344,45.67763889032165],[-67.71308329373062,45.68119440429022],[-67.6752222075355,45.63074999708888],[-67.57364692243667,45.59890574133619],[-67.33369916324715,45.88517019727779],[-67.3005243580128,45.83816227867025],[-67.27570800672933,45.75493090623062],[-67.22712257523267,45.66183170307313],[-67.2121295408858,45.60110821404645],[-67.29577456524639,45.505717335440494],[-67.05685823229337,45.50345080755644],[-66.88785321364185,45.69541445521012],[-66.71971092521916,45.891779042065004],[-66.69851030008434,45.916367780626075],[-66.71531182158581,45.958066476592485],[-66.77829754381732,45.95678162490084],[-66.78668558841078,45.99291077019032],[-66.75989762471627,46.023773068151215],[-66.71428585274172,46.01178734942211],[-66.65333555130455,46.050506454048275],[-66.58907238276855,46.027434794673084],[-66.53400965821837,45.968898355827214],[-66.2009687411368,46.35464922412256],[-66.50983720890277,46.294016036042244],[-66.58421689268617,46.315388869381486],[-66.59816929580921,46.348790066919506],[-66.54759853733066,46.37026582939961],[-66.52656240525957,46.40519753320924],[-66.58036275272599,46.43168430329935],[-66.63046898454695,46.411776267627076],[-66.75555170869782,46.45538981060523],[-66.85571615244834,46.41694070087862],[-66.90652378750774,46.528923328831524],[-66.77046832146283,46.581547494848316],[-66.6476721869013,46.60017931023917],[-66.58627568942585,46.59273779359699],[-66.49826635873339,46.52086620844085],[-66.68408459405123,46.83640562515963],[-66.79594395766063,47.003550600032845],[-67.04823948800366,47.36272760990438]]]},"properties":{"FED_NUM":13010,"ED_NAMEE":"Tobique—Mactaquac","province_code":"NB"}},
{"type":"Feature","geometry":{"type":"Polygon","coordinates":[[[-64.51747589882683,60.30439820187958],[-64.62707168427762,60.34648327242761],[-64.86294157162855,60.361462462825834],[-64.86315210513794,60.301228267498296],[-64.9654278157838,60.25744650463225],[-64.93721360761523,60.206625823068556],[-65.00335194911318,60.16502626502162],[-65.01238227904136,60.1329038850284],[-65.07916443239623,60.10231889782217],[-65.0703689168258,60.07120989782749],[-65.1720370508885,60.068855912860634],[-65.2013001077247,59.987324622062296],[-65.29916560967169,59.911123008915595],[-65.57932456442946,59.76483468522768],[-65.5980159323069,59.73443358995813],[-65.57351049180218,59.560599506815855],[-65.62026861607566,59.50653675777041],[-65.88461242447146,59.36591309632042],[-65.95490679833343,59.31137899829775],[-65.9669019835653,59.265106876624394],[-65.9255791948514,59.156525016157126],[-65.94735347926932,58.989023640383984],[-65.92070544755873,58.96607564367676],[-65.9739034131848,58.930368064605986],[-66.15144664564527,58.87752236525097],[-66.28577355624547,58.86646739727296],[-66.33126122542845,58.885176081233475],[-66.46616487204255,58.88526186049944],[-66.50487204621244,58.861210195818714],[-66.51327650920626,58.77190479422069],[-66.60517624616223,58.65573236903005],[-66.68407460672543,58.599616510986046],[-66.82658151237484,58.53180731264605],[-66.92749457705182,58.521130508619905],[-67.13672894773833,58.46560406236671],[-67.23173086522327,58.409059621123376],[-67.57953673458553,58.267030301834424],[-67.67400546822016,58.283872355626755],[-67.68353827151424,58.35960200515668],[-67.64292036471295,58.44156169460018],[-67.71896493884881,58.52327620525757],[-67.89843835594013,58.5807590357737],[-68.00000061816067,58.60001116286094],[-68.16415234458293,58.59341914613565],[-68.25656881695151,58.64139612591242],[-68.24428254833184,58.80599038658541],[-68.3161674146457,58.88488099180899],[-68.41172152955018,58.925287870199696],[-68.59251817084562,58.95212790886922],[-68.7975181929767,58.94798199800175],[-68.91518677117197,58.983114604301925],[-69.0000010748533,59.05440113117059],[-69.17467573144081,59.239293717873565],[-69.2297073025699,59.35632895124904],[-69.41585953537097,59.44802955468068],[-69.46945989067508,59.495529509731206],[-69.4984249824229,59.56559946751252],[-69.47279848250542,59.64030999077756],[-69.48140454203663,59.757203780367014],[-69.46367439624873,59.8080661174069],[-69.48507363072976,59.88501893518111],[-69.58609282420372,59.984149401701664],[-69.53202758848832,60.093901893695595],[-69.55087129045162,60.13693177452641],[-69.53801160683388,60.2104622894394],[-69.66066050946085,60.32338707112735],[-69.65424497247055,60.360085627928505],[-69.70456177093496,60.42513124542709],[-69.68753893989995,60.49992433555387],[-69.6060125365601,60.590012244703956],[-69.64256319579957,60.67020448457421],[-69.59871853855164,60.702534857672255],[-69.47664544025234,60.73321919421348],[-69.33785569681636,60.788308085187325],[-69.26979668576536,60.87528843216543],[-69.376460814812,60.9488444734211],[-69.49063879510993,61.07148781077387],[-69.62037914461416,61.08376257344496],[-69.68453569040746,61.04251927187298],[-69.7509334871053,60.93006052316083],[-69.83995718555347,60.89388047726506],[-69.90776815080949,60.816862968103],[-70.05039631614959,60.87816610487073],[-70.09845358878879,60.98410004299128],[-70.14592692763446,61.010334425149104],[-70.09115744933955,61.06633021469338],[-70.12941093466192,61.095700403200915],[-70.22713267069034,61.0909750977465],[-70.32148242040327,61.10543882561811],[-70.43859563601453,61.07563617033678],[-70.64052988271158,61.05820470039864],[-70.741610985104,61.092058922934335],[-70.85815129229846,61.086301203328304],[-70.9624756135804,61.13036031115301],[-71.18743390983111,61.15230323205081],[-71.23014487757756,61.1741927947919],[-71.37245942278865,61.17758027058309],[-71.44201862302135,61.23045490819675],[-71.52116371016788,61.23821651211014],[-71.64892775943993,61.2998037365946],[-71.55815144508234,61.40244606782726],[-71.5452939550387,61.549925054460964],[-71.500002585019,61.57701198702914],[-71.5508849782734,61.63890876783329],[-71.83468774955622,61.70224292665925],[-71.99792511898335,61.72405587523914],[-72.08249661472644,61.76150341034136],[-72.1579023923423,61.74530518799489],[-72.22609800726457,61.75821029186693],[-72.14045579499884,61.81031259831577],[-72.2133885810851,61.87589410476545],[-72.39335983212759,61.89770569497107],[-72.57985798207376,61.95167080966163],[-72.56516987694334,62.07272849640186],[-72.61270228392243,62.12360992150594],[-72.72692096183069,62.153339993465565],[-72.84757994290382,62.148920996347435],[-73.11806625084839,62.242752238264984],[-73.16862496350141,62.31234447025275],[-73.37376618965551,62.37695429614291],[-73.52627912802882,62.405648055842946],[-73.67135056367276,62.490655542388716],[-73.85650033612538,62.472311264853936],[-74.00000001496693,62.3787621854901],[-74.15610652475442,62.36214551915675],[-74.37741326794334,62.279822317107005],[-74.50653960632272,62.26603923291182],[-74.64449814692296,62.27029274849291],[-74.80848826455586,62.25082067685549],[-75.06549310101984,62.28069649665382],[-75.31650693950776,62.32322072541675],[-75.40041351244946,62.323672738132146],[-75.50000001906693,62.29134473644796],[-75.75911140235077,62.31881586599765],[-75.90149091261547,62.35249297741806],[-75.99999998292951,62.35973249183409],[-76.30137365669866,62.42330728019759],[-76.54773744027156,62.46787452433049],[-76.7280460427384,62.520807998753064],[-76.8434162776455,62.5375088366731],[-77.22449240991888,62.56260371013122],[-77.42550337381176,62.59222868103869],[-77.51549395588347,62.59359140441626],[-77.58252895100674,62.54731272342158],[-77.70064546994963,62.51527150398121],[-77.73503370918584,62.477392851882186],[-77.95022415098575,62.43035274577019],[-78.0302915329716,62.36959388621398],[-78.11392249391669,62.368529014737966],[-78.18055382481917,62.32724311490166],[-78.23312009620487,62.21402944133783],[-78.1943279470509,62.10073126550799],[-78.17822782703459,61.98913435901549],[-78.11835776435592,61.86762908782049],[-78.00878153627836,61.68627495218013],[-77.87608711692405,61.610938920759885],[-77.83202294102779,61.50403935086468],[-77.85469398959526,61.45356702156625],[-77.8212273949165,61.383779180072096],[-77.79999207052191,61.19695816895139],[-77.84473992045027,61.152967173293135],[-77.85862784045622,61.07246058506167],[-77.93661413269676,61.04753398428881],[-78.1260641079626,60.92488691450421],[-78.19143788776707,60.860469886209685],[-78.20615501820322,60.8001379118981],[-78.06464858201862,60.793621116142816],[-77.87064780776127,60.66527157391801],[-77.85529377010197,60.62755945116356],[-77.91107729060548,60.580600971772625],[-77.76887813205917,60.46839966129544],[-77.79555683719353,60.38818603031276],[-77.65804858048507,60.320092892665144],[-77.6547819017264,60.23833995842701],[-77.567251330243,60.156171284507074],[-77.64536594986286,60.11335480977579],[-77.65574750932309,60.04953348486889],[-77.58379784939609,60.01573642710168],[-77.47357564221629,59.901482718814755],[-77.59731939418654,59.757744603703],[-77.74548233004256,59.76584485734651],[-77.8315783318846,59.74287870848197],[-77.87639560339817,59.70439599196559],[-77.88812576904628,59.618709455823904],[-77.86906193744642,59.554490361351995],[-77.98677544800539,59.446264402113066],[-78.00000491512974,59.40433972795014],[-77.93698707242727,59.354185962135865],[-78.03862243543745,59.28231516457033],[-78.03176707900887,59.24554041994451],[-78.13132715408028,59.22532736515539],[-78.29702193195257,59.073308260680214],[-78.47489684779866,58.97645512868066],[-78.5406089895566,58.95336835449081],[-78.55984674992287,58.86321027862651],[-78.64902658518497,58.8228092237811],[-78.62483045039883,58.797345769872805],[-78.60973071127377,58.59818034283664],[-78.14193686735592,58.42943416503648],[-78.04629494222439,58.36360381812961],[-77.80786902164601,58.29871272423339],[-77.5350184262211,58.18427857000885],[-77.54366023047243,58.158862576006776],[-77.44304162632024,58.13014327116392],[-77.21892559522375,58.02008767238434],[-77.21282409973355,57.99706388333812],[-77.0275819851973,57.832688338881646],[-76.9048677574973,57.70540704615109],[-76.88882120687921,57.63496198093607],[-76.80218960668526,57.490788649823195],[-76.71625946280541,57.40419393580278],[-76.63412688986988,57.25988511827948],[-76.57452001949129,57.080593714500964],[-76.5696765783646,56.93959300324348],[-76.5335703659373,56.82390369910619],[-76.5314590955511,56.721396011087144],[-76.55447750223308,56.55424468185563],[-76.55158090261173,56.47522828149243],[-76.51862466867117,56.45889828508703],[-76.54798501047848,56.30131859980547],[-76.6170476447677,56.24652920595548],[-76.65243260734998,56.19440717958022],[-76.64920940385379,56.124742591209],[-76.72002940104412,56.02222629508364],[-76.79862998209475,56.00086548648173],[-76.83052431804657,55.92963280649648],[-76.88476087448687,55.91034870337516],[-77.03501511677833,55.78500198938757],[-77.12371309160568,55.6616569911218],[-77.31688827254256,55.540803008211775],[-77.46211830879031,55.46416829391244],[-77.58084570156116,55.382622609555156],[-77.63779971980098,55.37817279177918],[-77.78881330143999,55.268971210352554],[-78.15749589149878,55.13521659873992],[-78.3165733154762,55.0420158899389],[-78.54603637971081,54.988313200268585],[-78.58097341286846,54.96014851406056],[-78.82609509390858,54.907549192145126],[-78.93337928169134,54.874367509921484],[-78.9556600981241,54.84373799886608],[-79.24540709912385,54.78841040365679],[-79.34981670186033,54.75752008844964],[-79.55561059979208,54.72492589937305],[-79.67588377778182,54.661520198127114],[-79.77077558606963,54.62605353565588],[-79.738946395459,54.58683931409749],[-79.66890339840513,54.55024653305701],[-79.59331726596967,54.47520410779739],[-79.50993181443177,54.42437071715905],[-79.48647307158916,54.28867213207449],[-79.52027960599426,54.14937651226121],[-79.39672835829047,54.08824397172008],[-79.29752133600233,54.06103385279744],[-79.02420705115685,54.01406712177152],[-79.0587534902832,53.99635028695494],[-79.05481062244378,53.95082179061293],[-79.00474451268632,53.915780402225444],[-79.07774548826045,53.879414691474665],[-79.06772758715366,53.78961589521307],[-79.09059857867197,53.713830520964805],[-79.07749879987799,53.596575495544755],[-79.0324777653434,53.57278582180981],[-79.0337741702008,53.53470908065085],[-79.13857828023211,53.50047475916188],[-79.07012470068506,53.42683539912874],[-78.99333634748966,53.38858984457804],[-78.98427941895878,53.26765120845711],[-78.92450598479326,53.228728275893154],[-78.97695913536685,53.1699469546621],[-78.99747942258047,53.01349603616644],[-78.93100032410113,52.981633816122816],[-78.83481121112916,52.96844803336697],[-78.92315723207395,52.91317857306851],[-78.87582778796869,52.861611136534684],[-78.75848824098725,52.84413982074051],[-78.87444152713218,52.752208489925984],[-78.83294916926961,52.70428804026945],[-78.80554497169804,52.62323866951535],[-78.73849777935236,52.61242592722396],[-78.76967073636611,52.56282638366387],[-78.72239459197799,52.51301121614283],[-78.59403144284629,52.50007036211943],[-78.62648883906985,52.45455937033058],[-78.56632063518065,52.44530457727368],[-78.54578634468744,52.35834169551903],[-78.52143817584277,52.332117039659224],[-78.5841867183806,52.28970844890778],[-78.58963004092448,52.147059865645254],[-78.68077578568787,52.07222788390577],[-78.74748411138143,52.03189770850058],[-78.75982026229438,51.98883858479314],[-78.84735964271961,51.94708121377512],[-78.89234201358478,51.959495845436734],[-78.92552356474671,51.84226995302633],[-79.0430932068352,51.78494932622633],[-79.05791266166801,51.75005428016673],[-78.94543984289187,51.64581754682565],[-78.85960527441173,51.587485637763436],[-78.82299141550308,51.46933736251538],[-78.85333007484256,51.45183275815821],[-78.96018666242101,51.458950519978664],[-79.02983352930819,51.526413536602355],[-79.12721123585169,51.566198764839456],[-79.18275272667736,51.63072655018035],[-79.24200074007402,51.67468679076931],[-79.29858124680085,51.693220077632986],[-79.37156572423653,51.692712585846536],[-79.46517030870692,51.66920042898944],[-79.56476058879315,51.61323161489103],[-79.58269525103549,51.530099442065236],[-79.5243306361918,51.47133183850236],[-79.51584871321637,51.460677607705435],[-79.51791005121005,51.009634259662384],[-79.51805788248961,49.008060579899116],[-79.05352611853968,49.00931483720528],[-79.05509555474973,48.99982804159244],[-78.43036284527831,48.999569565419044],[-77.74999999285795,49.00000000155489],[-77.05946174277834,49.00010638067276],[-77.06230464146178,48.963482981210525],[-77.11783262396514,48.93415721879191],[-77.14119858964872,48.86210889639295],[-77.11142741785842,48.83538146350919],[-77.12506553780025,48.8005847854077],[-77.08487674950976,48.723592718158194],[-77.10119713890147,48.63959647555423],[-77.13565569664165,48.575077264454755],[-77.34414769417901,48.574834037752545],[-77.34426127718564,48.5036300305097],[-77.56104213937195,48.503406169256344],[-77.56056126431166,48.287969437311574],[-78.07446987198301,48.28740065945753],[-78.11208957120533,48.25800036811095],[-78.22364895713461,48.25853253357279],[-78.2720544829196,48.29831007791883],[-78.29976652483069,48.14303598154798],[-78.28962195778495,48.04763445169963],[-78.30540406983651,47.99578406409329],[-78.22015945669065,47.99546876167342],[-78.22134764367524,47.70332190128326],[-77.4216198911017,47.702765841249395],[-77.49566180605827,47.5623727089506],[-77.45709640564215,47.53983491075973],[-77.51591598887029,47.47367160339921],[-77.60956068876555,47.43663269957258],[-77.70802538878748,47.41909459049208],[-77.76823041675848,47.42101699765728],[-77.8477033106342,47.32592549903208],[-77.93121710396356,47.269687598611064],[-77.6471026467029,47.269498669893494],[-77.64641484305714,47.2892173623987],[-77.43169474487829,47.289131079855295],[-77.43365642989953,47.14498191795826],[-77.00371361301555,47.14546061934298],[-77.00294301137232,47.28918863572815],[-76.5752135051045,47.28801119832894],[-76.57344931657529,47.60082675474791],[-76.42422667372176,47.51295282470402],[-76.4096520229006,47.56087344377329],[-76.45180411812179,47.62882249031316],[-76.30725099384843,47.66637789556292],[-76.23737158029655,47.72153140815019],[-76.02109698509443,47.723819002386776],[-75.9355568817806,47.8000217020909],[-75.86522149927438,47.80057179760084],[-75.83182487317356,47.766987009493015],[-75.84989996604624,47.711771006225455],[-75.79089173972943,47.695414525649426],[-75.76776796461434,47.82051659700141],[-75.72488174264787,47.84794944904635],[-75.52045724342801,47.846332142737324],[-75.52506216655979,49.0000291530632],[-74.67628161310267,49.00006720147147],[-74.63050221487794,48.96624997471034],[-74.58286985488196,48.96323153417955],[-74.5154686671143,49.00001876580802],[-74.44389030549017,48.9292815568637],[-74.32741095320861,48.93649626230188],[-74.32653808779963,48.98698140014366],[-74.2500238102215,49.15081908854449],[-74.24070877524774,49.283459886858225],[-74.30767906417627,49.26074778193962],[-74.43025299092977,49.325581048318746],[-74.39908833221484,49.366371727769845],[-74.41179046861734,49.42154701479191],[-74.3929900803937,49.46914172765764],[-74.34993169691619,49.502030335466515],[-74.3109749687787,49.479039940077264],[-74.26032451266771,49.51198222861149],[-74.24949205018117,49.570994215975894],[-74.19319026151659,49.613169546697875],[-74.17733251958107,49.676689066255456],[-74.1231924759009,49.69241928102425],[-74.08606009310066,49.76959249619381],[-74.0048519546081,49.805953677686865],[-73.91276471230533,49.896054811382776],[-73.89242901026304,49.95726532345571],[-73.80654598504971,50.03154416685088],[-73.78556548211128,50.07426475522156],[-73.77206265882928,50.216342933604935],[-73.6855265286296,50.21158496563874],[-73.60241897142652,50.34575203966777],[-73.50235230976338,50.3843044162788],[-73.38762418088163,50.48436088565731],[-73.33756638277433,50.576740595570634],[-73.2210436545083,50.706616157609936],[-73.13765713575437,50.752197293295026],[-73.0456253565539,50.702824788925454],[-73.02849281732665,50.66289829815913],[-72.93515339791647,50.71574704221181],[-72.93659925234853,50.761222248574036],[-72.87473007099132,50.806274773368095],[-72.74875171578775,50.82060561278465],[-72.72573586146744,50.77998014533805],[-72.67321037294495,50.74768311296664],[-72.62786490411503,50.772980125075115],[-72.60695703936082,50.83256584352302],[-72.56020919975421,50.82276867605493],[-72.56100569647911,50.74847819043889],[-72.52210907147905,50.74690018049894],[-72.43779185815461,50.78222280337774],[-72.34785059078303,50.88611603749837],[-72.2663463205937,50.94990131760694],[-72.22141042332761,51.0259969329247],[-72.15851427105908,51.02257420679019],[-72.14320430124846,51.06876405686494],[-72.07761441376253,51.14227195179015],[-71.99638727959517,51.17814891660109],[-71.98931130448416,51.229541299225524],[-71.93700398020579,51.27148838854097],[-71.87351377219667,51.27813108246335],[-71.86427906107757,51.3491604913232],[-71.74906895044869,51.35046651615388],[-71.71113251134906,51.37586780462397],[-71.66544468371534,51.47722282981098],[-71.59137770576686,51.495203737095494],[-71.58111225466483,51.586849252423946],[-71.60956911075861,51.60650775314188],[-71.60406509802459,51.69475218120564],[-71.5781117895976,51.748274100871875],[-71.57111896571656,51.813828376586955],[-71.53053781955576,51.83429738542462],[-71.37797663049754,51.85446974737066],[-71.32873014105776,51.91886246253424],[-71.3151182922965,51.966866757397575],[-71.24610561362665,52.02146947820813],[-71.26256714327823,52.05440509867621],[-71.16238307693898,52.12750811529369],[-71.14038844030495,52.16998206909325],[-70.91706238988273,52.25108105581993],[-70.88203857882526,52.27982343290265],[-70.82685262535045,52.2700339121101],[-70.80797578278624,52.2332660003649],[-70.56200387595479,52.31655590228633],[-70.52425560103835,52.306196544935275],[-70.37930412658291,52.338651517241374],[-70.29183464580315,52.34852205156368],[-70.25102779838397,52.40229556967564],[-70.27352117951796,52.41664160189156],[-70.19160315784116,52.51265193731053],[-70.17528472774012,52.59441927658561],[-70.02391715732794,52.69636036264569],[-70.02476184740033,52.918830266661246],[-70.0000000082574,52.91838484725265],[-70.00000001343389,54.99999999853956],[-69.00000002559287,54.99999999466126],[-68.00000002300166,54.99999999944735],[-67.42248808346906,55.000060406661184],[-67.46370387188601,55.06285691722917],[-67.40963252886564,55.08863323742586],[-67.32283786754577,55.08906531443395],[-67.24373025697385,55.059635449699186],[-67.2574846089391,55.02127419522861],[-67.21924254161861,55.000030483554],[-66.76599037157186,55.000016916116465],[-66.73503765266355,55.044052676621426],[-66.75494165324788,55.11357129005544],[-66.74890041761972,55.2156989425904],[-66.70723085962905,55.22712308769461],[-66.82372582244672,55.30696976463141],[-66.77846228213936,55.35238815154819],[-66.69694018258873,55.305323092105176],[-66.66977348310994,55.26944473159931],[-66.60279262793436,55.2689813833499],[-66.49533797570845,55.20510690244299],[-66.4664262467642,55.160262408745794],[-66.35499499954798,55.08320920332929],[-66.25940477894679,54.999749655354016],[-65.24999999566396,54.999999991517164],[-64.7500000200936,54.99999999323508],[-63.99999999882135,54.99999999024585],[-63.558750202153824,55.000050779606596],[-63.556391999554975,55.03444391274296],[-63.61136686487375,55.090803776437205],[-63.54154997279907,55.160097839685186],[-63.56291835571801,55.187616379253],[-63.43187119056765,55.21134265641669],[-63.46263560822977,55.25526469496348],[-63.547410472744126,55.225469003688694],[-63.67947505774644,55.266886879469205],[-63.542063903023994,55.309667194831434],[-63.551922384322374,55.34488735646277],[-63.44224958007438,55.34405973151537],[-63.324848694713154,55.3660469354612],[-63.31978689370687,55.41180634609704],[-63.39303829326413,55.40478096026602],[-63.47856669858446,55.42920555922636],[-63.66539705174078,55.423050567940436],[-63.7367067078304,55.43823928737207],[-63.7754713587324,55.481709009424165],[-63.691482710596134,55.50871130720399],[-63.66547280641645,55.5459875836764],[-63.715982406033056,55.65767367631671],[-63.72513866035342,55.726637915047014],[-63.67420058050535,55.75932511115358],[-63.77702275380527,55.801478761156496],[-63.773612581171115,55.8560540252071],[-63.8450986950057,55.87907340598182],[-63.79258279943667,55.93146170706246],[-63.733941897011455,55.928018482085875],[-63.49577182663852,56.040012957658455],[-63.63672129297659,56.02352270752093],[-63.731262805357915,56.07015237547733],[-63.81105063818525,56.08463485999827],[-63.883694707047255,56.1370323871058],[-63.95308818710757,56.08822713615685],[-64.0021333087265,56.102730308115824],[-64.03596331636594,56.15488104216201],[-63.86293385959011,56.21258888277182],[-63.96710988016566,56.256396683838105],[-64.09049584957614,56.27989780513999],[-64.14343811378927,56.311966390624534],[-64.09935213338636,56.35191260441793],[-64.15274016987559,56.441112116763506],[-63.99301597801823,56.408211268538324],[-63.872916543129726,56.44897044197274],[-63.930632407098656,56.46620704043323],[-63.931062987396,56.53375755021995],[-64.0504613980663,56.60634805734493],[-64.02485801886365,56.65300798515835],[-64.09083627875174,56.653832974065836],[-64.14531439704764,56.699754843026646],[-64.07890733950765,56.76700317314797],[-64.01275954499755,56.77867686243357],[-64.01297796071889,56.84984641832212],[-63.86739598819668,56.88337611165778],[-63.9080998289689,56.92752110412269],[-63.89008339998802,57.08608305913373],[-63.82014840874355,57.07549891117782],[-63.76488551051103,57.139925627164104],[-63.77098500023852,57.196018312876674],[-63.741466856619546,57.24076556933107],[-63.88337348279678,57.27762095958517],[-63.85582077677431,57.33430121621053],[-63.70130115943801,57.368333581975804],[-63.710305510239074,57.42263000383318],[-63.76126085945319,57.4393316686093],[-63.7752213835389,57.49357279475173],[-63.75116860638221,57.53574357246077],[-63.77191590578982,57.59244977159847],[-63.64995148741761,57.62006389022519],[-63.59872732435428,57.66384048040675],[-63.59677043641736,57.74124765034391],[-63.735290898409225,57.66280188104433],[-63.84747641907606,57.719022897767026],[-63.88342166302802,57.71260734521766],[-63.938596251970274,57.788551008977294],[-63.99724891398103,57.81207869105599],[-64.07200128989284,57.770020343216835],[-64.11667541154388,57.811139398513085],[-64.20466183561656,57.97362970943545],[-64.25096032508598,58.03871851837881],[-64.320507802158,58.061487993155],[-64.43309144126655,58.069908092934135],[-64.42173251779367,58.186673666319585],[-64.37356281601913,58.20838059678217],[-64.24750382108967,58.22742144224699],[-64.21777697694944,58.247732199720495],[-64.17222267077578,58.361873267119734],[-64.0225389342977,58.371019215589186],[-63.9865785513278,58.444357918331505],[-63.88111327541137,58.42943966126122],[-63.80785005026312,58.4897461028261],[-63.85869189961414,58.50451440780342],[-63.85819406325023,58.56379764673083],[-63.90736607221652,58.573492087946356],[-63.973578986694676,58.529636084704336],[-64.04693980752353,58.53507082960327],[-64.10494346754028,58.56323000848519],[-64.10792673390011,58.63965068712412],[-64.04722219126714,58.702628471306575],[-63.95025377006223,58.685247329095404],[-63.7543738734814,58.71673706128116],[-63.619283531607884,58.723860622286495],[-63.50679394948665,58.74257462865298],[-63.49215735582922,58.768545213457436],[-63.55078507986677,58.836550116026714],[-63.595341144194315,58.857175760304195],[-63.77768332719866,58.884058759519654],[-63.8121379587254,58.84706279433042],[-64.04533757307291,58.810350373070506],[-64.069708783911,58.76908619519188],[-64.13779286316445,58.746166875643915],[-64.17878497502831,58.78903959030708],[-64.2297045684555,58.78364847555771],[-64.23365670918133,58.86411334483185],[-64.33254016408912,58.90456276055512],[-64.45580099018427,58.9082166715118],[-64.55018251993712,58.88745542958054],[-64.65165020089913,58.94375204186285],[-64.73066993038792,58.95078403662892],[-64.82071351239632,58.916892719727194],[-64.86501590226437,59.01540497336811],[-64.77923880788735,59.07495744102695],[-64.6832569310324,59.07469538859631],[-64.6702752112004,59.03861442942588],[-64.57061953985081,59.027274787651926],[-64.46030109112064,58.98151425325612],[-64.38770532323048,59.00618381432929],[-64.26179115452031,59.01295656553329],[-64.31517598856995,59.065629763174485],[-64.49030914093572,59.0990750685208],[-64.47271469843052,59.18039119890589],[-64.52184746056446,59.19674112085862],[-64.48860346888318,59.25711006967175],[-64.54353627482661,59.310435058790304],[-64.49330274791805,59.349576142962476],[-64.53833896675962,59.37078193391539],[-64.51159836477589,59.42297985279446],[-64.32406931040391,59.51277412720615],[-64.43376621240361,59.54197359771055],[-64.58967262503671,59.46618266111804],[-64.67983493043613,59.4469051433882],[-64.76414507291891,59.514868004353595],[-64.83962958358593,59.55334198755025],[-64.89825949014254,59.64178327730603],[-64.76048544967361,59.70655815855312],[-64.82522452920952,59.82560797866778],[-64.74152160062972,59.889298937736285],[-64.64097704952717,59.907448062460254],[-64.6622304620335,59.952553964122615],[-64.73219127727596,59.95052452176699],[-64.78277649938347,59.980401411857],[-64.84022843760764,59.9703190769897],[-64.89587553674968,60.06620929326446],[-64.7427139867587,60.056131130305964],[-64.70798684742267,60.08460914463881],[-64.59371586445997,60.1170312731818],[-64.60247105314822,60.16701462173018],[-64.74556250617545,60.16862804621867],[-64.74987957301425,60.188155583779086],[-64.86394126676502,60.228196803110656],[-64.85377782467285,60.26941146186449],[-64.72342587286525,60.291478301512875],[-64.51747589882683,60.30439820187958]]]},"properties":{"FED_NUM":24001,"ED_NAMEE":"Abitibi—Baie-James—Nunavik—Eeyou","province_code":"QC"}},
{"type":"Feature","geometry":{"type":"Polygon","coordinates":[[[-79.51805788248961,49.008060579899116],[-79.51748589338352,47.92687405630742],[-79.5170805333327,47.53316399311762],[-79.5473893234085,47.517826164251275],[-79.58647279334008,47.44563884792464],[-79.5810343613752,47.41511400998787],[-79.42684265021019,47.250069240158226],[-79.4429928609731,47.10099710374979],[-79.3467991832795,47.00785849338934],[-79.32966575029461,46.95718677808055],[-79.21400810871306,46.8332355622061],[-79.17082153696376,46.82521851189218],[-79.09432289146405,46.688295713807456],[-79.01525073914881,46.62685229386745],[-78.98987072497222,46.5488555277112],[-78.89272200030159,46.46191530950758],[-78.72710717255599,46.38287269303594],[-78.72823126304816,46.342338688094344],[-78.67582234312522,46.31823377778111],[-78.59705837404273,46.31885264133565],[-78.5138770032216,46.29687612352536],[-78.40347142936612,46.293388299923215],[-78.30958080965137,46.25316902089439],[-78.26049054853317,46.27394403544853],[-78.1351427861664,46.274727986915536],[-78.04268605280032,46.24251181883322],[-77.98798594533619,46.24656224481334],[-77.8501676021064,46.207969685978625],[-77.8536841259906,46.27734836210362],[-77.80238123086481,46.364450529554176],[-77.74174729976022,46.4048896365],[-77.77635986178413,46.45285267519153],[-77.76106095277355,46.51197980009721],[-77.78545641802205,46.6024401885484],[-77.85668699433234,46.641343785644466],[-77.81929438892905,46.705850887828106],[-77.83804780556143,46.77405239895643],[-77.82351861895054,46.81702689863502],[-77.88318959971117,46.82176408739188],[-77.87313521160033,46.90449959499422],[-77.84270870342192,46.940774011269326],[-77.82794440461483,47.06015519283263],[-77.85837230878707,47.23628211002228],[-77.93121710396356,47.269687598611064],[-77.8477033106342,47.32592549903208],[-77.76823041675848,47.42101699765728],[-77.70802538878748,47.41909459049208],[-77.60956068876555,47.43663269957258],[-77.51591598887029,47.47367160339921],[-77.45709640564215,47.53983491075973],[-77.49566180605827,47.5623727089506],[-77.4216198911017,47.702765841249395],[-78.22134764367524,47.70332190128326],[-78.22015945669065,47.99546876167342],[-78.30540406983651,47.99578406409329],[-78.28962195778495,48.04763445169963],[-78.29976652483069,48.14303598154798],[-78.2720544829196,48.29831007791883],[-78.22364895713461,48.25853253357279],[-78.11208957120533,48.25800036811095],[-78.07446987198301,48.28740065945753],[-77.56056126431166,48.287969437311574],[-77.56104213937195,48.503406169256344],[-77.34426127718564,48.5036300305097],[-77.34414769417901,48.574834037752545],[-77.13565569664165,48.575077264454755],[-77.10119713890147,48.63959647555423],[-77.08487674950976,48.723592718158194],[-77.12506553780025,48.8005847854077],[-77.11142741785842,48.83538146350919],[-77.14119858964872,48.86210889639295],[-77.11783262396514,48.93415721879191],[-77.06230464146178,48.963482981210525],[-77.05946174277834,49.00010638067276],[-77.74999999285795,49.00000000155489],[-78.43036284527831,48.999569565419044],[-79.05509555474973,48.99982804159244],[-79.05352611853968,49.00931483720528],[-79.51805788248961,49.008060579899116]]]},"properties":{"FED_NUM":24002,"ED_NAMEE":"Abitibi—Témiscamingue","province_code":"QC"}},
{"type":"Feature","geometry":{"type":"Polygon","coordinates":[[[-73.73562502630692,45.529323757161826],[-73.76370986734197,45.511898138256235],[-73.75568305275547,45.50640605060648],[-73.64816903230104,45.53142604804429],[-73.62177172942418,45.55504935054616],[-73.64533369916433,45.56481888801831],[-73.66678829438487,45.57622398480351],[-73.67547172572465,45.55730426473927],[-73.73562502630692,45.529323757161826]]]},"properties":{"FED_NUM":24003,"ED_NAMEE":"Ahuntsic-Cartierville","province_code":"QC"}},
{"type":"Feature","geometry":{"type":"Polygon","coordinates":[[[-73.74507631086622,45.668482397187645],[-73.75361933423405,45.661329008722646],[-73.7165443503744,45.59256237153433],[-73.67547172572465,45.55730426473927],[-73.66678829438487,45.57622398480351],[-73.62414824806972,45.63499632656245],[-73.52387253251808,45.69922319161125],[-73.59831216934519,45.68933488059325],[-73.68083786291258,45.69420909724077],[-73.74507631086622,45.668482397187645]]]},"properties":{"FED_NUM":24004,"ED_NAMEE":"Alfred-Pellan","province_code":"QC"}},
{"type":"Feature","geometry":{"type":"Polygon","coordinates":[[[-75.78036087456414,45.96423073436396],[-75.7379794981685,45.91403871174036],[-75.72481727444466,45.784547148889075],[-75.83201540418617,45.77723160008309],[-75.81597847185148,45.62201734227841],[-75.69856962194531,45.639090272690304],[-75.68369102358655,45.55057687629657],[-75.67754388550001,45.507328960731954],[-75.52807555952155,45.514146727951605],[-75.54243625159359,45.48956598259534],[-75.48178314876832,45.51227021046464],[-75.39104194093349,45.52417785250093],[-75.31699439219359,45.54617074572624],[-75.24261394951264,45.585508709083086],[-75.11350228867788,45.578618289181655],[-74.98897970005771,45.61078484579276],[-74.94301048026038,45.64340540135338],[-74.72934567182479,45.628326088540284],[-74.6380607099053,45.63875815220907],[-74.5351100602814,45.59483251736901],[-74.47236640069356,45.5937318084928],[-74.38087638693001,45.565904433426226],[-74.31883496602045,45.50487637712945],[-74.24497964237759,45.506438678530486],[-74.22282795279303,45.6259845663144],[-74.2488580919111,45.66322836670003],[-74.20841934750325,45.6869620027192],[-74.20391180365017,45.70507608970959],[-74.33327511663649,45.740083023083955],[-74.53645190237488,45.76357706901441],[-74.50163287622229,45.91157773952252],[-74.70853984816117,45.93180182963716],[-74.69821608530034,45.97178112867497],[-74.76340464565321,45.97295632847307],[-74.80218068167004,45.944102052049466],[-74.85798974004703,46.01667779953339],[-74.85894223403923,46.06320814534865],[-74.94093017592628,46.06184424274366],[-74.93998378109033,46.10616001029138],[-75.0899040019671,46.10325026790386],[-75.07558743404948,46.216122891696564],[-75.1174657923859,46.2159366812694],[-75.21122263561695,46.098001115520184],[-75.40765792862713,46.09713872655821],[-75.40733497716487,45.97240418250535],[-75.66907789034991,45.97031857215788],[-75.78036087456414,45.96423073436396]]]},"properties":{"FED_NUM":24005,"ED_NAMEE":"Argenteuil—La Petite-Nation","province_code":"QC"}},
{"type":"Feature","geometry":{"type":"Polygon","coordinates":[[[-71.11919407895913,46.63004361309428],[-71.18869563390986,46.58121419334774],[-71.16356535558647,46.55311491752354],[-71.22865961268813,46.48152495323232],[-71.10282243986163,46.35831128188156],[-71.10495089607642,46.30920431335037],[-70.97898735637601,46.19016542736623],[-71.01339101514549,46.167952845549806],[-70.9701380815543,46.115890767658776],[-71.02523852689075,46.058015295666884],[-70.98856406770689,46.023988973235554],[-71.04649651826739,46.00634971450807],[-71.10680416382418,45.94609731578066],[-70.96817805666261,45.90104675888994],[-70.8958523830752,45.890774538107365],[-70.89259801355546,45.780068003048356],[-70.63168758631267,45.77890751511405],[-70.49956686063177,45.82706808289757],[-70.47122184058514,45.78892412281781],[-70.41382958704973,45.79609938090767],[-70.34195260462562,45.852791175466194],[-70.28434840926721,45.871790972930846],[-70.24021456810496,45.93967365151004],[-70.31210761555845,45.962063166631026],[-70.3175953271038,46.01967439700473],[-70.2808697560317,46.05127413604897],[-70.3011073841529,46.083125030369885],[-70.2371500826854,46.14482510390905],[-70.29030221985491,46.185126295629296],[-70.2678833903642,46.22100929028376],[-70.28667576135715,46.23709934488912],[-70.37223993863748,46.21257360120515],[-70.46750347996719,46.275284955120725],[-70.5143268173081,46.281787893286875],[-70.51157800711697,46.32048398456833],[-70.66213223772029,46.42451097481679],[-70.74398111289258,46.4939097901746],[-70.8138380274035,46.528360436897735],[-70.83673900931335,46.513435870034165],[-70.9232398650145,46.5777895255581],[-71.04199751127459,46.59032260022276],[-71.04874269877457,46.62085584163783],[-71.11919407895913,46.63004361309428]]]},"properties":{"FED_NUM":24006,"ED_NAMEE":"Beauce","province_code":"QC"}},
{"type":"Feature","geometry":{"type":"Polygon","coordinates":[[[-74.6685684481127,45.00435508043779],[-74.33085304587864,44.99183530995285],[-74.15005184263755,44.991143167677784],[-73.9827037176897,44.99726365416864],[-73.9961356399738,45.04067747632537],[-73.87342907643107,45.10385530124955],[-73.95045159604555,45.162463450374844],[-73.85767168437852,45.21815650879319],[-73.8112890627128,45.31373553946882],[-73.85195556129852,45.357149820274486],[-73.91036166241693,45.33662433050159],[-73.99956711302968,45.334758496930824],[-74.097881241423,45.372256745890155],[-74.24272823873099,45.38887224034905],[-74.23034754040386,45.43000581948301],[-74.32981665410628,45.44413534120374],[-74.42137672343438,45.439793403061316],[-74.43837861840504,45.3937926923383],[-74.47191127919558,45.30273421056975],[-74.3203808949773,45.186936522248224],[-74.44167199607352,45.13081282172309],[-74.49300576479621,45.066127065218424],[-74.59651067430198,45.04142576158432],[-74.6685684481127,45.00435508043779]]]},"properties":{"FED_NUM":24007,"ED_NAMEE":"Beauharnois—Salaberry—Soulanges—Huntingdon","province_code":"QC"}},
{"type":"Feature","geometry":{"type":"Polygon","coordinates":[[[-72.5993569103313,46.28472818620388],[-72.70324053010604,46.24996079107767],[-72.79461316663667,46.20495532200858],[-72.95842009137907,46.15024716363219],[-72.96580200154087,46.1151216447046],[-73.03657262631502,46.10930170148515],[-73.09768305380388,46.062091833552415],[-73.147133713992,46.05016682338795],[-73.18577979351258,45.98437783484242],[-73.16487428582379,45.968836617279536],[-73.20387871012223,45.87540224063226],[-73.12359389446544,45.81798008384608],[-73.05934054516152,45.88909418225278],[-72.93492361615638,45.87171520692921],[-72.89844129223773,45.90799327955557],[-72.85440222472468,45.878002804405966],[-72.75260547568195,45.94304599160279],[-72.80501596090888,45.98116607533658],[-72.73387291136046,46.03249170403713],[-72.65741939658999,46.00627866376921],[-72.58796255668996,46.01612239661443],[-72.56460994393633,46.06174125420092],[-72.51762826373927,46.09757839022123],[-72.48207606054622,46.039898728298056],[-72.35444809059003,46.058798467976025],[-72.30507419581026,46.03299314876351],[-72.16286569645796,46.122812655040015],[-72.1863030780484,46.194554603833424],[-72.17745465985739,46.220937523781195],[-72.11897542018234,46.26145408225957],[-72.08212040295984,46.250302150524746],[-72.01549904571424,46.30521961103621],[-71.94480598708824,46.29295699377429],[-71.89168968172768,46.326629162361435],[-71.97459973867929,46.3867264450104],[-71.88115693814588,46.45075228189348],[-72.05669321309814,46.57198062247719],[-72.08144371704445,46.57002546400694],[-72.18308090508408,46.54645993776545],[-72.2283546063488,46.500415224337154],[-72.25154080962018,46.44332130509344],[-72.28255626649315,46.42839301826864],[-72.46112822083948,46.38349795338784],[-72.48050702126046,46.367877002052815],[-72.5993569103313,46.28472818620388]]]},"properties":{"FED_NUM":24009,"ED_NAMEE":"Bécancour—Nicolet—Saurel—Alnôbak","province_code":"QC"}},
{"type":"Feature","geometry":{"type":"Polygon","coordinates":[[[-71.24653926765764,46.87970421761652],[-71.26250988636484,46.83547130063907],[-71.1884504579896,46.825884538822166],[-71.16790419386479,46.84407538176563],[-71.1335962760789,46.88135592567328],[-71.16999200133301,46.902448340768956],[-71.24653926765764,46.87970421761652]]]},"properties":{"FED_NUM":24008,"ED_NAMEE":"Beauport—Limoilou","province_code":"QC"}},
{"type":"Feature","geometry":{"type":"Polygon","coordinates":[[[-71.25001572361862,46.76231044889079],[-71.22109063042154,46.74011416956688],[-71.15318778691083,46.74245950161207],[-71.12401257713512,46.71918973953481],[-71.11919407895913,46.63004361309428],[-71.04874269877457,46.62085584163783],[-71.04199751127459,46.59032260022276],[-70.9232398650145,46.5777895255581],[-70.83673900931335,46.513435870034165],[-70.8138380274035,46.528360436897735],[-70.74398111289258,46.4939097901746],[-70.66213223772029,46.42451097481679],[-70.51157800711697,46.32048398456833],[-70.5143268173081,46.281787893286875],[-70.46750347996719,46.275284955120725],[-70.37223993863748,46.21257360120515],[-70.28667576135715,46.23709934488912],[-70.2678833903642,46.22100929028376],[-70.19180981335614,46.34972020426408],[-70.0570109127117,46.41491181022966],[-70.04645179985148,46.464192095711205],[-70.18974838248394,46.563645430547595],[-70.16304897260041,46.58179255291433],[-70.29648599056024,46.6766528818155],[-70.32419647101158,46.65787918157693],[-70.57908608532355,46.83563751030822],[-70.62797229701886,46.802116705925265],[-70.6792591415071,46.83530105385101],[-70.70370266999997,46.80637358650484],[-70.7711898575339,46.85527456068893],[-70.75246318958716,46.885157427192055],[-70.81621345034837,46.930314239965405],[-71.0042641273492,46.84993376849985],[-71.08006240273654,46.83959515618693],[-71.16790419386479,46.84407538176563],[-71.1884504579896,46.825884538822166],[-71.24455144747567,46.76572608013678],[-71.25001572361862,46.76231044889079]]]},"properties":{"FED_NUM":24010,"ED_NAMEE":"Bellechasse—Les Etchemins—Lévis","province_code":"QC"}},
{"type":"Feature","geometry":{"type":"Polygon","coordinates":[[[-73.26513298241395,45.55844930968109],[-73.23175042778006,45.53506003076266],[-73.30834339519767,45.40613116858152],[-73.22001828841647,45.362063206879476],[-73.15968783039705,45.37766231510609],[-73.12036681954025,45.40311262029614],[-73.07263307252857,45.475952639198184],[-73.0625120287036,45.53831090342127],[-73.1302129372009,45.5892093888474],[-73.17898698206783,45.624565966779954],[-73.22514109190624,45.60325240068788],[-73.26513298241395,45.55844930968109]]]},"properties":{"FED_NUM":24011,"ED_NAMEE":"Beloeil—Chambly","province_code":"QC"}},
{"type":"Feature","geometry":{"type":"Polygon","coordinates":[[[-73.41971070922715,46.88532513890957],[-73.4538901677501,46.78373442281779],[-73.46273919111867,46.70709967605423],[-73.43756718261831,46.669811355373874],[-73.43569303781057,46.598631173266995],[-73.36140955812147,46.61815015233246],[-73.28319771800588,46.533431898671566],[-73.33336477810073,46.49844114566266],[-73.45538461710645,46.586212071641484],[-73.56293554524242,46.517849418831915],[-73.51799679122549,46.48753923104126],[-73.68253220386256,46.389172214297155],[-73.55617716365876,46.29996010085147],[-73.64048969311177,46.26589724397941],[-73.56721607142856,46.20367105182833],[-73.4803413765711,46.17302598063148],[-73.48653468842167,46.14134973666059],[-73.40399929685825,46.11776180786309],[-73.41164500856709,46.069541295312476],[-73.2613595554944,46.04496324378739],[-73.27880862125414,46.01393371395662],[-73.39204338648767,45.90523480277788],[-73.34483386528493,45.87134436384382],[-73.38631174533923,45.843368776419666],[-73.41600521379324,45.79546241250714],[-73.39432996995889,45.780530070180426],[-73.31720044442888,45.80847261686333],[-73.24316072362952,45.88627782532599],[-73.18577979351258,45.98437783484242],[-73.147133713992,46.05016682338795],[-73.09768305380388,46.062091833552415],[-73.03657262631502,46.10930170148515],[-72.96580200154087,46.1151216447046],[-72.95842009137907,46.15024716363219],[-72.79461316663667,46.20495532200858],[-72.70324053010604,46.24996079107767],[-72.5993569103313,46.28472818620388],[-72.70245264880496,46.35555749766871],[-72.73976082429245,46.400746453666265],[-72.70436044745264,46.42411452374933],[-72.77542387603758,46.48053601320208],[-72.76642906750605,46.54612514232367],[-72.87027765135717,46.62067622631551],[-72.85078989410067,46.633623665874694],[-72.90998038872131,46.72393817245271],[-72.99529281173295,46.745530659230454],[-72.98820830124532,46.682859151520645],[-73.03331991295377,46.65361214543094],[-73.06370273867272,46.706273608847795],[-73.10966190433305,46.70422097181801],[-73.17913489491302,46.750947757813066],[-73.13300326476283,46.78904441106634],[-73.13345354478052,46.832549465654814],[-73.20711973465437,46.84395310988635],[-73.24421636090844,46.8824706525712],[-73.31225274478633,46.8706302937391],[-73.41971070922715,46.88532513890957]]]},"properties":{"FED_NUM":24012,"ED_NAMEE":"Berthier—Maskinongé","province_code":"QC"}},
{"type":"Feature","geometry":{"type":"Polygon","coordinates":[[[-73.66678829438487,45.57622398480351],[-73.64533369916433,45.56481888801831],[-73.60888439447658,45.60846706725746],[-73.62414824806972,45.63499632656245],[-73.66678829438487,45.57622398480351]]]},"properties":{"FED_NUM":24013,"ED_NAMEE":"Bourassa","province_code":"QC"}},
{"type":"Feature","geometry":{"type":"Polygon","coordinates":[[[-72.9948131555044,45.33756677825493],[-73.04886019103236,45.32531562207438],[-73.0498802627148,45.26705356585914],[-73.091588429412,45.196402123993096],[-73.13154406304486,45.20598986848858],[-73.22901999037177,45.185631684373796],[-73.25322162352664,45.13457889299069],[-73.31987961809402,45.082472399361464],[-73.34362256133655,45.01070828747083],[-73.06606137932994,45.01597837857297],[-72.63461726255561,45.014723023016394],[-72.55540163827554,45.00806034790065],[-72.23773292850619,45.004769668737914],[-72.27714599183808,45.065928523294296],[-72.2748018863043,45.13315142265149],[-72.24884447049418,45.161871002138156],[-72.10161532935471,45.16087023981948],[-72.10531663198083,45.38522883990696],[-72.14637525645024,45.42832210918883],[-72.23762712241493,45.44976447347831],[-72.24885189132844,45.374648558113186],[-72.46302090620772,45.37517819925228],[-72.46271137800882,45.30743532609319],[-72.58799365784901,45.307314950437366],[-72.6215022152439,45.333325064708134],[-72.76205560403898,45.34143581639216],[-72.78442261620162,45.299864223649394],[-72.85072678095008,45.29898914223161],[-72.8823784095505,45.264552970384415],[-72.9948131555044,45.33756677825493]]]},"properties":{"FED_NUM":24014,"ED_NAMEE":"Brome—Missisquoi","province_code":"QC"}},
{"type":"Feature","geometry":{"type":"Polygon","coordinates":[[[-73.52570479855272,45.51891005811348],[-73.51917758711696,45.49516550923531],[-73.52161447484556,45.437651331290546],[-73.38665189964665,45.413199943327086],[-73.3799495783276,45.432982694675644],[-73.52570479855272,45.51891005811348]]]},"properties":{"FED_NUM":24015,"ED_NAMEE":"Brossard—Saint-Lambert","province_code":"QC"}},
{"type":"Feature","geometry":{"type":"Polygon","coordinates":[[[-71.3359814673412,46.955435939410414],[-71.37403869476364,46.93261708670818],[-71.44773413323097,46.96903878633497],[-71.43854807072583,46.914640438942506],[-71.3502043876166,46.85644166941523],[-71.2788550764179,46.83094777928341],[-71.26250988636484,46.83547130063907],[-71.24653926765764,46.87970421761652],[-71.26194061281788,46.91611968121933],[-71.3359814673412,46.955435939410414]]]},"properties":{"FED_NUM":24016,"ED_NAMEE":"Charlesbourg—Haute-Saint-Charles","province_code":"QC"}},
{"type":"Feature","geometry":{"type":"Polygon","coordinates":[[[-73.85195556129852,45.357149820274486],[-73.8112890627128,45.31373553946882],[-73.85767168437852,45.21815650879319],[-73.95045159604555,45.162463450374844],[-73.87342907643107,45.10385530124955],[-73.9961356399738,45.04067747632537],[-73.9827037176897,44.99726365416864],[-73.65154034928103,45.00264346615824],[-73.41070972566378,45.009788574616955],[-73.39106213126085,45.04245215636961],[-73.39979750135234,45.10742864672507],[-73.35626671417812,45.13232688584139],[-73.3518703899344,45.23428277182034],[-73.38572390297301,45.25724388755688],[-73.36974095879317,45.3117622181113],[-73.40842818829583,45.328903584698125],[-73.50249544751827,45.285285843720935],[-73.63399554845478,45.314696446203016],[-73.75248349803599,45.39956440263112],[-73.75275863167089,45.417604627779575],[-73.7669278765346,45.41598355902492],[-73.80528954875855,45.39848100743674],[-73.85195556129852,45.357149820274486]]]},"properties":{"FED_NUM":24017,"ED_NAMEE":"Châteauguay—Les Jardins-de-Napierville","province_code":"QC"}},
{"type":"Feature","geometry":{"type":"Polygon","coordinates":[[[-70.07879830511654,48.25612210371324],[-70.16804971896913,48.26480933813748],[-70.35569075775419,48.34630860392738],[-70.46504052045297,48.35829308660487],[-70.4547467729207,48.4083750452643],[-70.51346652692145,48.419206865742],[-70.48945855504613,48.4810381369377],[-70.84371621569416,48.54426880107468],[-70.93755579129856,48.60834037557092],[-70.86922593389865,48.633136182934166],[-70.8181077735323,48.68337633300144],[-71.20990888458302,48.75248825389475],[-71.26580897504307,48.61482537216322],[-71.23381036558195,48.562902610913994],[-71.17446911780074,48.528180522420456],[-71.19953091760463,48.462611596449456],[-71.1222689858954,48.442069714236304],[-71.13020826502166,48.398578910906224],[-71.07239822048189,48.38276587369106],[-71.00595505889237,48.334835323647894],[-71.02072057115741,48.30027132895483],[-70.84700307941264,48.23440535540342],[-70.9855780569035,48.11359777980666],[-70.91472826332951,48.1133213965281],[-70.91385663838439,47.99990937227477],[-70.25939834749317,48.000011931792805],[-70.17230499351987,48.124758266289916],[-69.95674838959529,48.05749290600613],[-69.87082383513585,48.18161342309786],[-69.89403969217787,48.226488611324676],[-69.99417578987368,48.251836897107665],[-70.07879830511654,48.25612210371324]]]},"properties":{"FED_NUM":24018,"ED_NAMEE":"Chicoutimi—Le Fjord","province_code":"QC"}},
{"type":"Feature","geometry":{"type":"Polygon","coordinates":[[[-71.13146210317684,45.246716059217846],[-71.13300290623306,45.4582569960856],[-71.16026593128272,45.45824740790951],[-71.15859531597656,45.53589154324739],[-71.23255949112827,45.58074206877885],[-71.20726319730224,45.64248205249976],[-71.43667967158947,45.798743349937396],[-71.58549921403979,45.6930722852502],[-71.61184871682302,45.712251588000186],[-71.7092372153849,45.64462980613783],[-71.77528794266982,45.65030558806858],[-71.93258963447079,45.513190206314505],[-71.98740170492813,45.519248963251414],[-72.06848183006713,45.43983331515112],[-72.06670636439587,45.400502009738446],[-72.10531663198083,45.38522883990696],[-72.10161532935471,45.16087023981948],[-72.24884447049418,45.161871002138156],[-72.2748018863043,45.13315142265149],[-72.27714599183808,45.065928523294296],[-72.23773292850619,45.004769668737914],[-71.9140948968486,45.007668639237686],[-71.50528453221357,45.0133998633666],[-71.49829891702899,45.06850400177352],[-71.46935500502738,45.08378098994103],[-71.39745409586797,45.20298828945728],[-71.40343440228523,45.24261051513889],[-71.35930422869431,45.25049749811122],[-71.28561029571097,45.30054775951657],[-71.22999426987073,45.249464591362845],[-71.13146210317684,45.246716059217846]],[[-71.82102520889974,45.43107105037541],[-71.81951942418813,45.394892273742144],[-71.89378736029096,45.38162053121217],[-71.96396365746153,45.35018894937903],[-71.98489452826534,45.40912192346644],[-71.95696723929946,45.439934706980864],[-71.82221931605702,45.453202066166035],[-71.82102520889974,45.43107105037541]]]},"properties":{"FED_NUM":24019,"ED_NAMEE":"Compton—Stanstead","province_code":"QC"}},
{"type":"Feature","geometry":{"type":"Polygon","coordinates":[[[-69.05096114557128,47.30009781331862],[-68.7996282355951,47.34894193151117],[-68.56810700723095,47.42714624074606],[-68.3835493349059,47.55309229090118],[-68.38262282125918,47.88004844815157],[-68.65942513174876,48.06577265157108],[-68.74477257699827,48.00912396463653],[-68.71361491760743,47.98802621924849],[-68.85026551300004,47.8953470410226],[-68.95072354273229,47.89474577807414],[-68.99229543857976,47.955760163174446],[-69.11622616481755,47.85762339011812],[-69.16852198744651,47.87648801662044],[-69.15130629920293,47.93504820587391],[-69.11385659876757,47.98287386971243],[-69.16553283451157,48.01760492491386],[-69.2066201050017,47.98918533227119],[-69.27592444041667,48.03715231009705],[-69.24459797937217,48.06796793624413],[-69.38885710925362,48.16744669783585],[-69.53633729988762,48.05613266801165],[-69.61043644957039,48.00007908313375],[-69.71967791818983,47.89159810557821],[-69.87538338923757,47.697873328945384],[-69.94287951001479,47.632613298946666],[-70.08899897384867,47.5420203945638],[-70.14627320962614,47.45683932369323],[-70.31076814663113,47.32171799374938],[-70.43077987826989,47.28277971549086],[-70.46422036428183,47.26032870181769],[-70.46816323835786,47.213711203255706],[-70.67175286367738,47.070471581052075],[-70.69807829117443,47.01888237885441],[-70.81621345034837,46.930314239965405],[-70.75246318958716,46.885157427192055],[-70.7711898575339,46.85527456068893],[-70.70370266999997,46.80637358650484],[-70.6792591415071,46.83530105385101],[-70.62797229701886,46.802116705925265],[-70.57908608532355,46.83563751030822],[-70.32419647101158,46.65787918157693],[-70.29648599056024,46.6766528818155],[-70.16304897260041,46.58179255291433],[-70.18974838248394,46.563645430547595],[-70.04645179985148,46.464192095711205],[-69.99708279571814,46.695831404789686],[-69.22380981287081,47.45968769100238],[-69.17593389155881,47.45679328861685],[-69.03470888299556,47.4030632963649],[-69.0541031046991,47.37464324765924],[-69.05096114557128,47.30009781331862]]]},"properties":{"FED_NUM":24020,"ED_NAMEE":"Côte-du-Sud—Rivière-du-Loup—Kataskomiq—Témiscouata","province_code":"QC"}},
{"type":"Feature","geometry":{"type":"Polygon","coordinates":[[[-67.42248808346906,55.000060406661184],[-68.00000002300166,54.99999999944735],[-69.00000002559287,54.99999999466126],[-70.00000001343389,54.99999999853956],[-70.0000000082574,52.91838484725265],[-70.02476184740033,52.918830266661246],[-70.02391715732794,52.69636036264569],[-70.0259645001483,52.16934375024558],[-70.02255738423158,51.66331622402427],[-70.02485800804409,51.56248782830521],[-70.02563442161713,50.00002915406494],[-70.03389062804136,49.79714099279599],[-70.01981369781303,49.79735092631781],[-70.01853470340707,49.000022198328494],[-70.00999614645703,49.00001240758125],[-70.00849681677164,48.35795647172336],[-70.07879830511654,48.25612210371324],[-69.99417578987368,48.251836897107665],[-69.89403969217787,48.226488611324676],[-69.87082383513585,48.18161342309786],[-69.84235954954079,48.15430676767578],[-69.70259164006089,48.12731364457126],[-69.53633729988762,48.05613266801165],[-69.38885710925362,48.16744669783585],[-68.9323108694165,48.500172269660716],[-68.45892669131872,48.74110161423373],[-68.22853847069574,48.870924684961835],[-67.94210735663196,49.03389913734805],[-67.8406812749122,49.072492056061485],[-67.70521597093008,49.10580434793492],[-67.4908115951513,49.10156563841908],[-67.49085828640611,49.115952199165335],[-67.25010266697034,49.139254293498695],[-67.09627076221614,49.20501486448631],[-66.94831955482606,49.29869152888107],[-66.8100904989912,49.39478190445544],[-66.61300978974333,49.564661870836915],[-66.45518817627872,49.633015222094414],[-66.13123955781677,49.70236709056309],[-66.04014500374805,49.710139893715834],[-65.47534981467312,49.67203655367866],[-65.2022604839377,49.66180782199348],[-64.89064950398962,49.576516716846264],[-64.77813544615898,49.55493724902575],[-64.63700800037785,49.54757183253413],[-64.31938566262545,49.5644987259501],[-64.2211529371115,49.55782752060967],[-63.99989604733263,49.51242142694652],[-63.57611343713858,49.21798113278534],[-63.27895728436302,49.16024932065144],[-63.02380760193662,49.115780749387916],[-62.47667883430397,49.03595238879297],[-62.07079120384903,49.006390306555744],[-61.73836177632473,49.007116263626166],[-61.69609790834137,49.01078781626207],[-61.43988782848407,49.15678043811996],[-60.965157512430906,49.437730903417545],[-60.89444987203774,49.48213515650113],[-60.150391194444296,49.99251059650054],[-60.000000004738396,50.06580311314783],[-59.86888471671996,50.12103728545296],[-59.39221467911422,50.33300116818003],[-59.057394863342196,50.486510372175495],[-58.84383573870171,50.613835711035904],[-58.70299163381606,50.73867288092018],[-58.578826114162865,50.88271093328724],[-58.48719817292423,51.00001507306081],[-58.40947518209458,51.06778351618583],[-58.00061266738359,51.09367944594571],[-57.52378277279475,51.1972425062635],[-57.10957146458247,51.287163264191115],[-57.1054864000856,51.65645137314766],[-57.10775937302734,51.9984947720226],[-57.96473498778517,51.99644928430003],[-59.03440954986102,51.9969811216103],[-60.441692060585346,51.996511876052885],[-61.12988609220475,51.99624937040804],[-61.80652165858192,51.995808709014185],[-62.84418228921175,51.996957123578674],[-63.80146264007818,51.99784367693502],[-63.84113836228779,52.05649827547489],[-63.70799419081524,52.09333439945194],[-63.69077070864257,52.12302059848099],[-63.7716778877313,52.28277540362255],[-63.76811901580024,52.32788740674133],[-63.86103900457792,52.31905299287213],[-64.01456000775494,52.363727094136216],[-64.02592013178965,52.40578106876987],[-64.08970026738642,52.445928016110855],[-64.08767723396973,52.50651419373456],[-64.01573751885928,52.577143136137614],[-63.85040171229079,52.625849908538044],[-63.71645749677405,52.63093350741597],[-63.59727339456635,52.647945305983086],[-63.44416290522728,52.64469539504035],[-63.38068613572809,52.66517594524685],[-63.45932498880424,52.71791361063902],[-63.526349961149435,52.72537495352159],[-63.57586122238545,52.760964060306705],[-63.59974758284296,52.82431890920255],[-63.71953941973457,52.79896928320742],[-63.818975272193136,52.75853048228944],[-63.872941265669795,52.77396224640992],[-63.93741723299061,52.731024294987805],[-64.03727482876562,52.73824471040823],[-64.1373823937749,52.72923508146905],[-64.15455037296343,52.60343257407846],[-64.21112116116045,52.57360150305526],[-64.15194855237945,52.519923145131436],[-64.10922908846871,52.39405671886846],[-64.16742499446886,52.36154158091187],[-64.18005280912482,52.306413375707855],[-64.22558327051037,52.302504222903394],[-64.20069285933198,52.17701634899449],[-64.17741102541574,52.133798693181966],[-64.2538529411351,52.121483272236674],[-64.2793783498441,52.03756054658483],[-64.23395175106874,51.9909044132883],[-64.28009965909322,51.97475131293811],[-64.34169224167844,51.985900316200514],[-64.35270342515136,51.84927594338912],[-64.3024551875769,51.80364361646807],[-64.27828931705395,51.74637854981129],[-64.33712520635133,51.66529480289715],[-64.41733164065876,51.67495527066229],[-64.45663670021004,51.62681936865226],[-64.55435579303602,51.57580471256852],[-64.6535478158672,51.701533641214944],[-64.77309872743521,51.75313522599926],[-64.92467534496355,51.77785845974526],[-64.93070578649301,51.714261565191414],[-65.0492169225605,51.76964739912112],[-65.08258584571438,51.746198639037104],[-65.1860637472461,51.77560635961538],[-65.21018477621493,51.81292823480821],[-65.31783829346296,51.85076067996709],[-65.39756997055144,51.890847349520214],[-65.3547793959116,51.9427379743016],[-65.41229096162888,51.97131125985119],[-65.53066908843692,52.07080016205004],[-65.54844953117795,52.038933610635134],[-65.67991005156016,52.04150753044228],[-65.6485618722019,52.080920730646625],[-65.68656646290772,52.103754779091624],[-65.8769889984301,52.110405412669884],[-65.95478012925395,52.099878839433224],[-65.97040149108977,52.05650258283333],[-66.0963647714388,52.10780837307558],[-66.07716232326435,52.16226273342698],[-66.1600216618864,52.23165324935474],[-66.20835924411523,52.23409313037718],[-66.24964732384504,52.27398367969554],[-66.31256915131102,52.28551795405527],[-66.264117038673,52.16518140856012],[-66.33011323811338,52.13593466077564],[-66.49051725452472,52.34163746369133],[-66.43659865317397,52.35881000543225],[-66.37018806908709,52.35394067730854],[-66.34171210642005,52.39721029733032],[-66.39080671530706,52.465937530106714],[-66.35558376464536,52.47322058176923],[-66.37467289157668,52.57275099715671],[-66.44027591727273,52.6364004272904],[-66.38865738287431,52.682284201803306],[-66.30930252235723,52.6045901225365],[-66.27738007263153,52.63444974532403],[-66.33877266814835,52.68461678383969],[-66.30833176111955,52.728591075532776],[-66.35417960033972,52.80255854851659],[-66.41388278172222,52.84867394545266],[-66.3794204528507,52.87746819472741],[-66.29462932391733,52.86012014188828],[-66.2608596571087,52.87431188239327],[-66.32195414162433,52.93893309052986],[-66.36077104399116,53.01439036697188],[-66.43183464116834,53.048202596810576],[-66.50700827762493,52.950123043472175],[-66.57699597269048,52.93678687186581],[-66.62555377300188,52.95424326388182],[-66.66369843112768,52.885464283988114],[-66.64606237877021,52.78892346822332],[-66.75374631367312,52.75148810248767],[-66.77212673750934,52.69620359866927],[-66.85370000649013,52.721144818340825],[-66.894460114792,52.67666170620233],[-66.94926524160964,52.759582686363316],[-67.03430408222708,52.74701563194517],[-67.06700674305895,52.77511624892266],[-67.04767168771016,52.83724020746163],[-67.07425222907818,52.87545180978198],[-67.22747230011291,52.841770833886756],[-67.26853269607587,52.877710714927524],[-67.31682445995955,52.87544768006456],[-67.35574290049871,52.92862777753425],[-67.33266569926244,52.95981815494485],[-67.38078607912162,53.04625595962211],[-67.39233682881793,53.12085503795717],[-67.2872146026477,53.143921348307366],[-67.1542279803429,53.147225480883],[-67.04160760975124,53.07607214137161],[-66.98442990896615,53.087909301128825],[-67.00613301330108,53.168475256101544],[-66.97806167144358,53.21326331303585],[-66.95841549869571,53.30645033537578],[-67.02705061694667,53.33464612764934],[-66.96610332272344,53.36462176199777],[-66.92444786028233,53.41866087789888],[-66.94452408696273,53.47605339908374],[-66.99629644456586,53.48461751869719],[-67.03030823871188,53.52673705370119],[-67.15768545007185,53.53763360994212],[-67.21876905944808,53.53034033608945],[-67.25740588112691,53.55738857571871],[-67.39473092293795,53.614654307032204],[-67.39684971288173,53.6828793014435],[-67.50631906432346,53.71906153366364],[-67.50000001395223,53.7572673510849],[-67.5922190285935,53.75749782397713],[-67.49960831515929,53.826856404666366],[-67.57148974325166,53.84556676218946],[-67.61424164587164,53.88489157833721],[-67.59630593997038,53.921694766139574],[-67.66260854199682,53.92807305589173],[-67.69983932893479,53.97660448315986],[-67.78732437417175,54.00003675144574],[-67.82168528783798,54.02570234706162],[-67.76183525767235,54.0860460930147],[-67.81025241624639,54.12813290962873],[-67.76503657165532,54.15700019276787],[-67.675321973747,54.1587612218868],[-67.62830265204599,54.21275146535316],[-67.67733039852213,54.241680312732825],[-67.67636616713145,54.318524302706884],[-67.74803672392135,54.350260855628086],[-67.72469836607357,54.38685578728999],[-67.77639035065565,54.43527984896309],[-67.66781166997053,54.453841963803676],[-67.58165785494359,54.49410852785787],[-67.50040551931676,54.481506553979884],[-67.47311297794631,54.520101922352616],[-67.52688242248365,54.57095109690436],[-67.42902526183532,54.56923438560481],[-67.34923525258063,54.516991952190445],[-67.2449446516548,54.500033909961644],[-67.27782181033534,54.548707292195],[-67.23117571894743,54.587566926219864],[-67.13855100997591,54.624538659832844],[-67.12900346540046,54.65771941860924],[-67.06290081383706,54.69293311017799],[-67.21341853149157,54.792748814248476],[-67.39975567350949,54.95785895861103],[-67.42248808346906,55.000060406661184]]]},"properties":{"FED_NUM":24021,"ED_NAMEE":"Côte-Nord—Kawawachikamach—Nitassinan","province_code":"QC"}},
{"type":"Feature","geometry":{"type":"Polygon","coordinates":[[[-66.25940477894679,54.999749655354016],[-66.14358133203751,54.982298788574376],[-66.06449035563772,54.929068442187315],[-66.02339588757927,54.94195334306167],[-65.8498454237429,54.92721087640194],[-65.83831487531457,54.83652753124653],[-65.77742521960127,54.80280964900792],[-65.69011531218408,54.71152701734261],[-65.59255370118215,54.74303600909011],[-65.45553031927467,54.72858324602711],[-65.43461979700636,54.78418346294192],[-65.48665520479994,54.82006872700905],[-65.4563357147045,54.84924233374159],[-65.35583965195733,54.81876140141115],[-65.32569525615611,54.84867801275246],[-65.20962312342813,54.84795777941905],[-65.17289287484618,54.933604321342365],[-65.1264493458117,54.96147803678058],[-65.00956061616195,54.930964233532066],[-64.97190055880245,54.937395576203],[-64.74787483144955,54.813994295322686],[-64.77624522553728,54.78814550508986],[-64.77808689304042,54.733468774515394],[-64.67996837457169,54.73571255294553],[-64.55688247260667,54.7136622822555],[-64.48606927192453,54.79343557178805],[-64.39747458248212,54.79049295302975],[-64.29452784713503,54.753273763283275],[-64.14184981278525,54.66695739983626],[-64.05427717774757,54.60090829289979],[-63.97442253623856,54.62012023627387],[-63.911439155352305,54.60424867326694],[-63.813377233290815,54.6507858030301],[-63.7427579320011,54.62639929014638],[-63.723848886142065,54.659798580303665],[-63.76894727778972,54.699843830339354],[-63.8897412348851,54.768358774081676],[-63.903664391093116,54.801078014985755],[-63.81716153848613,54.816921865069205],[-63.84903211347032,54.862611284698716],[-63.82051833341285,54.94795810350876],[-63.75190029630253,54.942308842134075],[-63.661282815978126,54.89995248916585],[-63.60452965905989,54.92625153830643],[-63.558750202153824,55.000050779606596],[-63.99999999882135,54.99999999024585],[-64.7500000200936,54.99999999323508],[-65.24999999566396,54.999999991517164],[-66.25940477894679,54.999749655354016]]]},"properties":{"FED_NUM":24021,"ED_NAMEE":"Côte-Nord—Kawawachikamach—Nitassinan","province_code":"QC"}},
{"type":"Feature","geometry":{"type":"Polygon","coordinates":[[[-67.21924254161861,55.000030483554],[-67.05651050443083,54.89493770907054],[-67.03985465863406,54.86808149426403],[-66.94784667065808,54.822310513649036],[-66.87566332704192,54.816009608217186],[-66.81271745032315,54.77939724085738],[-66.71809452954749,54.7607822644839],[-66.65942839757709,54.77021777453602],[-66.60265109790355,54.813506310703595],[-66.68140817898893,54.92366778499094],[-66.76599037157186,55.000016916116465],[-67.21924254161861,55.000030483554]]]},"properties":{"FED_NUM":24021,"ED_NAMEE":"Côte-Nord—Kawawachikamach—Nitassinan","province_code":"QC"}},
{"type":"Feature","geometry":{"type":"Polygon","coordinates":[[[-73.79467190649787,45.4818268438706],[-73.7669278765346,45.41598355902492],[-73.75275863167089,45.417604627779575],[-73.64569936468664,45.413538167766475],[-73.6325764768722,45.449729117323244],[-73.66824019836312,45.45660720438279],[-73.68314691957185,45.46481944023637],[-73.76792367156446,45.49451221657049],[-73.79467190649787,45.4818268438706]]]},"properties":{"FED_NUM":24022,"ED_NAMEE":"Dorval—Lachine—LaSalle","province_code":"QC"}},
{"type":"Feature","geometry":{"type":"Polygon","coordinates":[[[-72.30507419581026,46.03299314876351],[-72.35444809059003,46.058798467976025],[-72.48207606054622,46.039898728298056],[-72.51762826373927,46.09757839022123],[-72.56460994393633,46.06174125420092],[-72.58796255668996,46.01612239661443],[-72.65741939658999,46.00627866376921],[-72.73387291136046,46.03249170403713],[-72.80501596090888,45.98116607533658],[-72.75260547568195,45.94304599160279],[-72.85440222472468,45.878002804405966],[-72.85261328415274,45.86438382431799],[-72.70444443271444,45.75911127657629],[-72.5779392198362,45.752514368885564],[-72.31440104755349,45.59707233841811],[-72.29884289452758,45.58932074496022],[-72.23717422872907,45.64620720292077],[-72.31083930375775,45.6883643094886],[-72.23411888247,45.73631154065897],[-72.20693890826061,45.69609370706904],[-72.09323179404913,45.797095536238146],[-72.13455379962554,45.84136375526572],[-72.22106504937763,45.88954304866004],[-72.26121696345942,45.889599897001844],[-72.32720638043891,45.96863588429965],[-72.28608479302541,46.00058552069954],[-72.30507419581026,46.03299314876351]]]},"properties":{"FED_NUM":24023,"ED_NAMEE":"Drummond","province_code":"QC"}},
{"type":"Feature","geometry":{"type":"Polygon","coordinates":[[[-67.4908115951513,49.10156563841908],[-67.70521597093008,49.10580434793492],[-67.8406812749122,49.072492056061485],[-67.94210735663196,49.03389913734805],[-68.22853847069574,48.870924684961835],[-68.20497796650778,48.83978801174517],[-67.9263058006239,48.68125127118398],[-67.86780694802877,48.65880238606625],[-67.7916192387977,48.71606521416937],[-67.76098546278277,48.7153834168795],[-67.60620980677827,48.62436249205284],[-67.53644162468254,48.61573002937325],[-67.42294942156478,48.70019823035216],[-67.30250302720562,48.62559107537089],[-67.13161751473058,48.542233418144896],[-67.07426964661138,48.580271052219665],[-67.00718768205753,48.56984861871046],[-66.92733641127477,48.601327097643825],[-66.84179536942736,48.6175569283323],[-66.85508414029805,48.662223987234206],[-66.74004627646627,48.67500619516251],[-66.57663638926279,48.742161803888564],[-66.54361833647187,48.79483452860951],[-66.28270249157367,48.62230205503368],[-66.0983155194288,48.66816322329829],[-65.9490820749691,48.56781033434335],[-66.1856639550506,48.50643989788228],[-66.74944655371398,48.36407932881403],[-66.9754051512425,48.30266964728455],[-66.90715940939234,48.197689369265085],[-66.94267920508754,48.178185749194476],[-66.88363829486028,48.136198553883226],[-67.09720645854337,48.085455427713285],[-67.27786704224961,48.03192162851916],[-67.37501079627489,48.19530945175397],[-67.66087741380025,48.11911973266934],[-67.64955592098862,48.081286497901566],[-67.58739494006102,48.04938064978265],[-67.5965026397522,47.998064271128264],[-67.60808306170792,47.9368060779299],[-67.51252741584462,47.91371305358081],[-67.38079918029995,47.85421509323125],[-67.33827197681569,47.888157375647424],[-67.21705067446156,47.877362084714186],[-67.13751563961081,47.89463573024229],[-67.05896192791236,47.93561522175435],[-66.97591365740428,47.892659229796855],[-66.96087086338935,47.94689358424338],[-66.92127085596441,47.984605091032144],[-66.85308608276578,48.00144983327648],[-66.7869480308935,47.9918732535325],[-66.69360525750739,48.00681068146072],[-66.5315150395054,48.047264520762326],[-66.50243108387545,48.07702510435249],[-66.38212806773743,48.08816280355518],[-66.25883952894627,48.03657334690819],[-66.20947212112978,48.045437612989225],[-66.0033042695784,48.0305592109032],[-66.00300682644958,48.01635199396185],[-65.72933647708665,48.00002500606904],[-65.50464636321563,48.00000602028875],[-64.93094199796818,48.000065921959276],[-64.7096232988019,48.05919646641374],[-64.60760522527971,48.105122933042566],[-64.76460273842142,48.200652521919466],[-64.73808934845512,48.252029320081625],[-64.61985815911075,48.33372596629555],[-64.42451986609986,48.37221086183993],[-64.27665845959537,48.41391325243719],[-64.15040721651378,48.46924418464543],[-64.1273492058324,48.50215028882818],[-64.13248375643697,48.73218372345592],[-64.16208297118672,48.866279657204565],[-64.19199794129263,48.91827179970894],[-64.28667718839775,48.99345125843991],[-64.49574087793053,49.109000626528534],[-64.75267867853853,49.20016223238389],[-64.99433580584999,49.230892194494146],[-65.36398509971639,49.255577660371955],[-65.62828026997863,49.254800774234674],[-65.74261748673065,49.24598622867694],[-66.00517291539988,49.244908973608226],[-66.24440122760394,49.219308989073305],[-66.4278723261838,49.192461361459735],[-66.70140423987559,49.12508433878416],[-66.99557395201883,49.096158169498224],[-67.4908115951513,49.10156563841908]]]},"properties":{"FED_NUM":24024,"ED_NAMEE":"Gaspésie—Les Îles-de-la-Madeleine—Listuguj","province_code":"QC"}},
{"type":"Feature","geometry":{"type":"Polygon","coordinates":[[[-61.985472381117326,47.365729320474756],[-61.9925570399229,47.28984565825511],[-62.0275652407421,47.23610550604001],[-61.96227139467372,47.20014275739095],[-61.867037194785446,47.20208482561408],[-61.6840095888825,47.25846348721359],[-61.70202596220318,47.39113171778905],[-61.687931041807865,47.47393145161784],[-61.64944436820851,47.49933345940941],[-61.48363791450084,47.530988599140734],[-61.44018434812747,47.55572481416403],[-61.35768729011266,47.629994333825145],[-61.247587017320136,47.76194957194857],[-61.1165484221891,47.834506921218924],[-61.120900894931665,47.859512096235235],[-61.49348752186433,47.81175870271183],[-61.532942594811225,47.743662650439596],[-61.64299564041163,47.589643613138655],[-61.773718502263776,47.49737127380801],[-61.86222998192935,47.44403902631093],[-61.951560560591325,47.40821905725554],[-61.985472381117326,47.365729320474756]]]},"properties":{"FED_NUM":24024,"ED_NAMEE":"Gaspésie—Les Îles-de-la-Madeleine—Listuguj","province_code":"QC"}},
{"type":"Feature","geometry":{"type":"Polygon","coordinates":[[[-75.68369102358655,45.55057687629657],[-75.74872939846553,45.487142604234926],[-75.6924412703156,45.452969539579904],[-75.57025268328313,45.476693362559686],[-75.54243625159359,45.48956598259534],[-75.52807555952155,45.514146727951605],[-75.67754388550001,45.507328960731954],[-75.68369102358655,45.55057687629657]]]},"properties":{"FED_NUM":24025,"ED_NAMEE":"Gatineau","province_code":"QC"}},
{"type":"Feature","geometry":{"type":"Polygon","coordinates":[[[-73.56762897302877,45.59035277455441],[-73.58715033837632,45.56641527167145],[-73.58728416773107,45.56500950574276],[-73.55924009611007,45.539871029355155],[-73.52919391710248,45.53459621922678],[-73.52688462514486,45.53748067675745],[-73.5016303976496,45.57355843630199],[-73.54737361889346,45.592466935240935],[-73.56762897302877,45.59035277455441]]]},"properties":{"FED_NUM":24026,"ED_NAMEE":"Hochelaga—Rosemont-Est","province_code":"QC"}},
{"type":"Feature","geometry":{"type":"Polygon","coordinates":[[[-73.62414824806972,45.63499632656245],[-73.60888439447658,45.60846706725746],[-73.56762897302877,45.59035277455441],[-73.54737361889346,45.592466935240935],[-73.50870250939927,45.70235109699692],[-73.52387253251808,45.69922319161125],[-73.62414824806972,45.63499632656245]]]},"properties":{"FED_NUM":24027,"ED_NAMEE":"Honoré-Mercier","province_code":"QC"}},
{"type":"Feature","geometry":{"type":"Polygon","coordinates":[[[-75.74872939846553,45.487142604234926],[-75.77527299839512,45.48659990208204],[-75.80789796514497,45.41562897361963],[-75.89518509822274,45.40163468695284],[-75.86772034467639,45.3875300943466],[-75.79701680420106,45.37832403042731],[-75.7725108930701,45.395880112980244],[-75.70377726188525,45.42975430717346],[-75.6924412703156,45.452969539579904],[-75.74872939846553,45.487142604234926]]]},"properties":{"FED_NUM":24028,"ED_NAMEE":"Hull—Aylmer","province_code":"QC"}},
{"type":"Feature","geometry":{"type":"Polygon","coordinates":[[[-74.4507627052785,47.46406768762875],[-74.51364120141142,47.40639650848869],[-74.55468360414665,47.322987701682315],[-74.60484440396858,47.28716189549489],[-74.61822639471187,47.2508960956117],[-74.48597669410215,47.22202413801205],[-74.43046442667337,47.156969925172675],[-74.45927887611003,47.136028491614574],[-74.41170476916506,47.103995663972064],[-74.57592812123784,46.99785739214039],[-74.43066479747836,46.89697793082139],[-74.47469508079739,46.85008332961813],[-74.4687059023126,46.79288756254712],[-74.51155992053754,46.679975977715706],[-74.49203569169318,46.60649926667944],[-74.43844550046263,46.61458771847349],[-74.34483753572876,46.54784550687152],[-74.47774461820244,46.4541554236629],[-74.33400991964609,46.35246223470243],[-74.19051080641655,46.4485003753738],[-73.88356040478921,46.245856892161825],[-73.73257692967667,46.145096263322756],[-73.88190518081049,46.040478683791825],[-73.79876381045071,45.98575781160432],[-73.70805409738807,46.0313681472137],[-73.65824876327329,46.0097907228827],[-73.62231738543085,46.03454367821646],[-73.54964093447525,46.04261583437443],[-73.50787356077774,46.01345972289362],[-73.54069533434232,45.97237477594231],[-73.45597549617106,45.945816984385885],[-73.44733691257792,45.87286480771542],[-73.39204338648767,45.90523480277788],[-73.27880862125414,46.01393371395662],[-73.2613595554944,46.04496324378739],[-73.41164500856709,46.069541295312476],[-73.40399929685825,46.11776180786309],[-73.48653468842167,46.14134973666059],[-73.4803413765711,46.17302598063148],[-73.56721607142856,46.20367105182833],[-73.64048969311177,46.26589724397941],[-73.55617716365876,46.29996010085147],[-73.68253220386256,46.389172214297155],[-73.51799679122549,46.48753923104126],[-73.56293554524242,46.517849418831915],[-73.45538461710645,46.586212071641484],[-73.33336477810073,46.49844114566266],[-73.28319771800588,46.533431898671566],[-73.36140955812147,46.61815015233246],[-73.43569303781057,46.598631173266995],[-73.43756718261831,46.669811355373874],[-73.46273919111867,46.70709967605423],[-73.4538901677501,46.78373442281779],[-73.41971070922715,46.88532513890957],[-73.46009354926673,46.90761885441549],[-73.51369885864212,46.89690815827612],[-73.54532391445336,46.86596093022793],[-73.67406836910631,46.87474441304776],[-73.67655655743283,46.97348615733488],[-73.77792739855198,47.08643211530659],[-73.85796349248008,47.14187915201567],[-73.91576112683205,47.099617164186775],[-74.4507627052785,47.46406768762875]]]},"properties":{"FED_NUM":24029,"ED_NAMEE":"Joliette—Manawan","province_code":"QC"}},
{"type":"Feature","geometry":{"type":"Polygon","coordinates":[[[-70.07879830511654,48.25612210371324],[-70.00849681677164,48.35795647172336],[-70.00999614645703,49.00001240758125],[-70.01853470340707,49.000022198328494],[-70.01981369781303,49.79735092631781],[-70.03389062804136,49.79714099279599],[-70.02563442161713,50.00002915406494],[-70.02485800804409,51.56248782830521],[-70.02255738423158,51.66331622402427],[-70.0259645001483,52.16934375024558],[-70.02391715732794,52.69636036264569],[-70.17528472774012,52.59441927658561],[-70.19160315784116,52.51265193731053],[-70.27352117951796,52.41664160189156],[-70.25102779838397,52.40229556967564],[-70.29183464580315,52.34852205156368],[-70.37930412658291,52.338651517241374],[-70.52425560103835,52.306196544935275],[-70.56200387595479,52.31655590228633],[-70.80797578278624,52.2332660003649],[-70.82685262535045,52.2700339121101],[-70.88203857882526,52.27982343290265],[-70.91706238988273,52.25108105581993],[-71.14038844030495,52.16998206909325],[-71.16238307693898,52.12750811529369],[-71.26256714327823,52.05440509867621],[-71.24610561362665,52.02146947820813],[-71.3151182922965,51.966866757397575],[-71.32873014105776,51.91886246253424],[-71.37797663049754,51.85446974737066],[-71.53053781955576,51.83429738542462],[-71.57111896571656,51.813828376586955],[-71.5781117895976,51.748274100871875],[-71.60406509802459,51.69475218120564],[-71.60956911075861,51.60650775314188],[-71.58111225466483,51.586849252423946],[-71.59137770576686,51.495203737095494],[-71.66544468371534,51.47722282981098],[-71.71113251134906,51.37586780462397],[-71.74906895044869,51.35046651615388],[-71.86427906107757,51.3491604913232],[-71.87351377219667,51.27813108246335],[-71.93700398020579,51.27148838854097],[-71.98931130448416,51.229541299225524],[-71.99638727959517,51.17814891660109],[-72.07761441376253,51.14227195179015],[-72.05438359060811,51.08192013191611],[-72.09347319823978,51.01507410468325],[-72.11023821102566,50.85360849012978],[-72.1549944934455,50.828833493240786],[-72.15170228524511,50.74004898912999],[-72.18743550613502,50.648265697935905],[-72.18957028911022,50.58115500347291],[-72.16222291720727,50.53761559405961],[-72.15713160413691,50.46946780666843],[-72.18371937807945,50.35353390543442],[-72.16227998628943,50.341321800426684],[-72.15452649446516,50.24222860553234],[-72.17898869895983,50.198721004983305],[-72.15985373352048,50.04070489283534],[-72.13083313024434,49.949176453874706],[-72.07830910102716,49.845260603430766],[-72.03514750649876,49.81394311188489],[-72.0328468831919,49.75121150940352],[-71.99489721234524,49.71330509094194],[-72.04789618925363,49.66686478541764],[-72.02629691108054,49.58474280426954],[-71.93637160569502,49.50089390494842],[-71.92855375793195,49.43257835378104],[-71.94401958158039,49.38560989519794],[-72.01657314471237,49.37382541661467],[-72.0686101058938,49.392692780499495],[-72.12948563904067,49.32803013824104],[-72.15601508092439,49.253526083035524],[-72.07945427057831,49.15612574040216],[-72.09261511955265,49.13090809134704],[-72.2003775924297,49.1233687478253],[-72.2331257786587,49.08014142095207],[-72.3913968157909,48.99844107459841],[-72.32907116374817,48.98906270816867],[-72.32892475344433,48.93915814427814],[-72.28337857648827,48.913949572448914],[-72.15641166566873,48.959847562956206],[-72.07468512936255,48.94266502827848],[-72.13739239277457,48.91123795044239],[-72.11034426829022,48.88845528225934],[-72.18204577560998,48.83392477482502],[-72.12933683592297,48.7869007529696],[-72.05754701758615,48.82257172015475],[-71.98168326457645,48.79655118113577],[-71.99280616647052,48.76810156241614],[-71.89247212238529,48.75104280779888],[-71.85381586465839,48.84941484491343],[-71.7735556451771,48.83479233002116],[-71.72057937268251,48.80058895417341],[-71.76384905304405,48.688966457569634],[-71.59434975065581,48.658950241501444],[-71.62452563797487,48.587718792541395],[-71.61669018893816,48.543639977345535],[-71.53373968424849,48.53252980378842],[-71.55615379959231,48.48998569752575],[-71.70478426834853,48.51738054326238],[-71.80482268392733,48.28519388550331],[-71.61138808811317,48.250081050871735],[-71.63953004783966,48.189692902607526],[-71.54590764896336,48.11552950229693],[-71.50763997907298,48.0714988135378],[-71.4083872118715,48.000075560090195],[-70.91385663838439,47.99990937227477],[-70.91472826332951,48.1133213965281],[-70.9855780569035,48.11359777980666],[-70.84700307941264,48.23440535540342],[-71.02072057115741,48.30027132895483],[-71.00595505889237,48.334835323647894],[-71.07239822048189,48.38276587369106],[-71.13020826502166,48.398578910906224],[-71.1222689858954,48.442069714236304],[-71.19953091760463,48.462611596449456],[-71.17446911780074,48.528180522420456],[-71.23381036558195,48.562902610913994],[-71.26580897504307,48.61482537216322],[-71.20990888458302,48.75248825389475],[-70.8181077735323,48.68337633300144],[-70.86922593389865,48.633136182934166],[-70.93755579129856,48.60834037557092],[-70.84371621569416,48.54426880107468],[-70.48945855504613,48.4810381369377],[-70.51346652692145,48.419206865742],[-70.4547467729207,48.4083750452643],[-70.46504052045297,48.35829308660487],[-70.35569075775419,48.34630860392738],[-70.16804971896913,48.26480933813748],[-70.07879830511654,48.25612210371324]]]},"properties":{"FED_NUM":24030,"ED_NAMEE":"Jonquière","province_code":"QC"}},
{"type":"Feature","geometry":{"type":"Polygon","coordinates":[[[-73.50870250939927,45.70235109699692],[-73.54737361889346,45.592466935240935],[-73.5016303976496,45.57355843630199],[-73.50057442313569,45.588376133096],[-73.47303265886288,45.64188240712297],[-73.47361694222867,45.7004092607826],[-73.49723433112372,45.70474390513297],[-73.50870250939927,45.70235109699692]]]},"properties":{"FED_NUM":24031,"ED_NAMEE":"La Pointe-de-l'Île","province_code":"QC"}},
{"type":"Feature","geometry":{"type":"Polygon","coordinates":[[[-71.4083872118715,48.000075560090195],[-71.50763997907298,48.0714988135378],[-71.54590764896336,48.11552950229693],[-71.63953004783966,48.189692902607526],[-71.61138808811317,48.250081050871735],[-71.80482268392733,48.28519388550331],[-71.70478426834853,48.51738054326238],[-71.55615379959231,48.48998569752575],[-71.53373968424849,48.53252980378842],[-71.61669018893816,48.543639977345535],[-71.62452563797487,48.587718792541395],[-71.59434975065581,48.658950241501444],[-71.76384905304405,48.688966457569634],[-71.72057937268251,48.80058895417341],[-71.7735556451771,48.83479233002116],[-71.85381586465839,48.84941484491343],[-71.89247212238529,48.75104280779888],[-71.99280616647052,48.76810156241614],[-71.98168326457645,48.79655118113577],[-72.05754701758615,48.82257172015475],[-72.12933683592297,48.7869007529696],[-72.18204577560998,48.83392477482502],[-72.11034426829022,48.88845528225934],[-72.13739239277457,48.91123795044239],[-72.07468512936255,48.94266502827848],[-72.15641166566873,48.959847562956206],[-72.28337857648827,48.913949572448914],[-72.32892475344433,48.93915814427814],[-72.32907116374817,48.98906270816867],[-72.3913968157909,48.99844107459841],[-72.2331257786587,49.08014142095207],[-72.2003775924297,49.1233687478253],[-72.09261511955265,49.13090809134704],[-72.07945427057831,49.15612574040216],[-72.15601508092439,49.253526083035524],[-72.12948563904067,49.32803013824104],[-72.0686101058938,49.392692780499495],[-72.01657314471237,49.37382541661467],[-71.94401958158039,49.38560989519794],[-71.92855375793195,49.43257835378104],[-71.93637160569502,49.50089390494842],[-72.02629691108054,49.58474280426954],[-72.04789618925363,49.66686478541764],[-71.99489721234524,49.71330509094194],[-72.0328468831919,49.75121150940352],[-72.03514750649876,49.81394311188489],[-72.07830910102716,49.845260603430766],[-72.13083313024434,49.949176453874706],[-72.15985373352048,50.04070489283534],[-72.17898869895983,50.198721004983305],[-72.15452649446516,50.24222860553234],[-72.16227998628943,50.341321800426684],[-72.18371937807945,50.35353390543442],[-72.15713160413691,50.46946780666843],[-72.16222291720727,50.53761559405961],[-72.18957028911022,50.58115500347291],[-72.18743550613502,50.648265697935905],[-72.15170228524511,50.74004898912999],[-72.1549944934455,50.828833493240786],[-72.11023821102566,50.85360849012978],[-72.09347319823978,51.01507410468325],[-72.05438359060811,51.08192013191611],[-72.07761441376253,51.14227195179015],[-72.14320430124846,51.06876405686494],[-72.15851427105908,51.02257420679019],[-72.22141042332761,51.0259969329247],[-72.2663463205937,50.94990131760694],[-72.34785059078303,50.88611603749837],[-72.43779185815461,50.78222280337774],[-72.52210907147905,50.74690018049894],[-72.56100569647911,50.74847819043889],[-72.56020919975421,50.82276867605493],[-72.60695703936082,50.83256584352302],[-72.62786490411503,50.772980125075115],[-72.67321037294495,50.74768311296664],[-72.72573586146744,50.77998014533805],[-72.74875171578775,50.82060561278465],[-72.87473007099132,50.806274773368095],[-72.93659925234853,50.761222248574036],[-72.93515339791647,50.71574704221181],[-73.02849281732665,50.66289829815913],[-73.0456253565539,50.702824788925454],[-73.13765713575437,50.752197293295026],[-73.2210436545083,50.706616157609936],[-73.33756638277433,50.576740595570634],[-73.38762418088163,50.48436088565731],[-73.50235230976338,50.3843044162788],[-73.60241897142652,50.34575203966777],[-73.6855265286296,50.21158496563874],[-73.77206265882928,50.216342933604935],[-73.78556548211128,50.07426475522156],[-73.80654598504971,50.03154416685088],[-73.89242901026304,49.95726532345571],[-73.91276471230533,49.896054811382776],[-74.0048519546081,49.805953677686865],[-74.08606009310066,49.76959249619381],[-74.1231924759009,49.69241928102425],[-74.17733251958107,49.676689066255456],[-74.19319026151659,49.613169546697875],[-74.24949205018117,49.570994215975894],[-74.26032451266771,49.51198222861149],[-74.3109749687787,49.479039940077264],[-74.34993169691619,49.502030335466515],[-74.3929900803937,49.46914172765764],[-74.41179046861734,49.42154701479191],[-74.39908833221484,49.366371727769845],[-74.43025299092977,49.325581048318746],[-74.30767906417627,49.26074778193962],[-74.24070877524774,49.283459886858225],[-74.2500238102215,49.15081908854449],[-74.32653808779963,48.98698140014366],[-74.32741095320861,48.93649626230188],[-74.44389030549017,48.9292815568637],[-73.01640527535614,47.99872265365388],[-72.1232037757016,47.99927931354968],[-72.0739319320478,47.950241155319425],[-71.37979173777862,47.95026291113601],[-71.4083872118715,48.000075560090195]]]},"properties":{"FED_NUM":24033,"ED_NAMEE":"Lac-Saint-Jean","province_code":"QC"}},
{"type":"Feature","geometry":{"type":"Polygon","coordinates":[[[-73.95384548997133,45.47874222969085],[-73.99868834669655,45.44984657442437],[-73.95965749886025,45.40433987820464],[-73.89131547474999,45.41014311872195],[-73.80528954875855,45.39848100743674],[-73.7669278765346,45.41598355902492],[-73.79467190649787,45.4818268438706],[-73.84639065146123,45.46254541436483],[-73.95384548997133,45.47874222969085]]]},"properties":{"FED_NUM":24034,"ED_NAMEE":"Lac-Saint-Louis","province_code":"QC"}},
{"type":"Feature","geometry":{"type":"Polygon","coordinates":[[[-73.75275863167089,45.417604627779575],[-73.75248349803599,45.39956440263112],[-73.63399554845478,45.314696446203016],[-73.50249544751827,45.285285843720935],[-73.40842818829583,45.328903584698125],[-73.38665189964665,45.413199943327086],[-73.52161447484556,45.437651331290546],[-73.56823430868282,45.414209480239016],[-73.64569936468664,45.413538167766475],[-73.75275863167089,45.417604627779575]]]},"properties":{"FED_NUM":24032,"ED_NAMEE":"La Prairie—Atateken","province_code":"QC"}},
{"type":"Feature","geometry":{"type":"Polygon","coordinates":[[[-73.59865967126089,45.46727612026602],[-73.6325764768722,45.449729117323244],[-73.64569936468664,45.413538167766475],[-73.56823430868282,45.414209480239016],[-73.52161447484556,45.437651331290546],[-73.59865967126089,45.46727612026602]]]},"properties":{"FED_NUM":24035,"ED_NAMEE":"LaSalle—Émard—Verdun","province_code":"QC"}},
{"type":"Feature","geometry":{"type":"Polygon","coordinates":[[[-75.52234980573854,47.764162088911156],[-75.5226366348204,47.70995242902249],[-75.45628784606572,47.67259716375449],[-75.41936970854171,47.62966213338887],[-75.369539410412,47.62719620175386],[-75.36480421631802,47.577443772664594],[-75.30852184064445,47.546540571022604],[-75.3678930216656,47.48545509198004],[-75.38904362008311,47.42792711876742],[-75.45962744069166,47.36925250233886],[-75.4675984828828,47.29193137972739],[-75.55909060356154,47.20755050842334],[-75.62233553859988,47.22824442220728],[-75.64853661793242,47.282623001899665],[-75.71235385808191,47.26894104800305],[-75.79709583113946,47.31714214691678],[-75.83856250624841,47.310277466151724],[-75.9675344870472,47.21295239718931],[-76.02261450888203,47.193664620135344],[-76.09185464909285,47.19104256395525],[-76.10786879950369,47.02605679932828],[-76.13768427835987,46.93745720343077],[-76.03603228327577,46.88934983248953],[-75.95323433709036,46.86920915085036],[-75.87747664453869,46.81350769667037],[-75.81433633854913,46.838882246570925],[-75.75015086484252,46.83902655215175],[-75.74511711863538,46.438258003581375],[-75.70582159060214,46.4383163553198],[-75.70647624660927,46.30861827939128],[-75.78472283717588,46.28514663513085],[-75.81324123471916,46.22846788595196],[-75.80577840280893,46.18470249504583],[-75.76876095327871,46.175050507056795],[-75.76469438874184,46.022583502270216],[-75.78036087456414,45.96423073436396],[-75.66907789034991,45.97031857215788],[-75.40733497716487,45.97240418250535],[-75.40765792862713,46.09713872655821],[-75.21122263561695,46.098001115520184],[-75.1174657923859,46.2159366812694],[-75.07558743404948,46.216122891696564],[-75.0899040019671,46.10325026790386],[-74.93998378109033,46.10616001029138],[-74.94093017592628,46.06184424274366],[-74.85894223403923,46.06320814534865],[-74.85798974004703,46.01667779953339],[-74.80218068167004,45.944102052049466],[-74.76340464565321,45.97295632847307],[-74.69821608530034,45.97178112867497],[-74.70853984816117,45.93180182963716],[-74.50163287622229,45.91157773952252],[-74.44162019093184,45.905576319120996],[-74.41262979684849,46.01892375585949],[-74.26406697967602,46.000219060552894],[-74.2465905636072,45.94864860109484],[-74.12375082129343,46.02472178629788],[-74.16810223170897,46.055347156606324],[-73.88356040478921,46.245856892161825],[-74.19051080641655,46.4485003753738],[-74.33400991964609,46.35246223470243],[-74.47774461820244,46.4541554236629],[-74.34483753572876,46.54784550687152],[-74.43844550046263,46.61458771847349],[-74.49203569169318,46.60649926667944],[-74.51155992053754,46.679975977715706],[-74.4687059023126,46.79288756254712],[-74.47469508079739,46.85008332961813],[-74.43066479747836,46.89697793082139],[-74.57592812123784,46.99785739214039],[-74.41170476916506,47.103995663972064],[-74.45927887611003,47.136028491614574],[-74.43046442667337,47.156969925172675],[-74.48597669410215,47.22202413801205],[-74.61822639471187,47.2508960956117],[-74.60484440396858,47.28716189549489],[-74.55468360414665,47.322987701682315],[-74.51364120141142,47.40639650848869],[-74.4507627052785,47.46406768762875],[-74.42674689615538,47.50691838909873],[-74.5060635232887,47.49905625965782],[-74.58262888883225,47.54359400291562],[-74.65595593084291,47.618033553212946],[-74.7129294775685,47.642337721695306],[-74.88863101004229,47.76085464516703],[-75.3924997265815,47.7619309304726],[-75.52234980573854,47.764162088911156]]]},"properties":{"FED_NUM":24036,"ED_NAMEE":"Laurentides—Labelle","province_code":"QC"}},
{"type":"Feature","geometry":{"type":"Polygon","coordinates":[[[-113.84925730774012,51.328795287142796],[-114.16580870656202,51.329314089236654],[-114.16551259786033,51.27078981368801],[-114.52883719248094,51.2706982954575],[-114.51368091349325,51.18325985945039],[-114.49016375098806,51.153498371514175],[-114.43175254244663,51.15458852199134],[-114.42048495414399,51.19771200988487],[-114.30593510797782,51.168344694408454],[-114.2568145840642,51.143541105980745],[-114.21102019693164,51.19775940716319],[-114.16445318900517,51.19771260177289],[-114.12953188736248,51.212350797240354],[-114.01300190817699,51.21256229648512],[-114.00154381527913,51.18355079677223],[-113.91186339942362,51.18340350846634],[-113.84203778886346,51.21252830410603],[-113.84925730774012,51.328795287142796]]]},"properties":{"FED_NUM":48001,"ED_NAMEE":"Airdrie—Cochrane","province_code":"AB"}},
{"type":"Feature","geometry":{"type":"Polygon","coordinates":[[[-113.66171641978181,51.445132099866946],[-113.38041539674965,51.44510479763745],[-113.38041750926321,51.38693839042169],[-112.88818759944499,51.38696368989964],[-112.88815558897943,51.32191770304033],[-112.78292005621834,51.33205447542664],[-112.63001653602677,51.38664567375208],[-112.53977158060964,51.3773702205847],[-112.48774582068023,51.33384910948477],[-112.360896612731,51.296305667859535],[-112.26803298147354,51.22857676125639],[-112.12429351167295,51.15714464724961],[-112.06570429472957,51.11214296940794],[-112.00067579897623,51.09396855105941],[-111.91708069873981,50.973674353669],[-111.97132628856417,50.928222666751395],[-111.85456789691325,50.907080354124666],[-111.80382799994905,50.83565045048529],[-111.68434860828405,50.859756655980156],[-111.61972819261688,50.850403168027405],[-111.61516478579338,50.81703057093772],[-111.56962779636582,50.771501666178345],[-111.47372297565336,50.776343848139646],[-111.41626730927409,50.75339314375593],[-111.38922398231301,50.703155703521546],[-111.06445770099384,50.70294643278329],[-110.81527844333273,50.70763999681689],[-110.28214751818703,50.70340572855459],[-110.27821510862809,50.61812934082237],[-110.19620230016713,50.63135565088694],[-110.13038058934698,50.67855955194707],[-110.13954990843816,50.719033347356586],[-110.05176281370613,50.751301554770514],[-110.08113620166046,50.79340985349161],[-110.00303586778178,50.834670409871286],[-110.00514929525067,50.92121159800351],[-110.00494638756535,52.404948012022984],[-110.0051626000579,52.85733784557581],[-110.11156111658502,52.86425706682068],[-110.20080661433468,52.908291504802335],[-110.29210791767117,52.90814771057005],[-110.45666259588734,52.958150763590154],[-110.45625695870328,53.00672353583641],[-110.5018834612824,53.04088003595996],[-110.58351305658222,53.032054078804165],[-110.59385624352264,53.07029950681129],[-110.64078202540428,53.0852237870469],[-110.69320455403849,53.059650881702645],[-111.02887126143989,53.060085638035424],[-111.04087650210198,53.08869526176696],[-111.15063090867037,53.10318452545836],[-111.21077196236728,53.146577413121065],[-111.42940762687553,53.147080562623465],[-111.43106006646966,53.190261096802885],[-111.54066049448856,53.19040228996708],[-111.54064083805807,53.233853073896746],[-111.63826536835802,53.23387249726834],[-111.63832690046551,53.30634913843765],[-112.0507323999377,53.30884798926641],[-112.05070380726102,53.366951686388035],[-112.16464211142129,53.36697700050766],[-112.1646421092905,53.39601250076379],[-112.26351408276406,53.396031893049255],[-112.26337091212788,53.42521310726538],[-112.3622949942828,53.425177404661596],[-112.36202121387421,53.45427048583755],[-112.5091528125165,53.45367231694625],[-112.50874126722263,53.54140595733489],[-112.80384619102946,53.541483396522175],[-112.80393807011,53.513410829834704],[-112.9513631811112,53.524250649598805],[-112.95137997314055,53.4831282530984],[-112.8528834970785,53.46042052380573],[-112.84076086872453,53.36694179185757],[-113.049869593442,53.363999426970906],[-112.99999998157588,53.33768735872363],[-113.04991415590474,53.29417105519936],[-113.04984132266952,53.23565369529794],[-113.17175658054944,53.23594570907132],[-113.18428929255246,53.212603731638715],[-113.17169680948895,53.1197568863364],[-113.09854891378583,53.11972261035205],[-113.10013925653006,52.974094014939816],[-113.12449095970106,52.97417784088394],[-113.12431496471304,52.84342046491244],[-113.05178840863368,52.84340349565461],[-113.05179981424335,52.75605298779783],[-113.08849081292317,52.75580116590905],[-113.05178787207,52.723221745465956],[-113.0515669291481,52.623426275884924],[-113.14774869932833,52.62273751268615],[-113.14771161294867,52.57926910638039],[-113.07563681048617,52.579451186089656],[-113.00000001668762,52.550304420285826],[-112.93086399131103,52.48841936409208],[-113.07566737914459,52.37597499610956],[-113.09321569775702,52.31762801557814],[-113.07109790439861,52.30030294531697],[-113.06302740938479,52.208019866294734],[-113.02484099240148,52.17980605259692],[-113.02980049222042,52.12785415998041],[-112.96800530166671,52.04089075234595],[-112.91508240098467,52.003320456424916],[-112.91215029407236,51.96950967896612],[-113.29102430327885,51.968889389163586],[-113.29095951903422,51.983138834263556],[-113.48089400208742,51.98307351650091],[-113.47727458485457,51.954859828585086],[-113.6426677122417,51.954504002117226],[-113.64257380074511,51.89647199596953],[-113.71349888165531,51.89631399653156],[-113.7132694226802,51.78051585348266],[-113.73572689186624,51.751427864674405],[-113.64255689846279,51.67819051103469],[-113.66162789672568,51.59066419298329],[-113.66171641978181,51.445132099866946]]]},"properties":{"FED_NUM":48002,"ED_NAMEE":"Battle River—Crowfoot","province_code":"AB"}},
{"type":"Feature","geometry":{"type":"Polygon","coordinates":[[[-113.8602138468208,50.85532660722367],[-113.8059738152439,50.82425614444637],[-113.6992229862523,50.803664163944205],[-113.49991571932502,50.79647994766128],[-113.42122349732414,50.81077611154216],[-113.42116011315746,50.724308986760114],[-113.29994151725006,50.71800209920875],[-113.25953000568383,50.649644090821106],[-113.25549031688637,50.41097423699539],[-113.23313492162237,50.327057207744346],[-113.14474078723407,50.230649799776025],[-113.1436126111644,50.142642590429254],[-113.12105637814301,50.06245199751422],[-112.91641829189939,50.06247833432961],[-112.81409080927564,50.07701098937581],[-112.81242311746584,50.135276219472395],[-112.50691491174139,50.13536210566705],[-112.50686049386172,50.077057304877485],[-112.46140348328976,50.07707400142474],[-112.46055032586362,49.877271002149904],[-112.44291680189987,49.864531957681265],[-112.44288367654066,49.71952978728681],[-112.42065079885616,49.698409545632096],[-112.27461093581088,49.661917935707095],[-112.21776395853227,49.611042511112444],[-112.18449287639243,49.59650062478283],[-112.08198584507596,49.59664122768117],[-111.96893059647509,49.567473558929635],[-111.83361611960329,49.566904779646464],[-111.76583512328813,49.54551540812171],[-111.6305481514783,49.53024703316249],[-111.63028009425851,49.87305499084253],[-111.67889791263104,49.908055746109305],[-111.69535052514807,49.94605691784968],[-111.65745623565566,49.977313335087985],[-111.58824149825014,49.998257946950325],[-111.578093009311,50.04272505874274],[-111.64500879804123,50.13516230406741],[-111.3701818798048,50.13582394170491],[-111.37940527121812,50.22267904186828],[-111.37929410338025,50.57197210494321],[-111.38922398231301,50.703155703521546],[-111.41626730927409,50.75339314375593],[-111.47372297565336,50.776343848139646],[-111.56962779636582,50.771501666178345],[-111.61516478579338,50.81703057093772],[-111.61972819261688,50.850403168027405],[-111.68434860828405,50.859756655980156],[-111.80382799994905,50.83565045048529],[-111.85456789691325,50.907080354124666],[-111.97132628856417,50.928222666751395],[-111.91708069873981,50.973674353669],[-112.00067579897623,51.09396855105941],[-112.06570429472957,51.11214296940794],[-112.12429351167295,51.15714464724961],[-112.26803298147354,51.22857676125639],[-112.360896612731,51.296305667859535],[-112.48774582068023,51.33384910948477],[-112.53977158060964,51.3773702205847],[-112.63001653602677,51.38664567375208],[-112.78292005621834,51.33205447542664],[-112.88815558897943,51.32191770304033],[-112.88818759944499,51.38696368989964],[-113.38041750926321,51.38693839042169],[-113.38041539674965,51.44510479763745],[-113.66171641978181,51.445132099866946],[-113.8258257975037,51.44517170151681],[-113.82574600398988,51.32880690599402],[-113.84925730774012,51.328795287142796],[-113.84203778886346,51.21252830410603],[-113.91186339942362,51.18340350846634],[-113.9118571895874,51.125180713515405],[-113.91174268132762,51.066942498283616],[-113.86536524483284,51.05998634234598],[-113.8654183694804,51.01577586274532],[-113.91190010927363,50.979693490219084],[-113.86543340984252,50.97966558829562],[-113.8602138468208,50.85532660722367]]]},"properties":{"FED_NUM":48003,"ED_NAMEE":"Bow River","province_code":"AB"}},
{"type":"Feature","geometry":{"type":"Polygon","coordinates":[[[-114.11484758788524,51.04662693301139],[-114.1179380472581,51.00021827245166],[-114.08304856934048,50.994310588584575],[-114.02527961918437,50.98687070159539],[-114.0188046269769,51.04397344022665],[-114.11484758788524,51.04662693301139]]]},"properties":{"FED_NUM":48004,"ED_NAMEE":"Calgary Centre","province_code":"AB"}},
{"type":"Feature","geometry":{"type":"Polygon","coordinates":[[[-114.23152386273264,51.09895989438996],[-114.11484758788524,51.04662693301139],[-114.0188046269769,51.04397344022665],[-114.02709159760693,51.074372250699035],[-114.03388360037516,51.081480457877554],[-114.08611989832156,51.081478511023114],[-114.17818675382328,51.110749573398046],[-114.23152386273264,51.09895989438996]]]},"properties":{"FED_NUM":48005,"ED_NAMEE":"Calgary Confederation","province_code":"AB"}},
{"type":"Feature","geometry":{"type":"Polygon","coordinates":[[[-114.0939481225841,50.8904895299183],[-114.07099225756876,50.848859548637726],[-113.97308013125593,50.85537126389393],[-114.00953010516922,50.89518804616896],[-113.9906079955552,50.93190285213401],[-114.02527961918437,50.98687070159539],[-114.08304856934048,50.994310588584575],[-114.06216901703661,50.905143993734505],[-114.0939481225841,50.8904895299183]]]},"properties":{"FED_NUM":48010,"ED_NAMEE":"Calgary Midnapore","province_code":"AB"}},
{"type":"Feature","geometry":{"type":"Polygon","coordinates":[[[-114.17818675382328,51.110749573398046],[-114.08611989832156,51.081478511023114],[-114.03388360037516,51.081480457877554],[-114.04586069991043,51.12794401288027],[-114.01745674433685,51.15445080844556],[-114.1317836001351,51.16794569172411],[-114.17818675382328,51.110749573398046]]]},"properties":{"FED_NUM":48011,"ED_NAMEE":"Calgary Nose Hill","province_code":"AB"}},
{"type":"Feature","geometry":{"type":"Polygon","coordinates":[[[-113.51609189837696,53.46601939292261],[-113.56145748584153,53.50563917166191],[-113.6495714167776,53.40341877906881],[-113.6954198816296,53.35403424844008],[-113.68402048388758,53.338293422223174],[-113.54974544739092,53.337901730130014],[-113.50976394095431,53.39588246783244],[-113.51609189837696,53.46601939292261]]]},"properties":{"FED_NUM":48020,"ED_NAMEE":"Edmonton Riverbend","province_code":"AB"}},
{"type":"Feature","geometry":{"type":"Polygon","coordinates":[[[-79.49949149997965,44.01647049929578],[-79.4673525085619,43.88411169464893],[-79.38405993653303,43.90146359335687],[-79.3895209359406,43.92378760256986],[-79.40645613812899,44.01380967390804],[-79.46757560505732,43.99965500010798],[-79.49949149997965,44.01647049929578]]]},"properties":{"FED_NUM":35003,"ED_NAMEE":"Aurora—Oak Ridges—Richmond Hill","province_code":"ON"}},
{"type":"Feature","geometry":{"type":"Polygon","coordinates":[[[-79.74565080938316,44.362029591313785],[-79.70461861024015,44.201930812295366],[-79.72323719338442,44.18521409215923],[-79.71793935425424,44.16474295062006],[-79.51265408566601,44.21011130486311],[-79.50897489422303,44.42235654945049],[-79.6081466904882,44.39225012224513],[-79.74565080938316,44.362029591313785]]]},"properties":{"FED_NUM":35004,"ED_NAMEE":"Barrie South—Innisfil","province_code":"ON"}},
{"type":"Feature","geometry":{"type":"Polygon","coordinates":[[[-79.98442926866535,44.56985534557495],[-79.98308971142487,44.487903465488294],[-79.85208691361802,44.33852521124432],[-79.74565080938316,44.362029591313785],[-79.6081466904882,44.39225012224513],[-79.50897489422303,44.42235654945049],[-79.29856866713229,44.45227377748162],[-79.41198851605648,44.587716214518764],[-79.44691351610388,44.56987919129886],[-79.51142769280489,44.620891588826396],[-79.57830007279517,44.698039119054904],[-79.64518312546454,44.670004165512175],[-79.67718768869965,44.70520408712434],[-79.98442926866535,44.56985534557495]]]},"properties":{"FED_NUM":35005,"ED_NAMEE":"Barrie—Springwater—Oro-Medonte","province_code":"ON"}},
{"type":"Feature","geometry":{"type":"Polygon","coordinates":[[[-77.63999076111668,44.24884229683291],[-77.68388055340901,44.26293498838702],[-77.75217039960387,44.23307833753097],[-77.64124997200034,43.99289603049853],[-77.6250771402411,43.99716936682461],[-77.56602929673797,43.87860530349627],[-77.49630700745767,43.870928585073806],[-77.32803555925038,43.82110475263303],[-77.14802824231849,43.79817167348257],[-76.99127670076635,43.8052654654928],[-76.79743694332491,43.865601651149476],[-76.58250124780147,43.90936457288599],[-76.5000015317894,44.01523808822624],[-76.52473737456344,44.05517251811424],[-76.75811651966785,44.011100753303744],[-76.83712357031366,44.13269646917698],[-76.95788276882067,44.06239219226967],[-77.05408515874589,44.04432993201226],[-77.08516823290621,44.07854813412422],[-77.05677764298532,44.18526126065891],[-77.14872062715453,44.155727291334294],[-77.23561659099457,44.1499287293436],[-77.26915760819192,44.21819860589802],[-77.29283069212929,44.22143490535556],[-77.52780140518217,44.15907151315183],[-77.59612840490969,44.22316895398628],[-77.63999076111668,44.24884229683291]]]},"properties":{"FED_NUM":35006,"ED_NAMEE":"Bay of Quinte","province_code":"ON"}},
{"type":"Feature","geometry":{"type":"Polygon","coordinates":[[[-79.33303742058139,43.703421727620736],[-79.31420685062062,43.64831018760095],[-79.27938423930425,43.66962814399296],[-79.30058081702822,43.719775798507534],[-79.32006608669217,43.71552806457998],[-79.33303742058139,43.703421727620736]]]},"properties":{"FED_NUM":35007,"ED_NAMEE":"Beaches—East York","province_code":"ON"}},
{"type":"Feature","geometry":{"type":"Polygon","coordinates":[[[-80.32694355724973,43.534372904521774],[-80.2309413712202,43.50372452066077],[-80.18554451117522,43.524126593072175],[-80.22501217818673,43.584107834844986],[-80.27659410030442,43.570758531942424],[-80.32694355724973,43.534372904521774]]]},"properties":{"FED_NUM":35033,"ED_NAMEE":"Guelph","province_code":"ON"}},
{"type":"Feature","geometry":{"type":"Polygon","coordinates":[[[-79.87878762167894,43.2451838461914],[-79.91505854076968,43.20136118921049],[-79.82821641480088,43.180844493084614],[-79.8194442928823,43.20025726924289],[-79.81546672505242,43.22877795437026],[-79.87878762167894,43.2451838461914]]]},"properties":{"FED_NUM":35038,"ED_NAMEE":"Hamilton Mountain","province_code":"ON"}},
{"type":"Feature","geometry":{"type":"Polygon","coordinates":[[[-78.17845589821553,45.30978877931226],[-77.95761770170279,44.90525910150628],[-77.88747432537882,44.76910851272014],[-77.82938058580451,44.63061350751504],[-77.72737240824843,44.43647221096338],[-77.63999076111668,44.24884229683291],[-77.59612840490969,44.22316895398628],[-77.52780140518217,44.15907151315183],[-77.29283069212929,44.22143490535556],[-77.26915760819192,44.21819860589802],[-77.23561659099457,44.1499287293436],[-77.14872062715453,44.155727291334294],[-77.05677764298532,44.18526126065891],[-77.08516823290621,44.07854813412422],[-77.05408515874589,44.04432993201226],[-76.95788276882067,44.06239219226967],[-76.83712357031366,44.13269646917698],[-76.75811651966785,44.011100753303744],[-76.52473737456344,44.05517251811424],[-76.64409809975103,44.2503231068787],[-76.71279459664213,44.35179371141862],[-76.92464823183404,44.638479998563334],[-77.03219156421642,44.61195962135855],[-77.11816285345355,44.777009555676855],[-77.16806000474301,44.763564965202264],[-77.22135925820832,44.919541957158515],[-77.06578720493037,44.9625320019328],[-77.13748229534761,45.099260478258266],[-77.2158035314588,45.23703755186088],[-77.54399618536901,45.14358414602839],[-77.63600440493343,45.312476081748756],[-77.69095883045708,45.43811923984564],[-78.17845589821553,45.30978877931226]]]},"properties":{"FED_NUM":35040,"ED_NAMEE":"Hastings—Lennox and Addington—Tyendinaga","province_code":"ON"}},
{"type":"Feature","geometry":{"type":"Polygon","coordinates":[[[-79.58061094434713,43.76299708145292],[-79.5378307996143,43.71298532664417],[-79.50781988366384,43.717748606827826],[-79.49443168209856,43.781648907507396],[-79.5348234182223,43.7726942519882],[-79.58061094434713,43.76299708145292]]]},"properties":{"FED_NUM":35041,"ED_NAMEE":"Humber River—Black Creek","province_code":"ON"}},
{"type":"Feature","geometry":{"type":"Polygon","coordinates":[[[-81.39672439936521,44.54030024836792],[-81.43600371189227,44.49816578421417],[-81.49912795991948,44.46603703101079],[-81.62829565672973,44.34576264084241],[-81.68326571891818,44.19765334463094],[-81.76124923815678,44.09145059011619],[-81.73499198203795,43.88216659651558],[-81.7403263887252,43.81549285165695],[-81.73490520840815,43.67324464260164],[-81.71850321437728,43.49718505052889],[-81.74375598856788,43.37367195012368],[-81.76332861530983,43.31963364811825],[-81.77377421580745,43.237545244792514],[-81.4652575091126,43.27065888844238],[-81.43094239094282,43.29287039118059],[-81.36371900316419,43.26381589916978],[-81.28681031469661,43.35605261074682],[-81.44303828527867,43.42407799206011],[-81.34983449523163,43.534569001200296],[-81.2845883065872,43.50620649483206],[-81.18308609291859,43.62870000404356],[-81.14735028401648,43.61399400165944],[-81.03119570754131,43.763524107106804],[-81.08516269731146,43.80646300644694],[-80.95439919562898,43.82208730395209],[-80.98911870062209,43.986736693949574],[-81.06943911066075,44.288339603541814],[-81.26650961596575,44.259100302190035],[-81.32330648716822,44.45858916388684],[-81.32882313675734,44.50415996737821],[-81.39672439936521,44.54030024836792]]]},"properties":{"FED_NUM":35042,"ED_NAMEE":"Huron—Bruce","province_code":"ON"}},
{"type":"Feature","geometry":{"type":"Polygon","coordinates":[[[-79.3895209359406,43.92378760256986],[-79.38405993653303,43.90146359335687],[-79.36811568223662,43.83921992867116],[-79.28128459771521,43.85650499225241],[-79.26599239023079,43.90027399106475],[-79.27822121418602,43.95075240717431],[-79.3895209359406,43.92378760256986]]]},"properties":{"FED_NUM":35058,"ED_NAMEE":"Markham—Unionville","province_code":"ON"}},
{"type":"Feature","geometry":{"type":"Polygon","coordinates":[[[-79.91560419892564,43.69471729074481],[-79.95878979426591,43.656158097854124],[-79.92138420182421,43.62813650997391],[-79.99269958636036,43.56305440662986],[-79.93908260779634,43.52464740152666],[-79.88846551738338,43.52647869504],[-79.80814621038247,43.4667737967278],[-79.79842483025726,43.4741697563938],[-79.72691888583913,43.526527382029485],[-79.76264655343793,43.55234982924346],[-79.7903567514558,43.60223143858834],[-79.85227570948837,43.64787910420805],[-79.88887089611161,43.674890594634824],[-79.91560419892564,43.69471729074481]]]},"properties":{"FED_NUM":35060,"ED_NAMEE":"Milton East—Halton Hills South","province_code":"ON"}},
{"type":"Feature","geometry":{"type":"Polygon","coordinates":[[[-114.2568145840642,51.143541105980745],[-114.2809359732193,51.101141102049716],[-114.23152386273264,51.09895989438996],[-114.17818675382328,51.110749573398046],[-114.1317836001351,51.16794569172411],[-114.16445318900517,51.19771260177289],[-114.21102019693164,51.19775940716319],[-114.2568145840642,51.143541105980745]]]},"properties":{"FED_NUM":48006,"ED_NAMEE":"Calgary Crowfoot","province_code":"AB"}},
{"type":"Feature","geometry":{"type":"Polygon","coordinates":[[[-114.02527961918437,50.98687070159539],[-113.9906079955552,50.93190285213401],[-113.95833600898642,50.979644586291556],[-113.91190010927363,50.979693490219084],[-113.8654183694804,51.01577586274532],[-113.86536524483284,51.05998634234598],[-113.91174268132762,51.066942498283616],[-114.02709159760693,51.074372250699035],[-114.0188046269769,51.04397344022665],[-114.02527961918437,50.98687070159539]]]},"properties":{"FED_NUM":48007,"ED_NAMEE":"Calgary East","province_code":"AB"}},
{"type":"Feature","geometry":{"type":"Polygon","coordinates":[[[-78.95938741881629,44.02868709025607],[-78.9284082815149,43.95837117801587],[-78.91418000124973,43.92498999168178],[-78.82977341323728,43.94397539269354],[-78.79619656202836,43.86703121945841],[-78.71166954966593,43.86767460473819],[-78.60423125942154,43.897282124719695],[-78.62294107446421,43.903318040490966],[-78.68895910977115,44.05920501077826],[-78.70324310331104,44.0804455119645],[-78.87174158059679,44.040541306369356],[-78.95938741881629,44.02868709025607]]]},"properties":{"FED_NUM":35008,"ED_NAMEE":"Bowmanville—Oshawa North","province_code":"ON"}},
{"type":"Feature","geometry":{"type":"Polygon","coordinates":[[[-79.64432398372314,43.6006567063373],[-79.62642254495982,43.57163671088261],[-79.56736004516486,43.60950063872654],[-79.56803962351105,43.61394632945188],[-79.60885188864187,43.64643124505822],[-79.64432398372314,43.6006567063373]]]},"properties":{"FED_NUM":35062,"ED_NAMEE":"Mississauga East—Cooksville","province_code":"ON"}},
{"type":"Feature","geometry":{"type":"Polygon","coordinates":[[[-79.68409862428436,43.56191629505074],[-79.73325660352295,43.57861020779085],[-79.76264655343793,43.55234982924346],[-79.72691888583913,43.526527382029485],[-79.68183008892856,43.522777892795325],[-79.65803867113742,43.54323039220764],[-79.68409862428436,43.56191629505074]]]},"properties":{"FED_NUM":35063,"ED_NAMEE":"Mississauga—Erin Mills","province_code":"ON"}},
{"type":"Feature","geometry":{"type":"Polygon","coordinates":[[[-79.65803867113742,43.54323039220764],[-79.68183008892856,43.522777892795325],[-79.61616444071635,43.47491499285361],[-79.5229596450963,43.5603428813138],[-79.56736004516486,43.60950063872654],[-79.62642254495982,43.57163671088261],[-79.65803867113742,43.54323039220764]]]},"properties":{"FED_NUM":35064,"ED_NAMEE":"Mississauga—Lakeshore","province_code":"ON"}},
{"type":"Feature","geometry":{"type":"Polygon","coordinates":[[[-75.93111780127657,45.43183325083371],[-76.100722898696,45.3214550091638],[-76.04504731960219,45.31093019253357],[-75.96423298972324,45.2501531896695],[-75.89558361103,45.293536796331146],[-75.86437219908188,45.27068909938133],[-75.8018230548281,45.31295762746701],[-75.80958613230958,45.33146505052124],[-75.87312959222095,45.35963789197099],[-75.86772034467639,45.3875300943466],[-75.89518509822274,45.40163468695284],[-75.93111780127657,45.43183325083371]]]},"properties":{"FED_NUM":35043,"ED_NAMEE":"Kanata","province_code":"ON"}},
{"type":"Feature","geometry":{"type":"Polygon","coordinates":[[[-79.69724220400806,43.586753105452246],[-79.68409862428436,43.56191629505074],[-79.65803867113742,43.54323039220764],[-79.62642254495982,43.57163671088261],[-79.64432398372314,43.6006567063373],[-79.69724220400806,43.586753105452246]]]},"properties":{"FED_NUM":35061,"ED_NAMEE":"Mississauga Centre","province_code":"ON"}},
{"type":"Feature","geometry":{"type":"Polygon","coordinates":[[[-114.14232952245163,51.00850341946073],[-114.14072584799322,50.92134213463703],[-114.0939481225841,50.8904895299183],[-114.06216901703661,50.905143993734505],[-114.08304856934048,50.994310588584575],[-114.1179380472581,51.00021827245166],[-114.14232952245163,51.00850341946073]]]},"properties":{"FED_NUM":48008,"ED_NAMEE":"Calgary Heritage","province_code":"AB"}},
{"type":"Feature","geometry":{"type":"Polygon","coordinates":[[[-114.01745674433685,51.15445080844556],[-114.04586069991043,51.12794401288027],[-114.03388360037516,51.081480457877554],[-114.02709159760693,51.074372250699035],[-113.91174268132762,51.066942498283616],[-113.9118571895874,51.125180713515405],[-113.96989719546929,51.15431659417821],[-114.01745674433685,51.15445080844556]]]},"properties":{"FED_NUM":48009,"ED_NAMEE":"Calgary McKnight","province_code":"AB"}},
{"type":"Feature","geometry":{"type":"Polygon","coordinates":[[[-79.74586882553439,43.62872341487474],[-79.69724220400806,43.586753105452246],[-79.64432398372314,43.6006567063373],[-79.60885188864187,43.64643124505822],[-79.59119391608486,43.66875406449385],[-79.63047380109238,43.736396590848756],[-79.67157942959125,43.70829731609276],[-79.6952102468853,43.66541620141291],[-79.74586882553439,43.62872341487474]]]},"properties":{"FED_NUM":35065,"ED_NAMEE":"Mississauga—Malton","province_code":"ON"}},
{"type":"Feature","geometry":{"type":"Polygon","coordinates":[[[-79.7903567514558,43.60223143858834],[-79.76264655343793,43.55234982924346],[-79.73325660352295,43.57861020779085],[-79.68409862428436,43.56191629505074],[-79.69724220400806,43.586753105452246],[-79.74586882553439,43.62872341487474],[-79.7903567514558,43.60223143858834]]]},"properties":{"FED_NUM":35066,"ED_NAMEE":"Mississauga—Streetsville","province_code":"ON"}},
{"type":"Feature","geometry":{"type":"Polygon","coordinates":[[[-75.80958613230958,45.33146505052124],[-75.8018230548281,45.31295762746701],[-75.80438968646313,45.28056400537699],[-75.74901210963255,45.22651175932508],[-75.70305831258051,45.24463357341807],[-75.69622887734893,45.334236312885295],[-75.69784560021525,45.345645591594206],[-75.80958613230958,45.33146505052124]]]},"properties":{"FED_NUM":35067,"ED_NAMEE":"Nepean","province_code":"ON"}},
{"type":"Feature","geometry":{"type":"Polygon","coordinates":[[[-79.510808109807,44.06732880185203],[-79.49949149997965,44.01647049929578],[-79.46757560505732,43.99965500010798],[-79.40645613812899,44.01380967390804],[-79.42024281629729,44.06846680515543],[-79.510808109807,44.06732880185203]]]},"properties":{"FED_NUM":35068,"ED_NAMEE":"Newmarket—Aurora","province_code":"ON"}},
{"type":"Feature","geometry":{"type":"Polygon","coordinates":[[[-79.72323719338442,44.18521409215923],[-79.82931141505532,44.16235659866131],[-79.87552629116476,44.139311988726526],[-79.83358198183339,43.977036208889004],[-79.7755043990594,43.98975751198285],[-79.64945894623,44.017733488642726],[-79.55688086326437,44.0757496607233],[-79.510808109807,44.06732880185203],[-79.42024281629729,44.06846680515543],[-79.2761692113533,44.101266094756895],[-79.32801340670369,44.22330250911321],[-79.51785341621996,44.18157520842975],[-79.51265408566601,44.21011130486311],[-79.71793935425424,44.16474295062006],[-79.72323719338442,44.18521409215923]]]},"properties":{"FED_NUM":35069,"ED_NAMEE":"New Tecumseth—Gwillimbury","province_code":"ON"}},
{"type":"Feature","geometry":{"type":"Polygon","coordinates":[[[-79.75407963423173,43.05053397062914],[-79.51131948562671,42.96452930581791],[-79.33149849212622,42.7522234404026],[-79.27862849457412,42.752709589068225],[-79.28173855982497,42.97194832063532],[-79.29058020041272,43.01722374311718],[-79.27467798614309,43.10933490145803],[-79.24503237909461,43.15234989537596],[-79.28774755911081,43.17786916290123],[-79.29008293849256,43.24777761585771],[-79.3204726936578,43.18945823502839],[-79.40939906529513,43.199583269745375],[-79.51326099598899,43.19847176164454],[-79.62229450276097,43.22575109504071],[-79.63559910355872,43.19528271991378],[-79.65863482546929,43.14397351132376],[-79.70975309011557,43.155839324438446],[-79.75407963423173,43.05053397062914]]]},"properties":{"FED_NUM":35072,"ED_NAMEE":"Niagara West","province_code":"ON"}},
{"type":"Feature","geometry":{"type":"Polygon","coordinates":[[[-79.51748589338352,47.92687405630742],[-79.76137536902945,47.9280490065261],[-79.88865065109236,47.93865202961615],[-80.4061798746642,47.94156395819335],[-80.3984318284306,47.32037323427484],[-80.27206538123838,47.32021184855337],[-80.27415297858762,47.056396283687036],[-80.28920141007491,47.05604335752119],[-80.29161303366004,46.711312035356],[-80.03736658950896,46.70795891640424],[-80.0397206158598,46.624919866009165],[-79.75567963207024,46.62429767566519],[-79.75873324608575,46.44711347563774],[-79.63370262993045,46.447495109472264],[-79.63297180468838,46.372929643579994],[-79.8839526017441,46.365522087587685],[-79.85652065247642,46.30685180905437],[-79.7017762445583,46.368119292813724],[-79.63212003890783,46.35025692574595],[-79.6299485937541,46.21570146700031],[-79.66148461069417,46.21386369258414],[-79.66241051478369,46.18308436399514],[-79.61250854988997,46.093423064577514],[-79.68226402534034,46.07432044548087],[-79.58621894297849,45.90574953808632],[-79.25768678035969,45.99407713742184],[-79.13046644297052,45.751638943973994],[-79.04816191540078,45.75261694953486],[-78.85986447943446,45.41462435088413],[-78.31462910718551,45.56075873680119],[-78.24817854762738,45.57864497376209],[-78.44544217767631,45.93197407764185],[-78.6156006580574,45.888016590390045],[-78.68191596827174,46.00701007320008],[-78.50260567866549,46.05542973440052],[-78.50888741575808,46.07279157953329],[-78.32810156156991,46.12148906132185],[-78.41248587322798,46.27331631896766],[-78.40347142936612,46.293388299923215],[-78.5138770032216,46.29687612352536],[-78.59705837404273,46.31885264133565],[-78.67582234312522,46.31823377778111],[-78.72823126304816,46.342338688094344],[-78.72710717255599,46.38287269303594],[-78.89272200030159,46.46191530950758],[-78.98987072497222,46.5488555277112],[-79.01525073914881,46.62685229386745],[-79.09432289146405,46.688295713807456],[-79.17082153696376,46.82521851189218],[-79.21400810871306,46.8332355622061],[-79.32966575029461,46.95718677808055],[-79.3467991832795,47.00785849338934],[-79.4429928609731,47.10099710374979],[-79.42684265021019,47.250069240158226],[-79.5810343613752,47.41511400998787],[-79.58647279334008,47.44563884792464],[-79.5473893234085,47.517826164251275],[-79.5170805333327,47.53316399311762],[-79.51748589338352,47.92687405630742]]]},"properties":{"FED_NUM":35073,"ED_NAMEE":"Nipissing—Timiskaming","province_code":"ON"}},
{"type":"Feature","geometry":{"type":"Polygon","coordinates":[[[-78.68895910977115,44.05920501077826],[-78.62294107446421,43.903318040490966],[-78.60423125942154,43.897282124719695],[-78.429706425794,43.89528428288849],[-78.27833452304293,43.91900154697924],[-78.14050025287607,43.921818730523434],[-78.00187906331799,43.93836263957522],[-77.88262291717167,43.96245979511917],[-77.78736607780898,43.95922561641029],[-77.64124997200034,43.99289603049853],[-77.75217039960387,44.23307833753097],[-77.68388055340901,44.26293498838702],[-77.63999076111668,44.24884229683291],[-77.72737240824843,44.43647221096338],[-77.9130804161717,44.389390897662445],[-77.90112905332937,44.36474965643228],[-77.93673856140512,44.320617573988436],[-78.04503932693348,44.2619195439792],[-78.08183201108551,44.25449461024245],[-78.14520534541332,44.193875244351794],[-78.22031446314197,44.142713698514],[-78.34703320008306,44.11986848727467],[-78.49936378175872,44.08506859821614],[-78.5162923062881,44.09875771215805],[-78.68895910977115,44.05920501077826]]]},"properties":{"FED_NUM":35074,"ED_NAMEE":"Northumberland—Clarke","province_code":"ON"}},
{"type":"Feature","geometry":{"type":"Polygon","coordinates":[[[-113.9906079955552,50.93190285213401],[-114.00953010516922,50.89518804616896],[-113.97308013125593,50.85537126389393],[-113.8602138468208,50.85532660722367],[-113.86543340984252,50.97966558829562],[-113.91190010927363,50.979693490219084],[-113.95833600898642,50.979644586291556],[-113.9906079955552,50.93190285213401]]]},"properties":{"FED_NUM":48012,"ED_NAMEE":"Calgary Shepard","province_code":"AB"}},
{"type":"Feature","geometry":{"type":"Polygon","coordinates":[[[-114.2809359732193,51.101141102049716],[-114.23430048857468,51.081509908310245],[-114.23429474857907,51.00896884384783],[-114.14232952245163,51.00850341946073],[-114.1179380472581,51.00021827245166],[-114.11484758788524,51.04662693301139],[-114.23152386273264,51.09895989438996],[-114.2809359732193,51.101141102049716]]]},"properties":{"FED_NUM":48013,"ED_NAMEE":"Calgary Signal Hill","province_code":"AB"}},
{"type":"Feature","geometry":{"type":"Polygon","coordinates":[[[-79.2025885166673,43.22995434534727],[-79.17744441587888,43.140798456671654],[-79.16875026592581,42.959594117590136],[-79.02905695490696,42.96740410460451],[-79.00576515359448,42.98254968874525],[-79.02344439227201,43.0162777999169],[-79.00741669972356,43.06591671052708],[-79.07670083382,43.08038893916962],[-79.04312523552431,43.139194892932],[-79.05504714106603,43.25270614973761],[-79.12812165957233,43.26047665906669],[-79.2025885166673,43.22995434534727]]]},"properties":{"FED_NUM":35070,"ED_NAMEE":"Niagara Falls—Niagara-on-the-Lake","province_code":"ON"}},
{"type":"Feature","geometry":{"type":"Polygon","coordinates":[[[-79.27467798614309,43.10933490145803],[-79.29058020041272,43.01722374311718],[-79.28173855982497,42.97194832063532],[-79.27862849457412,42.752709589068225],[-79.14155780935354,42.751288537093835],[-78.93544092733788,42.828363763920265],[-78.90614325937214,42.90015761542275],[-78.93301979645535,42.95616467240821],[-79.00576515359448,42.98254968874525],[-79.02905695490696,42.96740410460451],[-79.16875026592581,42.959594117590136],[-79.17744441587888,43.140798456671654],[-79.27467798614309,43.10933490145803]]]},"properties":{"FED_NUM":35071,"ED_NAMEE":"Niagara South","province_code":"ON"}},
{"type":"Feature","geometry":{"type":"Polygon","coordinates":[[[-79.72691888583913,43.526527382029485],[-79.79842483025726,43.4741697563938],[-79.76832173600067,43.45968642237978],[-79.67027216903591,43.448350347843125],[-79.66063418914248,43.42625439836623],[-79.61616444071635,43.47491499285361],[-79.68183008892856,43.522777892795325],[-79.72691888583913,43.526527382029485]]]},"properties":{"FED_NUM":35075,"ED_NAMEE":"Oakville East","province_code":"ON"}},
{"type":"Feature","geometry":{"type":"Polygon","coordinates":[[[-79.80814621038247,43.4667737967278],[-79.810952591268,43.43476620535712],[-79.75651159409811,43.39541399330991],[-79.72035172341107,43.368931116721356],[-79.66063418914248,43.42625439836623],[-79.67027216903591,43.448350347843125],[-79.76832173600067,43.45968642237978],[-79.79842483025726,43.4741697563938],[-79.80814621038247,43.4667737967278]]]},"properties":{"FED_NUM":35076,"ED_NAMEE":"Oakville West","province_code":"ON"}},
{"type":"Feature","geometry":{"type":"Polygon","coordinates":[[[-75.57025268328313,45.476693362559686],[-75.54373449633594,45.435400390299186],[-75.52856833414954,45.42282158022489],[-75.42448458763612,45.451544595130805],[-75.48178314876832,45.51227021046464],[-75.54243625159359,45.48956598259534],[-75.57025268328313,45.476693362559686]]]},"properties":{"FED_NUM":35077,"ED_NAMEE":"Orléans","province_code":"ON"}},
{"type":"Feature","geometry":{"type":"Polygon","coordinates":[[[-78.91418000124973,43.92498999168178],[-78.88219486971418,43.85262524966086],[-78.8686583199967,43.835074188910255],[-78.78232022609721,43.83576919373134],[-78.79619656202836,43.86703121945841],[-78.82977341323728,43.94397539269354],[-78.91418000124973,43.92498999168178]]]},"properties":{"FED_NUM":35078,"ED_NAMEE":"Oshawa","province_code":"ON"}},
{"type":"Feature","geometry":{"type":"Polygon","coordinates":[[[-81.13220345190749,43.23146188451201],[-81.03761938275525,43.046083499942576],[-80.99366142715422,42.99267403003044],[-80.92300591145155,43.00078730762027],[-80.89869379174998,42.91256189798808],[-80.87701438679407,42.82964699762339],[-80.76183128550727,42.846476394924494],[-80.74463614616927,42.8239837636695],[-80.70520449259553,42.85456470685053],[-80.50538490877899,42.88408129126022],[-80.5434229928167,42.984863201617785],[-80.60874540819337,43.15163401281325],[-80.43645260586935,43.1794063063517],[-80.47154301322168,43.266802011894555],[-80.5036325960373,43.34806839612214],[-80.73491998599857,43.31098099655589],[-80.73578671211521,43.35333740486862],[-81.13220345190749,43.23146188451201]]]},"properties":{"FED_NUM":35083,"ED_NAMEE":"Oxford","province_code":"ON"}},
{"type":"Feature","geometry":{"type":"Polygon","coordinates":[[[-79.66148461069417,46.21386369258414],[-79.83694744776157,46.20561261984248],[-79.99505065299941,46.14745694458383],[-80.08542757691475,46.14347619008865],[-80.15232245610088,46.09194999913895],[-80.14908646979276,46.072529851125594],[-80.29706782592598,46.03626555273797],[-80.51538336997153,46.03354082408326],[-80.58251298562563,46.01773248598421],[-80.55624637948725,45.89202362756696],[-80.6669587397509,45.88961310455744],[-80.69362226189689,45.8723447686521],[-81.07548063605938,45.865499753859034],[-81.07103149630174,45.360702114017556],[-80.59918520750244,44.972717423420235],[-80.52070802891414,44.904343009153514],[-79.98429570336339,44.94255802214901],[-79.87706954071201,44.819579932549615],[-79.81538210989375,44.791004962906115],[-79.73015316227605,44.77284305175377],[-79.70393856125136,44.85556107259929],[-79.65792704994095,44.89442373993197],[-79.52611836975467,44.849566357758974],[-79.39403242964508,44.82515416526364],[-79.39459336249617,44.77605058164485],[-79.29465499733872,44.77537549611663],[-79.20788221529477,44.79486700931446],[-79.06290729860316,44.84013154458621],[-79.09385061288943,44.94283055912581],[-78.9343926642967,44.98564217788603],[-79.00114201233085,45.105483775022826],[-78.84319645181834,45.14503004137568],[-78.97140736865734,45.38445851717308],[-78.85986447943446,45.41462435088413],[-79.04816191540078,45.75261694953486],[-79.13046644297052,45.751638943973994],[-79.25768678035969,45.99407713742184],[-79.58621894297849,45.90574953808632],[-79.68226402534034,46.07432044548087],[-79.61250854988997,46.093423064577514],[-79.66241051478369,46.18308436399514],[-79.66148461069417,46.21386369258414]]]},"properties":{"FED_NUM":35084,"ED_NAMEE":"Parry Sound—Muskoka","province_code":"ON"}},
{"type":"Feature","geometry":{"type":"Polygon","coordinates":[[[-114.16445318900517,51.19771260177289],[-114.1317836001351,51.16794569172411],[-114.01745674433685,51.15445080844556],[-113.96989719546929,51.15431659417821],[-113.9118571895874,51.125180713515405],[-113.91186339942362,51.18340350846634],[-114.00154381527913,51.18355079677223],[-114.01300190817699,51.21256229648512],[-114.12953188736248,51.212350797240354],[-114.16445318900517,51.19771260177289]]]},"properties":{"FED_NUM":48014,"ED_NAMEE":"Calgary Skyview","province_code":"AB"}},
{"type":"Feature","geometry":{"type":"Polygon","coordinates":[[[-113.61517600632804,53.531732611004855],[-113.55355418347034,53.52749573803534],[-113.48373279292274,53.538912765156006],[-113.5166157827789,53.599636903528186],[-113.59105120829788,53.58091878409814],[-113.61517600632804,53.531732611004855]]]},"properties":{"FED_NUM":48015,"ED_NAMEE":"Edmonton Centre","province_code":"AB"}},
{"type":"Feature","geometry":{"type":"Polygon","coordinates":[[[-113.4424811962085,53.485279885987296],[-113.51609189837696,53.46601939292261],[-113.50976394095431,53.39588246783244],[-113.418040852783,53.3822872584116],[-113.44262451352442,53.41759805291118],[-113.4424811962085,53.485279885987296]]]},"properties":{"FED_NUM":48016,"ED_NAMEE":"Edmonton Gateway","province_code":"AB"}},
{"type":"Feature","geometry":{"type":"Polygon","coordinates":[[[-75.7725108930701,45.395880112980244],[-75.7268725928776,45.38898618860039],[-75.69784560021525,45.345645591594206],[-75.65869125405804,45.363193740972775],[-75.66327554877705,45.41701058987273],[-75.70377726188525,45.42975430717346],[-75.7725108930701,45.395880112980244]]]},"properties":{"FED_NUM":35079,"ED_NAMEE":"Ottawa Centre","province_code":"ON"}},
{"type":"Feature","geometry":{"type":"Polygon","coordinates":[[[-75.66327554877705,45.41701058987273],[-75.65869125405804,45.363193740972775],[-75.69784560021525,45.345645591594206],[-75.69622887734893,45.334236312885295],[-75.60392329697684,45.286509706611426],[-75.56786640210407,45.322666294043316],[-75.58507201854505,45.38499872017025],[-75.60990525304967,45.414186583666265],[-75.66327554877705,45.41701058987273]]]},"properties":{"FED_NUM":35080,"ED_NAMEE":"Ottawa South","province_code":"ON"}},
{"type":"Feature","geometry":{"type":"Polygon","coordinates":[[[-80.98911870062209,43.986736693949574],[-80.95439919562898,43.82208730395209],[-81.08516269731146,43.80646300644694],[-81.03119570754131,43.763524107106804],[-81.14735028401648,43.61399400165944],[-81.18308609291859,43.62870000404356],[-81.2845883065872,43.50620649483206],[-81.34983449523163,43.534569001200296],[-81.44303828527867,43.42407799206011],[-81.28681031469661,43.35605261074682],[-81.36371900316419,43.26381589916978],[-81.22447046023568,43.203325208889616],[-81.13220345190749,43.23146188451201],[-80.73578671211521,43.35333740486862],[-80.7376463032597,43.40795908908501],[-80.7940832549096,43.46675957662434],[-80.86903649373691,43.498048707169],[-80.75454581099257,43.64840470021919],[-80.6080118421581,43.589102236577745],[-80.59509018981873,43.66203890184202],[-80.55754341343585,43.689596005449594],[-80.44942260582194,43.76898210850131],[-80.47033810769165,43.783937294439234],[-80.38791321197779,43.85771139716704],[-80.39857728958337,43.856044602723344],[-80.43842851805901,44.0259893924171],[-80.56856991469834,43.99816039250171],[-80.82747196599652,43.96818012091284],[-80.83582895004794,44.00457664132937],[-80.98911870062209,43.986736693949574]]]},"properties":{"FED_NUM":35085,"ED_NAMEE":"Perth—Wellington","province_code":"ON"}},
{"type":"Feature","geometry":{"type":"Polygon","coordinates":[[[-77.88747432537882,44.76910851272014],[-78.01600772592202,44.72877198000794],[-78.06907085402895,44.725711209494406],[-78.01408049240436,44.612632081324556],[-78.02639043842136,44.583151991120246],[-78.15369080630788,44.548583931786105],[-78.24950347820241,44.546862738694365],[-78.34532022544586,44.55651802100878],[-78.37808987740272,44.49049707712181],[-78.42243857439965,44.46864274558373],[-78.48844896079117,44.46747224605334],[-78.48985826260603,44.43101188661885],[-78.42546930703735,44.29042390241789],[-78.33582091189459,44.25112835324491],[-78.3873498141674,44.20441311091386],[-78.34703320008306,44.11986848727467],[-78.22031446314197,44.142713698514],[-78.14520534541332,44.193875244351794],[-78.08183201108551,44.25449461024245],[-78.04503932693348,44.2619195439792],[-77.93673856140512,44.320617573988436],[-77.90112905332937,44.36474965643228],[-77.9130804161717,44.389390897662445],[-77.72737240824843,44.43647221096338],[-77.82938058580451,44.63061350751504],[-77.88747432537882,44.76910851272014]]]},"properties":{"FED_NUM":35086,"ED_NAMEE":"Peterborough","province_code":"ON"}},
{"type":"Feature","geometry":{"type":"Polygon","coordinates":[[[-79.2200428099244,43.97092871269158],[-79.186008359682,43.891197318729915],[-79.17024551862364,43.85546549602718],[-79.15205908482116,43.81452788977282],[-79.11346701069316,43.793778592582875],[-79.038667446462,43.81599643717089],[-79.08850819575918,43.90418090026905],[-79.00854293234251,43.922502307151056],[-79.02116067314135,43.9498354645492],[-78.9284082815149,43.95837117801587],[-78.95938741881629,44.02868709025607],[-79.2200428099244,43.97092871269158]]]},"properties":{"FED_NUM":35087,"ED_NAMEE":"Pickering—Brooklin","province_code":"ON"}},
{"type":"Feature","geometry":{"type":"Polygon","coordinates":[[[-75.60990525304967,45.414186583666265],[-75.58507201854505,45.38499872017025],[-75.5650893074953,45.37394779115564],[-75.35858439288491,45.33653669480497],[-75.42594482000887,45.31246569363647],[-75.35318540996224,45.18207449368554],[-75.20115611474027,45.23974210481742],[-75.19213378712432,45.22136080543654],[-74.99347360467326,45.27688386662622],[-75.01705537292989,45.31567337385147],[-74.92014520697676,45.34333989792497],[-74.73269689040794,45.42360730916517],[-74.74729850347177,45.43991949422771],[-74.58089150398771,45.50885900307365],[-74.49396523385292,45.40754671769312],[-74.43837861840504,45.3937926923383],[-74.42137672343438,45.439793403061316],[-74.38087638693001,45.565904433426226],[-74.47236640069356,45.5937318084928],[-74.5351100602814,45.59483251736901],[-74.6380607099053,45.63875815220907],[-74.72934567182479,45.628326088540284],[-74.94301048026038,45.64340540135338],[-74.98897970005771,45.61078484579276],[-75.11350228867788,45.578618289181655],[-75.24261394951264,45.585508709083086],[-75.31699439219359,45.54617074572624],[-75.39104194093349,45.52417785250093],[-75.48178314876832,45.51227021046464],[-75.42448458763612,45.451544595130805],[-75.52856833414954,45.42282158022489],[-75.54373449633594,45.435400390299186],[-75.60990525304967,45.414186583666265]]]},"properties":{"FED_NUM":35088,"ED_NAMEE":"Prescott—Russell—Cumberland","province_code":"ON"}},
{"type":"Feature","geometry":{"type":"Polygon","coordinates":[[[-82.77802451890588,42.397980488686294],[-82.55083188931204,42.39761382444802],[-82.48455890110782,42.34415444361147],[-82.48016219156092,42.460765974713915],[-82.43469481297612,42.49029832963848],[-82.42019441399573,42.572319400819275],[-82.4662415188078,42.5842448804309],[-82.48245439754317,42.6314139897482],[-82.02398455249616,42.62461786594366],[-82.00877366271116,42.650657363980805],[-81.83506290719322,42.650961506684745],[-81.83549940900717,42.84327361033751],[-81.79013048447202,42.81621520276267],[-81.7892891095513,43.065898310057335],[-81.81928459412397,43.10177924503789],[-81.8070418425149,43.12872805873147],[-81.81887381837599,43.19039474227163],[-81.77377421580745,43.237545244792514],[-81.76332861530983,43.31963364811825],[-81.89503334374659,43.25181019288411],[-81.98363660461469,43.23547174865014],[-81.99999999485682,43.250000007545125],[-82.2949113017366,43.24984286291442],[-82.4137412467914,43.01153110045373],[-82.41303359761851,42.97744727909314],[-82.45528864025547,42.926715117423775],[-82.48204218997934,42.80816225477898],[-82.46739909762707,42.762478410563745],[-82.5104918031095,42.66481401454376],[-82.52340373431349,42.60740470807121],[-82.60546026746003,42.548486992804],[-82.64121401109016,42.55479750719155],[-82.80345512830164,42.39814781518095],[-82.77802451890588,42.397980488686294]]]},"properties":{"FED_NUM":35090,"ED_NAMEE":"Sarnia—Lambton—Bkejwanong","province_code":"ON"}},
{"type":"Feature","geometry":{"type":"Polygon","coordinates":[[[-84.68569494622231,49.708695368033695],[-85.3315755727397,49.709862532780214],[-85.33366310385686,48.18904114131781],[-85.32903570252341,47.877773960861056],[-85.31331677656722,47.25230919440621],[-85.31348775869613,47.084321201419],[-84.8543448351347,46.892219831386846],[-84.76281451506473,46.63426861293599],[-84.55683314477314,46.46080560592061],[-84.4765055276642,46.45287773445289],[-84.44522206528234,46.48908330263403],[-84.3741387312829,46.509166709629746],[-84.29374985746783,46.4928889089537],[-84.22588876025266,46.534055609643026],[-84.12899984579917,46.53049999835615],[-84.11113875982171,46.504222220971926],[-84.14605544142893,46.418777797466234],[-84.10824984472083,46.2414443971552],[-84.07713876015566,46.18733331247268],[-84.00597203726912,46.14944439887673],[-83.95547203774473,46.05674999495856],[-83.90352764513715,46.06044440107804],[-83.8263331367487,46.11886111194197],[-83.75986094118596,46.1027222032998],[-83.65499984831659,46.121694413654794],[-83.57194423520197,46.105777794772706],[-83.43618489954615,46.00004740097279],[-83.06932497702071,46.00693566777972],[-82.36114039047587,46.019983609945015],[-82.27523087410204,46.06156372436362],[-82.21275010501519,46.061878268269396],[-82.14580266326146,45.99715051827117],[-82.05654683554408,46.100038608838794],[-82.05686470886879,46.176943475023066],[-82.0974436680994,46.17051555415201],[-82.2563435211362,46.18905757955896],[-82.31261033334066,46.185845801019326],[-82.31291888856124,46.27754954648573],[-82.19243292017072,46.27778135509886],[-82.1928011116975,46.36741418231281],[-82.06796261910621,46.36664763674957],[-82.06915974220034,46.6251386733288],[-81.94475835244485,46.6251739471624],[-81.94990551649413,46.976104029876055],[-82.24325600732465,46.9791201059568],[-82.57868074827147,46.97714490054606],[-82.57723674959409,47.23563840111632],[-82.60301793769587,47.23577228200776],[-83.2753816717972,47.23557134734467],[-83.97492747709042,47.23615984072429],[-83.97374497604017,47.93410277654283],[-84.0163834607918,47.93410185766351],[-84.0147478283969,48.30552399288785],[-83.9920324302566,48.29070752134241],[-83.91419975446576,48.30310601111906],[-83.93929603880173,48.33248851616425],[-84.01473937961403,48.336096009524006],[-84.01444215981452,49.44929187573751],[-84.48428430369869,49.4513972621274],[-84.48557170037202,49.709364759053585],[-84.68569494622231,49.708695368033695]]]},"properties":{"FED_NUM":35091,"ED_NAMEE":"Sault Ste. Marie—Algoma","province_code":"ON"}},
{"type":"Feature","geometry":{"type":"Polygon","coordinates":[[[-79.2278139387495,43.842079755288786],[-79.22555089053758,43.789217402668505],[-79.20474934459442,43.753623653328646],[-79.21372181401243,43.72601096677809],[-79.11346701069316,43.793778592582875],[-79.15205908482116,43.81452788977282],[-79.17024551862364,43.85546549602718],[-79.2278139387495,43.842079755288786]]]},"properties":{"FED_NUM":35094,"ED_NAMEE":"Scarborough—Guildwood—Rouge Park","province_code":"ON"}},
{"type":"Feature","geometry":{"type":"Polygon","coordinates":[[[-80.59918520750244,44.972717423420235],[-80.46372608566864,44.372760796956875],[-80.26636219331517,44.416033990392],[-80.2290779021495,44.253419190915416],[-80.03400479854949,44.29487170643856],[-79.95117640653085,43.95142348944196],[-79.83358198183339,43.977036208889004],[-79.87552629116476,44.139311988726526],[-79.82931141505532,44.16235659866131],[-79.72323719338442,44.18521409215923],[-79.70461861024015,44.201930812295366],[-79.74565080938316,44.362029591313785],[-79.85208691361802,44.33852521124432],[-79.98308971142487,44.487903465488294],[-79.98442926866535,44.56985534557495],[-80.03226180427025,44.54764415322641],[-80.16583844760412,44.62624650344193],[-80.32871866046206,44.6927355538473],[-80.50166339368091,44.89249613615667],[-80.52070802891414,44.904343009153514],[-80.59918520750244,44.972717423420235]]]},"properties":{"FED_NUM":35098,"ED_NAMEE":"Simcoe—Grey","province_code":"ON"}},
{"type":"Feature","geometry":{"type":"Polygon","coordinates":[[[-80.52070802891414,44.904343009153514],[-80.50166339368091,44.89249613615667],[-80.32871866046206,44.6927355538473],[-80.16583844760412,44.62624650344193],[-80.03226180427025,44.54764415322641],[-79.98442926866535,44.56985534557495],[-79.67718768869965,44.70520408712434],[-79.64518312546454,44.670004165512175],[-79.57830007279517,44.698039119054904],[-79.51142769280489,44.620891588826396],[-79.44691351610388,44.56987919129886],[-79.41198851605648,44.587716214518764],[-79.29856866713229,44.45227377748162],[-79.1637545028795,44.47100494154916],[-79.12830520082673,44.50708541851179],[-79.081834038204,44.51582270932777],[-79.20788221529477,44.79486700931446],[-79.29465499733872,44.77537549611663],[-79.39459336249617,44.77605058164485],[-79.39403242964508,44.82515416526364],[-79.52611836975467,44.849566357758974],[-79.65792704994095,44.89442373993197],[-79.70393856125136,44.85556107259929],[-79.73015316227605,44.77284305175377],[-79.81538210989375,44.791004962906115],[-79.87706954071201,44.819579932549615],[-79.98429570336339,44.94255802214901],[-80.52070802891414,44.904343009153514]]]},"properties":{"FED_NUM":35099,"ED_NAMEE":"Simcoe North","province_code":"ON"}},
{"type":"Feature","geometry":{"type":"Polygon","coordinates":[[[-113.5166157827789,53.599636903528186],[-113.48373279292274,53.538912765156006],[-113.40226435075716,53.55657162603781],[-113.3718903236092,53.570492365236575],[-113.4430042237584,53.58353143842982],[-113.49173959914805,53.62895600737416],[-113.5166157827789,53.599636903528186]]]},"properties":{"FED_NUM":48017,"ED_NAMEE":"Edmonton Griesbach","province_code":"AB"}},
{"type":"Feature","geometry":{"type":"Polygon","coordinates":[[[-113.49173959914805,53.62895600737416],[-113.4430042237584,53.58353143842982],[-113.3718903236092,53.570492365236575],[-113.29531695245257,53.57027448736229],[-113.29332447407063,53.67293591180786],[-113.29506499617229,53.715820700356545],[-113.4304180644552,53.71609807986996],[-113.43612239629317,53.650563273750016],[-113.49132374915753,53.65056431946892],[-113.49173959914805,53.62895600737416]]]},"properties":{"FED_NUM":48018,"ED_NAMEE":"Edmonton Manning","province_code":"AB"}},
{"type":"Feature","geometry":{"type":"Polygon","coordinates":[[[-52.96196566346912,47.804457532170716],[-53.17565897843282,47.788855476120375],[-53.25374723394792,47.79161101181572],[-53.37302433497061,47.77672028722185],[-53.38475351246452,47.580688896212806],[-53.5048008186256,47.40407401429701],[-53.52326169795774,47.31596499577219],[-53.74378256745456,47.21743213524206],[-53.931601990740255,46.99828188809165],[-53.79236211779276,46.88657501440528],[-53.83439677365384,46.75399464405447],[-53.75648496497678,46.65887546420292],[-53.63245926042015,46.59561560085622],[-53.4639490151327,46.61584307962099],[-53.32447183626318,46.6005935434789],[-53.10944058608875,46.60011633022665],[-53.09151800690173,46.608613541324225],[-52.979093283372656,46.75560867993934],[-52.830393819965046,46.84242039483021],[-52.749505650866276,46.94243106348562],[-52.75253073606083,47.25011423841008],[-52.71578142874377,47.28588933812067],[-52.62181671010157,47.43740249118901],[-52.72106798968916,47.46588690640923],[-52.72115397810755,47.48190382027921],[-52.830495310442664,47.511404498699164],[-52.916062892364955,47.50625924531693],[-52.91509432013577,47.55339538369521],[-52.98086598389784,47.518958463580596],[-53.03580030693544,47.535204510195186],[-53.10622699477417,47.59938775247444],[-53.07373851479349,47.66468100010794],[-52.96196566346912,47.804457532170716]]]},"properties":{"FED_NUM":10001,"ED_NAMEE":"Avalon","province_code":"NL"}},
{"type":"Feature","geometry":{"type":"Polygon","coordinates":[[[-75.6924412703156,45.452969539579904],[-75.70377726188525,45.42975430717346],[-75.66327554877705,45.41701058987273],[-75.60990525304967,45.414186583666265],[-75.54373449633594,45.435400390299186],[-75.57025268328313,45.476693362559686],[-75.6924412703156,45.452969539579904]]]},"properties":{"FED_NUM":35081,"ED_NAMEE":"Ottawa—Vanier—Gloucester","province_code":"ON"}},
{"type":"Feature","geometry":{"type":"Polygon","coordinates":[[[-75.86772034467639,45.3875300943466],[-75.87312959222095,45.35963789197099],[-75.80958613230958,45.33146505052124],[-75.69784560021525,45.345645591594206],[-75.7268725928776,45.38898618860039],[-75.7725108930701,45.395880112980244],[-75.79701680420106,45.37832403042731],[-75.86772034467639,45.3875300943466]]]},"properties":{"FED_NUM":35082,"ED_NAMEE":"Ottawa West—Nepean","province_code":"ON"}},
{"type":"Feature","geometry":{"type":"Polygon","coordinates":[[[-79.40602881848092,43.83833840969832],[-79.36811568223662,43.83921992867116],[-79.38405993653303,43.90146359335687],[-79.4673525085619,43.88411169464893],[-79.46276210004855,43.865913894605825],[-79.40602881848092,43.83833840969832]]]},"properties":{"FED_NUM":35089,"ED_NAMEE":"Richmond Hill South","province_code":"ON"}},
{"type":"Feature","geometry":{"type":"Polygon","coordinates":[[[-113.71362932412822,53.59237228773635],[-113.68893038662155,53.512238591462236],[-113.61517600632804,53.531732611004855],[-113.59105120829788,53.58091878409814],[-113.5166157827789,53.599636903528186],[-113.49173959914805,53.62895600737416],[-113.49132374915753,53.65056431946892],[-113.56584423108623,53.65046184091036],[-113.63915700867189,53.599629795376536],[-113.71362932412822,53.59237228773635]]]},"properties":{"FED_NUM":48019,"ED_NAMEE":"Edmonton Northwest","province_code":"AB"}},
{"type":"Feature","geometry":{"type":"Polygon","coordinates":[[[-113.4424811962085,53.485279885987296],[-113.44262451352442,53.41759805291118],[-113.418040852783,53.3822872584116],[-113.34430569883993,53.36683990287373],[-113.35687597616484,53.482999046266045],[-113.4424811962085,53.485279885987296]]]},"properties":{"FED_NUM":48021,"ED_NAMEE":"Edmonton Southeast","province_code":"AB"}},
{"type":"Feature","geometry":{"type":"Polygon","coordinates":[[[-90.16986151886822,50.06348397880688],[-90.00006947918106,50.06255144072024],[-90.00034524735733,49.176534446830665],[-89.90729932608197,49.147925718785],[-89.8739142201792,49.08199306330698],[-89.89307024974916,49.03857572163925],[-89.89503004923775,48.969205847277834],[-89.81690331813996,48.91631032349888],[-89.71336186116879,48.9282109946082],[-89.63088374606887,48.90436234726806],[-89.61627734895463,48.83182993590359],[-89.55259794723543,48.75329162141289],[-89.59859277295651,48.72250188391971],[-89.64715512812718,48.722532050336454],[-89.64595763251266,48.67477350957717],[-89.6032805208366,48.660105469711304],[-89.62085285025873,48.59772694051204],[-89.58776781466223,48.551704627262865],[-89.59464898379696,48.515570042557165],[-89.4289524832698,48.51432980816223],[-89.42674110334035,48.39911509884263],[-89.30481622129645,48.407034931001114],[-89.19559791668676,48.39932786444405],[-89.04456195502405,48.39941273790025],[-89.1100444589653,48.26748641615725],[-89.00000001160467,48.246836217488095],[-88.99999999446979,48.11322107820487],[-88.67922205458963,48.24394441423274],[-88.36861094831355,48.30561111367167],[-85.31348775869613,47.084321201419],[-85.31331677656722,47.25230919440621],[-85.32903570252341,47.877773960861056],[-85.33366310385686,48.18904114131781],[-85.3315755727397,49.709862532780214],[-84.68569494622231,49.708695368033695],[-84.68896755573049,50.22578730536596],[-84.66292551796761,50.246707659099606],[-84.54312183913461,50.28246575981985],[-84.48948816515798,50.34169938695668],[-84.37695394746169,50.3627414416794],[-84.38192006353331,50.41231229659568],[-84.501576610536,50.51210864184999],[-84.49215462668231,50.59118573928363],[-84.43602734214215,50.69838481952328],[-84.444301086716,50.78565141957303],[-84.56353492218976,50.8395033614628],[-84.56687990307303,50.90411468819713],[-84.60919073067106,50.99927987456724],[-84.56722912953757,51.07551945152028],[-84.49975498632443,51.081775477137924],[-84.47997505314419,51.10855369260429],[-84.59046393357667,51.12107831376381],[-84.62713483108541,51.15244251388933],[-84.71013063619301,51.181355719046856],[-84.7853522303663,51.191006325895835],[-84.89936539822287,51.273991465788924],[-84.97812816572629,51.28084073155879],[-85.03660822757499,51.31420958738577],[-85.05045008769221,51.395690580260435],[-85.13540514423681,51.42165533495483],[-85.2413188509365,51.51399054099452],[-85.31160309528016,51.52560916554059],[-85.33675408610871,51.562722797675654],[-85.40846362078388,51.59286308977058],[-85.46008570456009,51.65093652802512],[-85.49999982453394,51.659617208971],[-85.68134553179937,51.64718740710487],[-85.71278222677711,51.63505303242192],[-85.85002607479052,51.62896132111453],[-85.84812174188177,51.70585316315186],[-85.9877390001788,51.708094372193926],[-86.10636959684747,51.72757511302236],[-86.14615069754417,51.75403767523962],[-86.25236610271725,51.77334678709344],[-86.3005452595342,51.76735062934881],[-86.38377290283029,51.728348114822325],[-86.40189860932122,51.69235906294496],[-86.38652748098023,51.6217870456329],[-86.48394863766185,51.53915266478239],[-86.54795249818743,51.51957651153218],[-86.55960369690443,52.49731913748099],[-86.5524226443252,53.00006399973504],[-87.25208822012351,52.9999238295603],[-87.25287265586661,53.11843913368715],[-87.37542822619224,53.12498742449317],[-87.39689091595883,53.08444211623469],[-87.50270783243299,52.99992156160216],[-88.39456213521746,53.00034813247069],[-88.9999405495992,53.00006393070772],[-88.99999981749727,51.50975499120182],[-89.10755147726668,51.52798875219465],[-89.18656687858628,51.452134565973225],[-89.186110695575,51.430421248650184],[-89.30118016276343,51.43046069841209],[-89.48087940614217,51.334219259155724],[-89.5576321001241,51.27983453195295],[-89.68227975559161,51.22675602516877],[-89.79418179621966,51.216572923888364],[-89.87919044169051,51.174097613795766],[-89.94673424372637,51.17477071880425],[-90.04674955911628,51.131684039088135],[-90.16703824776648,51.13366641039595],[-90.16986151886822,50.06348397880688]]]},"properties":{"FED_NUM":35108,"ED_NAMEE":"Thunder Bay—Superior North","province_code":"ON"}},
{"type":"Feature","geometry":{"type":"Polygon","coordinates":[[[-79.36343632850944,43.675302518830236],[-79.37925250288598,43.65243550306423],[-79.36108193504032,43.6478474537258],[-79.36343632850944,43.675302518830236]]]},"properties":{"FED_NUM":35109,"ED_NAMEE":"Toronto Centre","province_code":"ON"}},
{"type":"Feature","geometry":{"type":"Polygon","coordinates":[[[-79.4502679934409,43.695685386358],[-79.42939621476144,43.670982002996624],[-79.37088810148025,43.69064988165578],[-79.39898759557349,43.70958199900539],[-79.4502679934409,43.695685386358]]]},"properties":{"FED_NUM":35111,"ED_NAMEE":"Toronto—St. Paul's","province_code":"ON"}},
{"type":"Feature","geometry":{"type":"Polygon","coordinates":[[[-79.35207171136514,43.81324190490155],[-79.33724596229338,43.76771050775992],[-79.27476959912562,43.77728774933295],[-79.29732082704197,43.825941014616724],[-79.35207171136514,43.81324190490155]]]},"properties":{"FED_NUM":35092,"ED_NAMEE":"Scarborough—Agincourt","province_code":"ON"}},
{"type":"Feature","geometry":{"type":"Polygon","coordinates":[[[-79.33724596229338,43.76771050775992],[-79.3439068529192,43.75648660658399],[-79.32006608669217,43.71552806457998],[-79.30058081702822,43.719775798507534],[-79.26295946692855,43.733463831799966],[-79.27476959912562,43.77728774933295],[-79.33724596229338,43.76771050775992]]]},"properties":{"FED_NUM":35093,"ED_NAMEE":"Scarborough Centre—Don Valley East","province_code":"ON"}},
{"type":"Feature","geometry":{"type":"Polygon","coordinates":[[[-79.42141008396206,43.64066768482541],[-79.42519377784879,43.62556245572289],[-79.34415998438475,43.612426072606596],[-79.36108193504032,43.6478474537258],[-79.37925250288598,43.65243550306423],[-79.41887741115157,43.64419381055822],[-79.42141008396206,43.64066768482541]]]},"properties":{"FED_NUM":35100,"ED_NAMEE":"Spadina—Harbourfront","province_code":"ON"}},
{"type":"Feature","geometry":{"type":"Polygon","coordinates":[[[-75.59498419454134,45.084348202758484],[-75.49597149035614,44.97006719574591],[-75.35724024904705,44.79810089980476],[-75.307467401747,44.83671443751939],[-75.21822514717445,44.87780147771472],[-75.13997570548773,44.89686462863816],[-75.0647050180717,44.92944753781482],[-74.97248787014254,44.983465514549856],[-74.90801379008397,44.9835038160172],[-74.82650866025406,45.01585201114266],[-74.73092175334072,44.99046142680477],[-74.6685684481127,45.00435508043779],[-74.59651067430198,45.04142576158432],[-74.49300576479621,45.066127065218424],[-74.44167199607352,45.13081282172309],[-74.3203808949773,45.186936522248224],[-74.47191127919558,45.30273421056975],[-74.43837861840504,45.3937926923383],[-74.49396523385292,45.40754671769312],[-74.58089150398771,45.50885900307365],[-74.74729850347177,45.43991949422771],[-74.73269689040794,45.42360730916517],[-74.92014520697676,45.34333989792497],[-75.01705537292989,45.31567337385147],[-74.99347360467326,45.27688386662622],[-75.19213378712432,45.22136080543654],[-75.20115611474027,45.23974210481742],[-75.35318540996224,45.18207449368554],[-75.59498419454134,45.084348202758484]]]},"properties":{"FED_NUM":35102,"ED_NAMEE":"Stormont—Dundas—Glengarry","province_code":"ON"}},
{"type":"Feature","geometry":{"type":"Polygon","coordinates":[[[-81.20389584151933,46.4974043194915],[-81.17988109815376,46.40355918964472],[-81.1428339052474,46.405783050630006],[-81.09494051765375,46.36368914608859],[-80.69295972409874,46.36099067233589],[-80.6940278548714,46.624768139673435],[-80.67525074315758,46.67066949348003],[-80.81855300080042,46.72071112293187],[-80.81936895892095,46.622455088735826],[-80.94440760357902,46.6240227033533],[-80.94407441351382,46.53718696579304],[-81.07077711933248,46.537507503502226],[-81.07134554829942,46.50979237583249],[-81.19968207055051,46.51040840404411],[-81.20389584151933,46.4974043194915]]]},"properties":{"FED_NUM":35103,"ED_NAMEE":"Sudbury","province_code":"ON"}},
{"type":"Feature","geometry":{"type":"Polygon","coordinates":[[[-82.60301793769587,47.23577228200776],[-82.57723674959409,47.23563840111632],[-82.57868074827147,46.97714490054606],[-82.24325600732465,46.9791201059568],[-81.94990551649413,46.976104029876055],[-81.94475835244485,46.6251739471624],[-82.06915974220034,46.6251386733288],[-82.06796261910621,46.36664763674957],[-82.1928011116975,46.36741418231281],[-82.19243292017072,46.27778135509886],[-82.31291888856124,46.27754954648573],[-82.31261033334066,46.185845801019326],[-82.2563435211362,46.18905757955896],[-82.0974436680994,46.17051555415201],[-82.05686470886879,46.176943475023066],[-82.05654683554408,46.100038608838794],[-82.14580266326146,45.99715051827117],[-82.21275010501519,46.061878268269396],[-82.27523087410204,46.06156372436362],[-82.36114039047587,46.019983609945015],[-83.06932497702071,46.00693566777972],[-83.43618489954615,46.00004740097279],[-83.59393796288352,45.81986601785539],[-82.877447393674,45.50162968879251],[-82.50293602819254,45.50451863548463],[-82.00000000636847,45.499999991512674],[-82.0000000293367,45.36082194026009],[-81.81676315828474,45.36155552212489],[-81.07103149630174,45.360702114017556],[-81.07548063605938,45.865499753859034],[-80.69362226189689,45.8723447686521],[-80.6669587397509,45.88961310455744],[-80.55624637948725,45.89202362756696],[-80.58251298562563,46.01773248598421],[-80.51538336997153,46.03354082408326],[-80.29706782592598,46.03626555273797],[-80.14908646979276,46.072529851125594],[-80.15232245610088,46.09194999913895],[-80.08542757691475,46.14347619008865],[-79.99505065299941,46.14745694458383],[-79.83694744776157,46.20561261984248],[-79.66148461069417,46.21386369258414],[-79.6299485937541,46.21570146700031],[-79.63212003890783,46.35025692574595],[-79.7017762445583,46.368119292813724],[-79.85652065247642,46.30685180905437],[-79.8839526017441,46.365522087587685],[-79.63297180468838,46.372929643579994],[-79.63370262993045,46.447495109472264],[-79.75873324608575,46.44711347563774],[-79.75567963207024,46.62429767566519],[-80.0397206158598,46.624919866009165],[-80.03736658950896,46.70795891640424],[-80.29161303366004,46.711312035356],[-80.28920141007491,47.05604335752119],[-80.27415297858762,47.056396283687036],[-80.27206538123838,47.32021184855337],[-80.3984318284306,47.32037323427484],[-81.07343468711129,47.32176117052806],[-81.07363982685465,48.10345090001177],[-81.2311405505366,48.10252371508958],[-81.85689418208865,48.10390039919159],[-82.6005428372558,48.097832277641594],[-82.59986900523516,47.59338662121562],[-82.60301793769587,47.23577228200776]],[[-81.20389584151933,46.4974043194915],[-81.19968207055051,46.51040840404411],[-81.07134554829942,46.50979237583249],[-81.07077711933248,46.537507503502226],[-80.94407441351382,46.53718696579304],[-80.94440760357902,46.6240227033533],[-80.81936895892095,46.622455088735826],[-80.81855300080042,46.72071112293187],[-80.67525074315758,46.67066949348003],[-80.6940278548714,46.624768139673435],[-80.69295972409874,46.36099067233589],[-81.09494051765375,46.36368914608859],[-81.1428339052474,46.405783050630006],[-81.17988109815376,46.40355918964472],[-81.20389584151933,46.4974043194915]]]},"properties":{"FED_NUM":35104,"ED_NAMEE":"Sudbury East—Manitoulin—Nickel Belt","province_code":"ON"}},
{"type":"Feature","geometry":{"type":"Polygon","coordinates":[[[-79.36220138363643,43.688525062095465],[-79.36343632850944,43.675302518830236],[-79.36108193504032,43.6478474537258],[-79.34415998438475,43.612426072606596],[-79.31420685062062,43.64831018760095],[-79.33303742058139,43.703421727620736],[-79.36220138363643,43.688525062095465]]]},"properties":{"FED_NUM":35110,"ED_NAMEE":"Toronto—Danforth","province_code":"ON"}},
{"type":"Feature","geometry":{"type":"Polygon","coordinates":[[[-79.42939621476144,43.670982002996624],[-79.41887741115157,43.64419381055822],[-79.37925250288598,43.65243550306423],[-79.36343632850944,43.675302518830236],[-79.36220138363643,43.688525062095465],[-79.37088810148025,43.69064988165578],[-79.42939621476144,43.670982002996624]]]},"properties":{"FED_NUM":35112,"ED_NAMEE":"University—Rosedale","province_code":"ON"}},
{"type":"Feature","geometry":{"type":"Polygon","coordinates":[[[-79.54617666919899,43.828256086342705],[-79.59878826214144,43.836548093123675],[-79.67866791658301,43.819303402549714],[-79.63930240562541,43.749845708010284],[-79.58061094434713,43.76299708145292],[-79.5348234182223,43.7726942519882],[-79.54617666919899,43.828256086342705]]]},"properties":{"FED_NUM":35113,"ED_NAMEE":"Vaughan—Woodbridge","province_code":"ON"}},
{"type":"Feature","geometry":{"type":"Polygon","coordinates":[[[-80.47925020874166,43.50384352629294],[-80.48246441237227,43.53057344853613],[-80.62618420668596,43.47974709297645],[-80.57410382246917,43.432659873832975],[-80.54281307051,43.442870791522715],[-80.50521991668424,43.46145099944993],[-80.47925020874166,43.50384352629294]]]},"properties":{"FED_NUM":35114,"ED_NAMEE":"Waterloo","province_code":"ON"}},
{"type":"Feature","geometry":{"type":"Polygon","coordinates":[[[-80.55754341343585,43.689596005449594],[-80.38301450081994,43.56359640374062],[-80.37395268577453,43.532822997024596],[-80.30602629098594,43.47206619264736],[-80.28308795616373,43.420974593083294],[-80.26957296971413,43.38734213145127],[-80.20467819885332,43.39751851019191],[-80.07856049031561,43.41806329835546],[-80.034339194452,43.47105600814471],[-80.16035631045429,43.5611074987569],[-80.08559119969696,43.62897720603711],[-79.99269958636036,43.56305440662986],[-79.92138420182421,43.62813650997391],[-79.95878979426591,43.656158097854124],[-79.91560419892564,43.69471729074481],[-79.93741578855045,43.710982994581435],[-80.13987539092564,43.861539187553525],[-80.25104690988698,43.76144261211961],[-80.38791321197779,43.85771139716704],[-80.47033810769165,43.783937294439234],[-80.44942260582194,43.76898210850131],[-80.55754341343585,43.689596005449594]],[[-80.32694355724973,43.534372904521774],[-80.27659410030442,43.570758531942424],[-80.22501217818673,43.584107834844986],[-80.18554451117522,43.524126593072175],[-80.2309413712202,43.50372452066077],[-80.32694355724973,43.534372904521774]]]},"properties":{"FED_NUM":35115,"ED_NAMEE":"Wellington—Halton Hills North","province_code":"ON"}},
{"type":"Feature","geometry":{"type":"Polygon","coordinates":[[[-78.9284082815149,43.95837117801587],[-79.02116067314135,43.9498354645492],[-79.00854293234251,43.922502307151056],[-78.97050702978238,43.833504465081454],[-78.88219486971418,43.85262524966086],[-78.91418000124973,43.92498999168178],[-78.9284082815149,43.95837117801587]]]},"properties":{"FED_NUM":35116,"ED_NAMEE":"Whitby","province_code":"ON"}},
{"type":"Feature","geometry":{"type":"Polygon","coordinates":[[[-83.02793108696025,42.327183738732856],[-82.96803610046418,42.3073881973151],[-82.9607655102724,42.24702282444292],[-82.99693780665318,42.23569259758376],[-83.00056301428664,42.18388869102649],[-82.87740998801804,42.179777507677656],[-82.87357859312381,42.24065668937805],[-82.79396149462325,42.23834561154967],[-82.7775700960485,42.30412649861846],[-82.77802451890588,42.397980488686294],[-82.80345512830164,42.39814781518095],[-82.8280182763956,42.373488411321006],[-83.02793108696025,42.327183738732856]]]},"properties":{"FED_NUM":35118,"ED_NAMEE":"Windsor—Tecumseh—Lakeshore","province_code":"ON"}},
{"type":"Feature","geometry":{"type":"Polygon","coordinates":[[[-79.2278139387495,43.842079755288786],[-79.29732082704197,43.825941014616724],[-79.27476959912562,43.77728774933295],[-79.22555089053758,43.789217402668505],[-79.2278139387495,43.842079755288786]]]},"properties":{"FED_NUM":35095,"ED_NAMEE":"Scarborough North","province_code":"ON"}},
{"type":"Feature","geometry":{"type":"Polygon","coordinates":[[[-79.26295946692855,43.733463831799966],[-79.30058081702822,43.719775798507534],[-79.27938423930425,43.66962814399296],[-79.21372181401243,43.72601096677809],[-79.20474934459442,43.753623653328646],[-79.26295946692855,43.733463831799966]]]},"properties":{"FED_NUM":35096,"ED_NAMEE":"Scarborough Southwest","province_code":"ON"}},
{"type":"Feature","geometry":{"type":"Polygon","coordinates":[[[-79.27476959912562,43.77728774933295],[-79.26295946692855,43.733463831799966],[-79.20474934459442,43.753623653328646],[-79.22555089053758,43.789217402668505],[-79.27476959912562,43.77728774933295]]]},"properties":{"FED_NUM":35097,"ED_NAMEE":"Scarborough—Woburn","province_code":"ON"}},
{"type":"Feature","geometry":{"type":"Polygon","coordinates":[[[-79.44574479454073,43.79240009202386],[-79.41156975944958,43.75156816463797],[-79.4083761321604,43.75360390716933],[-79.39621860826546,43.80326310668953],[-79.44574479454073,43.79240009202386]]]},"properties":{"FED_NUM":35117,"ED_NAMEE":"Willowdale","province_code":"ON"}},
{"type":"Feature","geometry":{"type":"Polygon","coordinates":[[[-83.11506819863823,42.255938253138126],[-83.0358995065469,42.252842407315974],[-82.99693780665318,42.23569259758376],[-82.9607655102724,42.24702282444292],[-82.96803610046418,42.3073881973151],[-83.02793108696025,42.327183738732856],[-83.06340971391056,42.317899240354436],[-83.11506819863823,42.255938253138126]]]},"properties":{"FED_NUM":35119,"ED_NAMEE":"Windsor West","province_code":"ON"}},
{"type":"Feature","geometry":{"type":"Polygon","coordinates":[[[-79.29008293849256,43.24777761585771],[-79.28774755911081,43.17786916290123],[-79.24503237909461,43.15234989537596],[-79.27467798614309,43.10933490145803],[-79.17744441587888,43.140798456671654],[-79.2025885166673,43.22995434534727],[-79.29008293849256,43.24777761585771]]]},"properties":{"FED_NUM":35101,"ED_NAMEE":"St. Catharines","province_code":"ON"}},
{"type":"Feature","geometry":{"type":"Polygon","coordinates":[[[-79.51172973426317,43.66229685602419],[-79.50555724074975,43.66277746593079],[-79.4696771854205,43.63153262614157],[-79.42519377784879,43.62556245572289],[-79.42141008396206,43.64066768482541],[-79.46889015085168,43.67621353143794],[-79.51172973426317,43.66229685602419]]]},"properties":{"FED_NUM":35105,"ED_NAMEE":"Taiaiako'n—Parkdale—High Park","province_code":"ON"}},
{"type":"Feature","geometry":{"type":"Polygon","coordinates":[[[-79.54617666919899,43.828256086342705],[-79.5348234182223,43.7726942519882],[-79.49443168209856,43.781648907507396],[-79.44574479454073,43.79240009202386],[-79.39621860826546,43.80326310668953],[-79.40602881848092,43.83833840969832],[-79.46276210004855,43.865913894605825],[-79.48306698762174,43.842635604922705],[-79.54617666919899,43.828256086342705]]]},"properties":{"FED_NUM":35106,"ED_NAMEE":"Thornhill","province_code":"ON"}},
{"type":"Feature","geometry":{"type":"Polygon","coordinates":[[[-94.8230145523137,49.28790723417338],[-94.77286068987823,49.12058329745386],[-94.74972140794932,49.09868019153073],[-94.68344426232008,48.88411111985942],[-94.70427782009965,48.82422220057535],[-94.69088891725941,48.77799999835847],[-94.58763891684056,48.71758330258303],[-94.43883331271884,48.694833305569524],[-94.41583330453031,48.71097219677954],[-94.26108330309327,48.69658329716221],[-94.2445278155135,48.65347221104499],[-94.00694439942181,48.64330559996761],[-93.8480555808289,48.630750003293635],[-93.80416670518503,48.57022220164501],[-93.79336108288845,48.51630560400903],[-93.64730561256124,48.51766671237073],[-93.46738890646866,48.5464444077724],[-93.46716670432899,48.588388892538354],[-93.34866656301182,48.62644441595414],[-93.20752766355352,48.642500017104055],[-93.17838877030826,48.62325003055527],[-92.98458315811587,48.62383332446736],[-92.72841655108999,48.539388928855075],[-92.63488876375521,48.542555614896486],[-92.63711014278802,48.49933351131985],[-92.6986942686292,48.494833326728624],[-92.7126942601214,48.462972224142554],[-92.65622207022352,48.43647223793553],[-92.50747206006497,48.44797221506151],[-92.45638874280623,48.401111122955484],[-92.46977766111611,48.352083323296135],[-92.41563874533439,48.295083337823314],[-92.37516655009895,48.22594443855572],[-92.28038875417472,48.24436112909607],[-92.3014442674956,48.288305620998656],[-92.2888331723802,48.342805619150475],[-92.05522207119292,48.359361126202124],[-92.00011095404082,48.32108331816026],[-92.00652767397474,48.26541671919957],[-91.95836096981056,48.23313893081793],[-91.89311096598254,48.237972218463256],[-91.86436096325153,48.20694442550608],[-91.7153609688172,48.19950001852602],[-91.6977776367363,48.14161113545514],[-91.71174985736683,48.11463893631954],[-91.56944427383,48.09369442399453],[-91.57544426450346,48.048944424696344],[-91.4881942379629,48.068388916547896],[-91.42958316698572,48.04866672259236],[-91.37083314821518,48.069722222168004],[-91.24969427161292,48.08408333688835],[-91.08247205735876,48.181138913993166],[-90.8857498565081,48.245944427425115],[-90.83930544525694,48.23955561771584],[-90.83255544860916,48.17350002430671],[-90.76141656619173,48.09838892188791],[-90.64149983507927,48.10352783534762],[-90.57574984602375,48.12061112620025],[-90.55669425767445,48.095916726122724],[-90.37494155645602,48.09101663323053],[-90.14264416680864,48.11275312322036],[-90.02333316992924,48.08483331134506],[-89.99365399622594,48.028027870701585],[-89.8955819151051,47.98730711451878],[-89.81996321069647,48.015411347273506],[-89.73316470301712,48.02175597480682],[-89.70258809472548,48.00632171753624],[-89.58608256814283,48.00177788334557],[-89.48936096600168,48.01455563239206],[-89.33741654470793,47.97408333299348],[-88.99999999446979,48.11322107820487],[-89.00000001160467,48.246836217488095],[-89.1100444589653,48.26748641615725],[-89.04456195502405,48.39941273790025],[-89.19559791668676,48.39932786444405],[-89.30481622129645,48.407034931001114],[-89.42674110334035,48.39911509884263],[-89.4289524832698,48.51432980816223],[-89.59464898379696,48.515570042557165],[-89.58776781466223,48.551704627262865],[-89.62085285025873,48.59772694051204],[-89.6032805208366,48.660105469711304],[-89.64595763251266,48.67477350957717],[-89.64715512812718,48.722532050336454],[-89.59859277295651,48.72250188391971],[-89.55259794723543,48.75329162141289],[-89.61627734895463,48.83182993590359],[-89.63088374606887,48.90436234726806],[-89.71336186116879,48.9282109946082],[-89.81690331813996,48.91631032349888],[-89.89503004923775,48.969205847277834],[-89.89307024974916,49.03857572163925],[-89.8739142201792,49.08199306330698],[-89.90729932608197,49.147925718785],[-90.00034524735733,49.176534446830665],[-90.00006947918106,50.06255144072024],[-90.16986151886822,50.06348397880688],[-90.63377403353876,50.0614108755457],[-90.9643973224683,50.06325583383099],[-90.96562070620591,50.01320432743572],[-90.96537228907674,49.01955681876002],[-91.61556663275037,49.019701664799065],[-92.93700220036803,49.01935626548645],[-92.93409467297285,49.10578452489454],[-93.82948609285117,49.10745110824102],[-93.83000854259019,49.00005988985519],[-94.22962141070941,49.00002419762859],[-94.22875128527828,49.09617670398854],[-94.17964335954586,49.08996493347203],[-94.0948132744896,49.10849573012963],[-94.09284924413755,49.20099194913631],[-94.20296885401098,49.2002629559379],[-94.20381521969865,49.272332307021316],[-94.29114939877101,49.283023996421434],[-94.55943013604224,49.28373052072918],[-94.56163330466026,49.366563325046194],[-94.6986512837455,49.36611608728947],[-94.69747244930316,49.28575763655976],[-94.8230145523137,49.28790723417338]]]},"properties":{"FED_NUM":35107,"ED_NAMEE":"Thunder Bay—Rainy River","province_code":"ON"}},
{"type":"Feature","geometry":{"type":"Polygon","coordinates":[[[-79.49443168209856,43.781648907507396],[-79.50781988366384,43.717748606827826],[-79.4725342621868,43.724868627280614],[-79.41156975944958,43.75156816463797],[-79.44574479454073,43.79240009202386],[-79.49443168209856,43.781648907507396]]]},"properties":{"FED_NUM":35120,"ED_NAMEE":"York Centre","province_code":"ON"}},
{"type":"Feature","geometry":{"type":"Polygon","coordinates":[[[-79.29856866713229,44.45227377748162],[-79.50897489422303,44.42235654945049],[-79.51265408566601,44.21011130486311],[-79.51785341621996,44.18157520842975],[-79.32801340670369,44.22330250911321],[-79.2761692113533,44.101266094756895],[-79.42024281629729,44.06846680515543],[-79.40645613812899,44.01380967390804],[-79.3895209359406,43.92378760256986],[-79.27822121418602,43.95075240717431],[-79.2200428099244,43.97092871269158],[-78.95938741881629,44.02868709025607],[-78.87174158059679,44.040541306369356],[-78.70324310331104,44.0804455119645],[-78.77018296215617,44.22742824528297],[-78.84219893446291,44.16918707306565],[-78.85134009924981,44.211621577240784],[-78.90304215397187,44.203456692409624],[-78.92204940590226,44.153696524236814],[-79.081834038204,44.51582270932777],[-79.12830520082673,44.50708541851179],[-79.1637545028795,44.47100494154916],[-79.29856866713229,44.45227377748162]]]},"properties":{"FED_NUM":35121,"ED_NAMEE":"York—Durham","province_code":"ON"}},
{"type":"Feature","geometry":{"type":"Polygon","coordinates":[[[-79.5378307996143,43.71298532664417],[-79.53272859672445,43.69615608922073],[-79.51172973426317,43.66229685602419],[-79.46889015085168,43.67621353143794],[-79.46460033117452,43.69215403372855],[-79.4725342621868,43.724868627280614],[-79.50781988366384,43.717748606827826],[-79.5378307996143,43.71298532664417]]]},"properties":{"FED_NUM":35122,"ED_NAMEE":"York South—Weston—Etobicoke","province_code":"ON"}},
{"type":"Feature","geometry":{"type":"Polygon","coordinates":[[[-141.01009129160738,69.6894274846835],[-141.01807315762747,69.50287549219982],[-141.01341871901207,68.85530152189502],[-141.0141432907287,67.86276731391095],[-141.00294772900347,66.85796323177478],[-141.00820332441086,65.75212475099525],[-141.00787757709264,65.09119917562214],[-140.99870474802688,64.67190072374173],[-141.00444407466625,64.48119445860424],[-141.00357050406402,63.32149674712179],[-140.9989313478709,62.570418169905665],[-141.0010709671923,62.08197500020511],[-140.99720605639067,60.77401909557747],[-140.9979709420264,60.30804143582683],[-140.51708414909703,60.22016270480318],[-140.44797584143484,60.30796017082109],[-139.97167923608615,60.183882282003985],[-139.68006247442068,60.33572082233161],[-139.0520681693884,60.35372637215055],[-139.04851769930676,60.32589428463778],[-139.1770191859915,60.08285984271115],[-139.05220104118416,60.00004064829171],[-138.5000000344215,60.00000000138729],[-137.49999997394303,60.0000000013562],[-136.50000001039558,59.99999998880476],[-135.5000000095548,59.99999999012402],[-134.7500000033073,59.999999987958326],[-133.9999999784832,60.00000000153573],[-133.50000002098523,60.0000000057602],[-132.50000000977445,59.99999998934159],[-131.50000001453802,59.99999999911767],[-130.49999999012113,59.99999998747026],[-129.75000000875957,59.99999999277207],[-128.99999996852816,59.99999999944769],[-128.4999999960547,59.9999999909254],[-127.72500008774587,60.00002215012345],[-126.9999999736995,59.999999998270624],[-126.49999997133348,59.99999999817254],[-125.49999998069164,59.99999999151233],[-124.499999984192,59.99999999166518],[-123.78932483556106,60.00003262053714],[-124.00052694335655,60.10919758781674],[-124.02996077825381,60.148158305915985],[-124.12382851505696,60.206001410353295],[-124.2144678108269,60.36457205617261],[-124.19786251652249,60.445915704744095],[-124.38914599215273,60.45845880880193],[-124.39377325978423,60.51890078513397],[-124.44719465174204,60.572809315592636],[-124.57106557480384,60.64141542992957],[-124.59945265103181,60.687867622357054],[-124.49178305967753,60.728397590125674],[-124.44921661387176,60.764682616927004],[-124.49625398140647,60.80250261729572],[-124.53938216457873,60.93860689441555],[-124.63322717681368,60.926798989251026],[-124.76615411564319,60.958063531988685],[-124.83743028771487,60.89931322317849],[-124.82579771779473,60.83704696965752],[-124.9674974294008,60.84924140925745],[-125.14788162540967,60.83250858757556],[-125.26406726015901,60.76834796253421],[-125.37491230901618,60.76638392811532],[-125.53379371957276,60.81235519899563],[-125.66963923125374,60.803108985034],[-125.83222475592619,60.88128756619064],[-125.9208182795532,60.84859762459347],[-125.96680312528898,60.78924267212581],[-126.0565613100732,60.795245446929265],[-126.0633506176439,60.85136803378057],[-126.21065416178085,60.834433285116454],[-126.19792614776952,60.78223547389534],[-126.28349984400474,60.75882843469568],[-126.38708902620188,60.76554897582788],[-126.48637011184117,60.80014866320961],[-126.63904120405651,60.730789379316235],[-126.69265357796202,60.769031798117794],[-126.81274730026128,60.7585615423193],[-126.84514292652446,60.774978500349164],[-126.82524651244695,60.83149562635255],[-126.85636972912869,60.87032991159649],[-126.85358648073192,60.93163136895236],[-126.90682724964168,61.00714035115788],[-126.96612365212607,61.05006764606879],[-127.04233430705396,61.03094373433174],[-127.07243480005545,61.06659713264549],[-127.01209917481022,61.13766748531891],[-126.9607401134691,61.16792861332665],[-127.03340143508761,61.32240947973269],[-127.09075633593616,61.368085348301456],[-127.10295620217343,61.45815042993995],[-127.1917019570524,61.46113679655872],[-127.23783627938953,61.50017776136294],[-127.46918999648669,61.48515494202568],[-127.62272241776446,61.53222803349981],[-127.6685503309719,61.58255240669623],[-127.76680544683967,61.594138781360776],[-127.88185153380567,61.66755835394402],[-128.04745997548395,61.728720358929635],[-127.98599682645226,61.79157807693874],[-128.02065326798234,61.82353902894667],[-128.14964349045934,61.83785501734513],[-128.24857713447585,61.93703240713681],[-128.35009723080955,61.973509055684],[-128.34793921799385,62.014836214994425],[-128.54964039424462,62.11625019519735],[-128.669031639265,62.10907820909727],[-128.7303601647777,62.04314251469711],[-128.80903905537568,62.0483355764282],[-128.8197954622719,62.087471984762274],[-128.9205477985084,62.09549083458349],[-128.94466479517087,62.11908420388673],[-129.1288683224357,62.09945700565067],[-129.1997869817003,62.13944342546164],[-129.16332575148428,62.20397133769949],[-129.2696703531973,62.257982512548274],[-129.25628198556063,62.32795508171942],[-129.1894983834872,62.36155535064356],[-129.28485596752367,62.39972151475245],[-129.17408089295552,62.44500524632325],[-129.21247015081337,62.504507386426546],[-129.3242737801306,62.52460417124298],[-129.38695329308203,62.57130453290973],[-129.4393480903211,62.577937829324654],[-129.5666956906866,62.68117950109061],[-129.66525691979808,62.8142034469739],[-129.74325754764052,62.8383688260639],[-129.75003440118854,62.8810643807261],[-129.67522538281403,62.92645512362767],[-129.5885836581029,63.04216523399237],[-129.61320852293284,63.073047940396236],[-129.74071335294545,63.060512149437024],[-129.81349593968568,63.1036732206019],[-129.91048552705772,63.192100875709905],[-129.9875838100655,63.1988980437357],[-130.01389394568756,63.236448661328076],[-130.13000165476575,63.26681646981681],[-130.05797621264392,63.304158261141794],[-129.86622001620316,63.367073574398994],[-129.9085271495581,63.41763688779364],[-129.87432280564704,63.457481218643565],[-129.78492801959516,63.445969540339895],[-129.89737179001446,63.552860692356695],[-129.96032751018762,63.56575761312439],[-129.96246077453785,63.609801189075554],[-130.08136368234588,63.60802614031487],[-130.10618780942343,63.688480768959174],[-130.26863540833358,63.644783939048125],[-130.33966700445302,63.690882767166926],[-130.10122852771093,63.754179283986666],[-130.13766246304095,63.79929407354945],[-130.1442347023691,63.86142420971106],[-130.33936255778826,63.81327809369256],[-130.44289505277658,63.89114322768312],[-130.63058112723158,63.94763639291656],[-130.7757025779437,63.97625081755173],[-130.80898269234777,64.04045170376835],[-130.95541668451793,64.11332460874024],[-130.85905945490612,64.17196124673947],[-130.94396511321037,64.1857816543483],[-130.9826482544796,64.25074044730968],[-131.07370797917616,64.27287038918725],[-131.02661729161255,64.30469722305497],[-131.06817445469667,64.36131916991427],[-131.14735174024014,64.40379186180385],[-131.2955251210764,64.44678477160868],[-131.38048897787576,64.43568292394994],[-131.45103160848464,64.39186427368243],[-131.6763249371029,64.37719541897111],[-131.85831047450276,64.38127237317003],[-131.82485464401722,64.42469974673487],[-131.67603786713337,64.48550912058359],[-131.68464617905101,64.52137123639616],[-131.85537225739134,64.53782495676677],[-131.9380960476589,64.59034307038624],[-132.03771578882305,64.69642310324537],[-132.12426147762417,64.70374165925813],[-132.35696419976642,64.78316801388159],[-132.46423976066976,64.78869409756783],[-132.54602757170073,64.77024590024412],[-132.58689659994897,64.83458922235909],[-132.462292296221,64.90157045272323],[-132.490318728262,64.96240338543927],[-132.41418874135238,64.98438269240793],[-132.3361002197551,65.06071968411135],[-132.54274207237802,65.08990109601986],[-132.50933714702143,65.17351212297159],[-132.65671034218633,65.14080905793011],[-132.77272121884394,65.18304327898407],[-132.7478971695247,65.22736689843717],[-132.65700471419456,65.27813046751591],[-132.56642427892766,65.2840434752316],[-132.53714817882638,65.35046437733796],[-132.37643655581985,65.40235899284617],[-132.2753703275973,65.45770075043164],[-132.28336851332853,65.50055332084793],[-132.16832125671334,65.60242731374568],[-132.31346095976537,65.7398575510413],[-132.41438779062526,65.7887761347043],[-132.56367958743877,65.83017019533771],[-132.5963689638707,65.85670413101803],[-132.53086336481815,65.90589662447186],[-132.35012225831676,65.95231643264806],[-132.3778883267017,65.98904025561204],[-132.49454186084293,65.97198877677637],[-132.54044428503832,66.01502464626837],[-132.65659687344058,66.01583156909066],[-132.7993380511749,65.95051457785559],[-132.8371865049177,65.90036712598673],[-132.9092159714121,65.88404408324872],[-133.02148482886525,65.91881242228554],[-132.91226351506316,66.00154363089727],[-132.92114750799885,66.02042157650175],[-133.12807023000866,66.03093970028826],[-133.26857884731308,65.99584664548948],[-133.40518518568302,65.93885850468129],[-133.65833087931273,65.95968099004237],[-133.59855620890656,66.05651530142184],[-133.69070592476464,66.07117328577561],[-133.65785417506189,66.12180553950657],[-133.54891425072242,66.16998680527243],[-133.55353396143727,66.25700891683931],[-133.62622824154397,66.29861707246435],[-133.78575988043528,66.2953802385478],[-133.83542356024412,66.31721772591396],[-133.76806949413154,66.36618351779593],[-133.7341908409438,66.44035661745937],[-133.60982732929102,66.43606524725122],[-133.69344235953415,66.50348549632926],[-133.5881874006112,66.5499789717869],[-133.79336846876927,66.64944320114346],[-133.74806657015384,66.67896361275352],[-133.84633012875412,66.7227962975547],[-133.7596639143467,66.80102695907003],[-133.94329013493953,66.90526296003634],[-134.11784703230862,66.95691748618039],[-134.0142096395521,66.98584103747909],[-134.57500000582954,66.99999998394935],[-135.5125000135566,66.99999998803463],[-136.16441357554672,67.00000005998608],[-136.23244954958076,67.10669667525332],[-136.1915246573499,67.14390383676628],[-136.23509607477862,67.17254237970485],[-136.13749607192838,67.23263415858538],[-136.08655748152287,67.3007061495807],[-136.14003434032227,67.36644118986652],[-136.22205360733622,67.40547162081862],[-136.1786676886393,67.45772956669892],[-136.21871487528324,67.51340307436475],[-136.1999797599354,67.56166209495154],[-136.28989311587546,67.63423337574878],[-136.44877269982558,67.64947145928143],[-136.45834903234774,67.81291203991597],[-136.46532350663375,68.30347367541981],[-136.46861613302204,68.89430080482252],[-136.6138777987405,68.93437116379388],[-136.74762093970517,68.90520635873526],[-136.8327102354323,68.90890800380244],[-137.05683537709814,68.97675878020686],[-137.3752131039965,69.01384996802254],[-137.65491661904514,69.06044478542361],[-137.98057138780612,69.13951532727279],[-138.0906749765913,69.17739359452494],[-138.22147876339346,69.25198792712804],[-138.3731856138454,69.31290731461165],[-138.53955306755023,69.32426781243012],[-138.86792990869728,69.42886082379529],[-138.98530689293273,69.5076435031377],[-138.76189990279315,69.57563349354143],[-138.83118234036797,69.62706049123085],[-139.05687554090431,69.67412554498371],[-139.19278288949494,69.65501476526161],[-139.3563914330969,69.59183859192157],[-139.48188356652463,69.58378125667204],[-139.8513200018733,69.63903039766443],[-140.0417643642198,69.65280699204851],[-140.3140222930598,69.62697703371997],[-140.49086547074336,69.62750897428297],[-141.01009129160738,69.6894274846835]]]},"properties":{"FED_NUM":60001,"ED_NAMEE":"Yukon","province_code":"YT"}},
{"type":"Feature","geometry":{"type":"Polygon","coordinates":[[[-141.01009129160738,69.6894274846835],[-140.49086547074336,69.62750897428297],[-140.3140222930598,69.62697703371997],[-140.0417643642198,69.65280699204851],[-139.8513200018733,69.63903039766443],[-139.48188356652463,69.58378125667204],[-139.3563914330969,69.59183859192157],[-139.19278288949494,69.65501476526161],[-139.05687554090431,69.67412554498371],[-138.83118234036797,69.62706049123085],[-138.76189990279315,69.57563349354143],[-138.98530689293273,69.5076435031377],[-138.86792990869728,69.42886082379529],[-138.53955306755023,69.32426781243012],[-138.3731856138454,69.31290731461165],[-138.22147876339346,69.25198792712804],[-138.0906749765913,69.17739359452494],[-137.98057138780612,69.13951532727279],[-137.65491661904514,69.06044478542361],[-137.3752131039965,69.01384996802254],[-137.05683537709814,68.97675878020686],[-136.8327102354323,68.90890800380244],[-136.74762093970517,68.90520635873526],[-136.6138777987405,68.93437116379388],[-136.46861613302204,68.89430080482252],[-136.46532350663375,68.30347367541981],[-136.45834903234774,67.81291203991597],[-136.44877269982558,67.64947145928143],[-136.28989311587546,67.63423337574878],[-136.1999797599354,67.56166209495154],[-136.21871487528324,67.51340307436475],[-136.1786676886393,67.45772956669892],[-136.22205360733622,67.40547162081862],[-136.14003434032227,67.36644118986652],[-136.08655748152287,67.3007061495807],[-136.13749607192838,67.23263415858538],[-136.23509607477862,67.17254237970485],[-136.1915246573499,67.14390383676628],[-136.23244954958076,67.10669667525332],[-136.16441357554672,67.00000005998608],[-135.5125000135566,66.99999998803463],[-134.57500000582954,66.99999998394935],[-134.0142096395521,66.98584103747909],[-134.11784703230862,66.95691748618039],[-133.94329013493953,66.90526296003634],[-133.7596639143467,66.80102695907003],[-133.84633012875412,66.7227962975547],[-133.74806657015384,66.67896361275352],[-133.79336846876927,66.64944320114346],[-133.5881874006112,66.5499789717869],[-133.69344235953415,66.50348549632926],[-133.60982732929102,66.43606524725122],[-133.7341908409438,66.44035661745937],[-133.76806949413154,66.36618351779593],[-133.83542356024412,66.31721772591396],[-133.78575988043528,66.2953802385478],[-133.62622824154397,66.29861707246435],[-133.55353396143727,66.25700891683931],[-133.54891425072242,66.16998680527243],[-133.65785417506189,66.12180553950657],[-133.69070592476464,66.07117328577561],[-133.59855620890656,66.05651530142184],[-133.65833087931273,65.95968099004237],[-133.40518518568302,65.93885850468129],[-133.26857884731308,65.99584664548948],[-133.12807023000866,66.03093970028826],[-132.92114750799885,66.02042157650175],[-132.91226351506316,66.00154363089727],[-133.02148482886525,65.91881242228554],[-132.9092159714121,65.88404408324872],[-132.8371865049177,65.90036712598673],[-132.7993380511749,65.95051457785559],[-132.65659687344058,66.01583156909066],[-132.54044428503832,66.01502464626837],[-132.49454186084293,65.97198877677637],[-132.3778883267017,65.98904025561204],[-132.35012225831676,65.95231643264806],[-132.53086336481815,65.90589662447186],[-132.5963689638707,65.85670413101803],[-132.56367958743877,65.83017019533771],[-132.41438779062526,65.7887761347043],[-132.31346095976537,65.7398575510413],[-132.16832125671334,65.60242731374568],[-132.28336851332853,65.50055332084793],[-132.2753703275973,65.45770075043164],[-132.37643655581985,65.40235899284617],[-132.53714817882638,65.35046437733796],[-132.56642427892766,65.2840434752316],[-132.65700471419456,65.27813046751591],[-132.7478971695247,65.22736689843717],[-132.77272121884394,65.18304327898407],[-132.65671034218633,65.14080905793011],[-132.50933714702143,65.17351212297159],[-132.54274207237802,65.08990109601986],[-132.3361002197551,65.06071968411135],[-132.41418874135238,64.98438269240793],[-132.490318728262,64.96240338543927],[-132.462292296221,64.90157045272323],[-132.58689659994897,64.83458922235909],[-132.54602757170073,64.77024590024412],[-132.46423976066976,64.78869409756783],[-132.35696419976642,64.78316801388159],[-132.12426147762417,64.70374165925813],[-132.03771578882305,64.69642310324537],[-131.9380960476589,64.59034307038624],[-131.85537225739134,64.53782495676677],[-131.68464617905101,64.52137123639616],[-131.67603786713337,64.48550912058359],[-131.82485464401722,64.42469974673487],[-131.85831047450276,64.38127237317003],[-131.6763249371029,64.37719541897111],[-131.45103160848464,64.39186427368243],[-131.38048897787576,64.43568292394994],[-131.2955251210764,64.44678477160868],[-131.14735174024014,64.40379186180385],[-131.06817445469667,64.36131916991427],[-131.02661729161255,64.30469722305497],[-131.07370797917616,64.27287038918725],[-130.9826482544796,64.25074044730968],[-130.94396511321037,64.1857816543483],[-130.85905945490612,64.17196124673947],[-130.95541668451793,64.11332460874024],[-130.80898269234777,64.04045170376835],[-130.7757025779437,63.97625081755173],[-130.63058112723158,63.94763639291656],[-130.44289505277658,63.89114322768312],[-130.33936255778826,63.81327809369256],[-130.1442347023691,63.86142420971106],[-130.13766246304095,63.79929407354945],[-130.10122852771093,63.754179283986666],[-130.33966700445302,63.690882767166926],[-130.26863540833358,63.644783939048125],[-130.10618780942343,63.688480768959174],[-130.08136368234588,63.60802614031487],[-129.96246077453785,63.609801189075554],[-129.96032751018762,63.56575761312439],[-129.89737179001446,63.552860692356695],[-129.78492801959516,63.445969540339895],[-129.87432280564704,63.457481218643565],[-129.9085271495581,63.41763688779364],[-129.86622001620316,63.367073574398994],[-130.05797621264392,63.304158261141794],[-130.13000165476575,63.26681646981681],[-130.01389394568756,63.236448661328076],[-129.9875838100655,63.1988980437357],[-129.91048552705772,63.192100875709905],[-129.81349593968568,63.1036732206019],[-129.74071335294545,63.060512149437024],[-129.61320852293284,63.073047940396236],[-129.5885836581029,63.04216523399237],[-129.67522538281403,62.92645512362767],[-129.75003440118854,62.8810643807261],[-129.74325754764052,62.8383688260639],[-129.66525691979808,62.8142034469739],[-129.5666956906866,62.68117950109061],[-129.4393480903211,62.577937829324654],[-129.38695329308203,62.57130453290973],[-129.3242737801306,62.52460417124298],[-129.21247015081337,62.504507386426546],[-129.17408089295552,62.44500524632325],[-129.28485596752367,62.39972151475245],[-129.1894983834872,62.36155535064356],[-129.25628198556063,62.32795508171942],[-129.2696703531973,62.257982512548274],[-129.16332575148428,62.20397133769949],[-129.1997869817003,62.13944342546164],[-129.1288683224357,62.09945700565067],[-128.94466479517087,62.11908420388673],[-128.9205477985084,62.09549083458349],[-128.8197954622719,62.087471984762274],[-128.80903905537568,62.0483355764282],[-128.7303601647777,62.04314251469711],[-128.669031639265,62.10907820909727],[-128.54964039424462,62.11625019519735],[-128.34793921799385,62.014836214994425],[-128.35009723080955,61.973509055684],[-128.24857713447585,61.93703240713681],[-128.14964349045934,61.83785501734513],[-128.02065326798234,61.82353902894667],[-127.98599682645226,61.79157807693874],[-128.04745997548395,61.728720358929635],[-127.88185153380567,61.66755835394402],[-127.76680544683967,61.594138781360776],[-127.6685503309719,61.58255240669623],[-127.62272241776446,61.53222803349981],[-127.46918999648669,61.48515494202568],[-127.23783627938953,61.50017776136294],[-127.1917019570524,61.46113679655872],[-127.10295620217343,61.45815042993995],[-127.09075633593616,61.368085348301456],[-127.03340143508761,61.32240947973269],[-126.9607401134691,61.16792861332665],[-127.01209917481022,61.13766748531891],[-127.07243480005545,61.06659713264549],[-127.04233430705396,61.03094373433174],[-126.96612365212607,61.05006764606879],[-126.90682724964168,61.00714035115788],[-126.85358648073192,60.93163136895236],[-126.85636972912869,60.87032991159649],[-126.82524651244695,60.83149562635255],[-126.84514292652446,60.774978500349164],[-126.81274730026128,60.7585615423193],[-126.69265357796202,60.769031798117794],[-126.63904120405651,60.730789379316235],[-126.48637011184117,60.80014866320961],[-126.38708902620188,60.76554897582788],[-126.28349984400474,60.75882843469568],[-126.19792614776952,60.78223547389534],[-126.21065416178085,60.834433285116454],[-126.0633506176439,60.85136803378057],[-126.0565613100732,60.795245446929265],[-125.96680312528898,60.78924267212581],[-125.9208182795532,60.84859762459347],[-125.83222475592619,60.88128756619064],[-125.66963923125374,60.803108985034],[-125.53379371957276,60.81235519899563],[-125.37491230901618,60.76638392811532],[-125.26406726015901,60.76834796253421],[-125.14788162540967,60.83250858757556],[-124.9674974294008,60.84924140925745],[-124.82579771779473,60.83704696965752],[-124.83743028771487,60.89931322317849],[-124.76615411564319,60.958063531988685],[-124.63322717681368,60.926798989251026],[-124.53938216457873,60.93860689441555],[-124.49625398140647,60.80250261729572],[-124.44921661387176,60.764682616927004],[-124.49178305967753,60.728397590125674],[-124.59945265103181,60.687867622357054],[-124.57106557480384,60.64141542992957],[-124.44719465174204,60.572809315592636],[-124.39377325978423,60.51890078513397],[-124.38914599215273,60.45845880880193],[-124.19786251652249,60.445915704744095],[-124.2144678108269,60.36457205617261],[-124.12382851505696,60.206001410353295],[-124.02996077825381,60.148158305915985],[-124.00052694335655,60.10919758781674],[-123.78932483556106,60.00003262053714],[-122.99999999299203,60.00000000808943],[-122.50000001140691,59.999999996841005],[-121.7499999774632,59.99999999097539],[-121.00000002378974,59.99999999748773],[-119.99999998322954,60.00000000016929],[-119.49999998618718,59.99999999267804],[-118.75000001927982,59.99999999553504],[-117.99999999643995,59.99999998902291],[-117.00000001582102,59.999999993565694],[-116.49999997075003,59.99999999843943],[-115.56716019719624,60.000048336889],[-114.49999999009479,59.99999999238346],[-113.75000001284462,59.999999990532565],[-112.7499999945036,59.99999999107904],[-112.25000002316058,59.99999999672513],[-111.2499999971695,59.999999998065164],[-110.74999998803098,59.999999993166675],[-110.00000001796553,59.999999999303796],[-109.50000001988234,59.99999999954609],[-108.75000001261978,59.99999999561313],[-108.00000001585002,59.99999999113733],[-107.25000002000205,59.99999998731603],[-106.49999997858464,60.00000000552829],[-105.50000001034637,60.00000000045493],[-104.99999998272204,59.99999999226129],[-104.00000001764333,59.999999986234364],[-103.25000000675897,59.999999997180915],[-102.74999997876145,60.00000000472061],[-102.00000001273936,59.9999999980882],[-101.99999999692344,64.18905058877169],[-104.87500126936511,64.46598248022308],[-106.58312064803509,64.59288094164964],[-108.83789444724954,64.73212966984217],[-109.02488424436378,64.83144885851343],[-109.44276101144818,64.99961684573591],[-110.53841741474041,65.44582075051942],[-112.5833948108432,65.44706504928683],[-117.03841920075652,66.92015948207685],[-117.0654506302551,66.929179316567],[-118.59419058672934,67.19886427850197],[-119.33340716326288,67.41129089089746],[-120.63078244433505,67.77995758321396],[-120.5907194412303,68.24910458176956],[-120.60553780673366,68.62336194833964],[-120.72492512289165,69.57501335826416],[-116.4655872743697,69.70279943846654],[-116.75519510184508,69.78644464014332],[-116.92415732199369,69.87989304664917],[-117.01353677805257,69.95657830242656],[-117.02283567333329,70.00025183085972],[-116.35409685456256,69.9992841252115],[-114.50012441595845,69.99995765297213],[-113.8440878706835,70.0001367916304],[-112.82512696621272,70.00254516080527],[-112.81834730953423,69.84728348210193],[-112.51808770170562,69.84760223078847],[-112.5108172186644,70.00168576021844],[-111.99885949414005,70.00110970517484],[-109.86179891313607,69.99805421007711],[-109.84616231989447,72],[-139.63723026438578,72],[-141.01009129160738,69.6894274846835]]]},"properties":{"FED_NUM":61001,"ED_NAMEE":"Northwest Territories","province_code":"NT"}},
{"type":"Feature","geometry":{"type":"Polygon","coordinates":[[[-63.69187415649262,72],[-109.84616231989447,72],[-109.86179891313607,69.99805421007711],[-111.99885949414005,70.00110970517484],[-112.5108172186644,70.00168576021844],[-112.51808770170562,69.84760223078847],[-112.81834730953423,69.84728348210193],[-112.82512696621272,70.00254516080527],[-113.8440878706835,70.0001367916304],[-114.50012441595845,69.99995765297213],[-116.35409685456256,69.9992841252115],[-117.02283567333329,70.00025183085972],[-117.01353677805257,69.95657830242656],[-116.92415732199369,69.87989304664917],[-116.75519510184508,69.78644464014332],[-116.4655872743697,69.70279943846654],[-120.72492512289165,69.57501335826416],[-120.60553780673366,68.62336194833964],[-120.5907194412303,68.24910458176956],[-120.63078244433505,67.77995758321396],[-119.33340716326288,67.41129089089746],[-118.59419058672934,67.19886427850197],[-117.0654506302551,66.929179316567],[-117.03841920075652,66.92015948207685],[-112.5833948108432,65.44706504928683],[-110.53841741474041,65.44582075051942],[-109.44276101144818,64.99961684573591],[-109.02488424436378,64.83144885851343],[-108.83789444724954,64.73212966984217],[-106.58312064803509,64.59288094164964],[-104.87500126936511,64.46598248022308],[-101.99999999692344,64.18905058877169],[-102.00000001273936,59.9999999980882],[-101.5000000012659,59.99999999780077],[-100.49999999489374,60.000000001717915],[-99.49999999530952,60.000000006192245],[-99.00000002639098,60.00000000137795],[-98.000000005113,59.99999999538006],[-97.50000002266242,59.99999998748944],[-96.74999999569657,59.999999990774086],[-96.0000000244222,59.99999999738334],[-94.82437279440698,60.00000004273562],[-94.83185163228713,59.902372858924366],[-94.77254582347224,59.790020448639375],[-94.81708111551103,59.72765865408028],[-94.83417841931963,59.648877335879796],[-94.71598920643642,59.380170747639255],[-94.766819389917,59.3359384522129],[-94.75268310630197,59.309143648420914],[-94.80415683048982,59.26600874947371],[-94.78184709829026,59.20662064486423],[-94.8105947008767,59.085618353838505],[-94.78491501092671,59.01692345611267],[-94.73246629045478,59.00275524305154],[-94.67674818843756,58.94411139608453],[-94.60204068234688,58.93868178778328],[-94.60178469562281,58.85669685508661],[-94.52935900537953,58.82706104450635],[-94.48364311708255,58.784838439098856],[-94.47641620562992,58.73770955133609],[-94.42663689673994,58.70282835617704],[-94.36938852110576,58.7041690522049],[-94.30161273351179,58.741511357391786],[-94.27320282592765,58.79627522510117],[-94.14459267707049,58.775172157406786],[-93.90887532595586,58.76638624923154],[-93.64074672782398,58.78820693753826],[-93.46607480825003,58.762579459090524],[-93.41458022643228,58.7225051569205],[-93.34837320326889,58.76470953978896],[-93.21018208538922,58.76282223700492],[-93.14406072917546,58.67596623509013],[-93.14166539440296,58.571597536264015],[-93.11552922681722,58.47780413201308],[-93.06066773107108,58.40781574710272],[-93.0345594950088,58.34494225485297],[-92.80030890059065,58.04330353430452],[-92.81489810254132,58.01878015299967],[-92.76199120561,57.87569425403389],[-92.71118372061058,57.77354233662009],[-92.62653162289023,57.659645143655155],[-92.50297220196143,57.53147275169703],[-92.45934560009246,57.460007334621785],[-92.42501702303237,57.3577040348514],[-92.43858589483763,57.26368674926792],[-92.54487690698343,57.101087042511885],[-92.68629733625896,56.98760863134896],[-92.61641311069343,56.97870104626739],[-92.48220700391995,57.03467323185228],[-92.36866252297351,57.0587528515619],[-92.20977321953296,57.07249323347852],[-92.14658871469007,57.04417164709334],[-92.01688152601268,57.05123504833674],[-91.87010990994557,57.077198347994695],[-91.68306450239858,57.12930724879447],[-91.57926042639647,57.14827044363957],[-91.37619219938105,57.200997247884956],[-91.14651789061575,57.2476681280883],[-91.00363373466337,57.263859033939504],[-90.86123513028774,57.265250632913045],[-90.71431009144028,57.23209213084624],[-90.63580020955004,57.237886636071885],[-90.50941361742056,57.197774942444624],[-90.38893483281284,57.176977829885296],[-90.35418993066568,57.15257623303185],[-90.06877231379737,57.051655929492284],[-89.93681302450312,56.99913743589331],[-89.68200959375869,56.9611735347574],[-89.49865070638667,56.92437774802576],[-89.36360202718697,56.92371833846002],[-89.21158001070545,56.880102742227024],[-89.05068993425475,56.85353293582094],[-88.97957690400347,56.851148447076916],[-88.87827458612249,56.86145859398831],[-88.81677607737454,56.8378540022556],[-88.81297641833177,56.801182895558505],[-88.69036092372582,56.745446590978446],[-88.66893568221255,56.70195760796195],[-88.50806378019834,56.65676119718193],[-88.44391219191716,56.60874128796253],[-88.35219020437532,56.56735358963853],[-88.18078449750254,56.512080500667246],[-87.97910988212556,56.473071301634285],[-87.9236769949723,56.391651086980254],[-87.83213732382858,56.34160029716195],[-87.77669339402264,56.266647091835445],[-87.63740008891511,56.11231260013127],[-87.57853262083556,56.07631459672936],[-87.47221989711609,56.04862029893924],[-87.4807260010434,56.01842150542948],[-87.37304039393737,55.989975105124685],[-87.21298862130772,55.932651297923215],[-87.02302038943073,55.91568599139253],[-86.90124549527677,55.91407229214922],[-86.67331841896177,55.83363119770295],[-86.54548671146979,55.80630893727278],[-86.37489790323366,55.76426071283954],[-86.2694896822508,55.708856888565386],[-85.9670626116521,55.661312507087715],[-85.77313640497228,55.59364850948666],[-85.64389328334566,55.55796701140076],[-85.57599448395553,55.506002605919456],[-85.43389350579872,55.417744293017165],[-85.35286280348444,55.384807690687865],[-85.22994200827982,55.372789399121025],[-85.20040481501461,55.34310280859883],[-85.13198571156288,55.33192449026483],[-85.09576778427979,55.260382597746364],[-84.97230331320023,55.27969749893336],[-84.79457341593279,55.23532869299131],[-84.51219901176641,55.232128091681936],[-84.38920639732702,55.26355031276068],[-84.17442510796212,55.27457330913211],[-84.07867290027133,55.2502023112398],[-83.97611540608021,55.28727930370353],[-83.88329239291697,55.294106207609815],[-83.7466673006605,55.25222829238457],[-83.67216337891443,55.26946590859864],[-83.55737118803196,55.247222886783646],[-83.48230048731016,55.2194103017087],[-83.41774951217118,55.22255410966495],[-83.33754678939623,55.198708901875165],[-83.22038870375093,55.2116777949582],[-83.15358597760044,55.19550509888564],[-82.97331438329044,55.22634659563281],[-82.92166939094423,55.210460790660015],[-82.88046497896964,55.157386304914525],[-82.81331501607765,55.1301787055528],[-82.75138638154276,55.13151678536127],[-82.7152745990428,55.16154050624027],[-82.55345289145919,55.13215530582142],[-82.50991958112003,55.149670594680174],[-82.41529100481279,55.10876859477995],[-82.25258720009616,55.10965909303114],[-82.27176909943942,55.049919705155155],[-82.25158012076935,54.8759758956368],[-82.21290828608468,54.874474392886476],[-82.19536019778124,54.80431239215875],[-82.28836810005473,54.654426498487446],[-82.32349230379285,54.505709111131694],[-82.34337940634539,54.49939628951172],[-82.4239256877192,54.34603480475002],[-82.43242401763287,54.277092114389845],[-82.40764431309714,54.19254960898962],[-82.34611757632669,54.12757520933541],[-82.25524451428426,54.06374730349611],[-82.20421507657423,53.99581080784435],[-82.12431500237301,53.82733049716296],[-82.11985679663718,53.774720205968215],[-82.2001015823017,53.65324189651623],[-82.20453898165937,53.550767494820946],[-82.16184718693559,53.45754719009204],[-82.11046490436843,53.30633748857585],[-82.11225051626604,53.265205792842586],[-82.2160267529045,53.216709873463394],[-82.2520639980639,53.18049378954053],[-82.28302538584383,53.10019171159039],[-82.27878529110943,53.009686899779695],[-82.23588129102998,52.92596188920827],[-82.10967061128123,52.89111089942819],[-81.94339300375567,52.777208487647634],[-81.91792571599744,52.7040067045722],[-81.85981459509681,52.65311548884087],[-81.76012921118371,52.60633731326694],[-81.64280938680791,52.495628988455934],[-81.56238880613739,52.46264870125597],[-81.52526918846611,52.42316260776041],[-81.54392051154583,52.36340700825926],[-81.50054544765119,52.2828436978571],[-81.44633251597561,52.23278911216088],[-81.42958008963541,52.174197788936944],[-81.34038090470085,52.098930013419654],[-81.16122811280474,52.04458691300481],[-81.09457278721351,52.057578801694945],[-80.97231920053261,52.001695201467385],[-80.8803369051287,51.89522680151411],[-80.69485520804326,51.82107589627857],[-80.5821601768041,51.713066310522954],[-80.51263178953268,51.54764039577208],[-80.45022408586884,51.494702600792856],[-80.43561058956384,51.40719779743754],[-80.38513960248957,51.33866889719209],[-80.31436962010818,51.31534019160032],[-80.1134289792138,51.290810610247455],[-80.05165400534273,51.25701891214283],[-79.97808899385801,51.238778498389266],[-79.92435201706161,51.19219339990705],[-79.85938930742424,51.16537048956394],[-79.79017589168538,51.15987670617252],[-79.68990170090434,51.285490908259476],[-79.7454584903926,51.329193593008576],[-79.6861283825547,51.34884199144657],[-79.68170158328148,51.40562809434086],[-79.63915699404922,51.40706651284546],[-79.5243306361918,51.47133183850236],[-79.58269525103549,51.530099442065236],[-79.56476058879315,51.61323161489103],[-79.46517030870692,51.66920042898944],[-79.37156572423653,51.692712585846536],[-79.29858124680085,51.693220077632986],[-79.24200074007402,51.67468679076931],[-79.18275272667736,51.63072655018035],[-79.12721123585169,51.566198764839456],[-79.02983352930819,51.526413536602355],[-78.96018666242101,51.458950519978664],[-78.85333007484256,51.45183275815821],[-78.82299141550308,51.46933736251538],[-78.85960527441173,51.587485637763436],[-78.94543984289187,51.64581754682565],[-79.05791266166801,51.75005428016673],[-79.0430932068352,51.78494932622633],[-78.92552356474671,51.84226995302633],[-78.89234201358478,51.959495845436734],[-78.84735964271961,51.94708121377512],[-78.75982026229438,51.98883858479314],[-78.74748411138143,52.03189770850058],[-78.68077578568787,52.07222788390577],[-78.58963004092448,52.147059865645254],[-78.5841867183806,52.28970844890778],[-78.52143817584277,52.332117039659224],[-78.54578634468744,52.35834169551903],[-78.56632063518065,52.44530457727368],[-78.62648883906985,52.45455937033058],[-78.59403144284629,52.50007036211943],[-78.72239459197799,52.51301121614283],[-78.76967073636611,52.56282638366387],[-78.73849777935236,52.61242592722396],[-78.80554497169804,52.62323866951535],[-78.83294916926961,52.70428804026945],[-78.87444152713218,52.752208489925984],[-78.75848824098725,52.84413982074051],[-78.87582778796869,52.861611136534684],[-78.92315723207395,52.91317857306851],[-78.83481121112916,52.96844803336697],[-78.93100032410113,52.981633816122816],[-78.99747942258047,53.01349603616644],[-78.97695913536685,53.1699469546621],[-78.92450598479326,53.228728275893154],[-78.98427941895878,53.26765120845711],[-78.99333634748966,53.38858984457804],[-79.07012470068506,53.42683539912874],[-79.13857828023211,53.50047475916188],[-79.0337741702008,53.53470908065085],[-79.0324777653434,53.57278582180981],[-79.07749879987799,53.596575495544755],[-79.09059857867197,53.713830520964805],[-79.06772758715366,53.78961589521307],[-79.07774548826045,53.879414691474665],[-79.00474451268632,53.915780402225444],[-79.05481062244378,53.95082179061293],[-79.0587534902832,53.99635028695494],[-79.02420705115685,54.01406712177152],[-79.29752133600233,54.06103385279744],[-79.39672835829047,54.08824397172008],[-79.52027960599426,54.14937651226121],[-79.48647307158916,54.28867213207449],[-79.50993181443177,54.42437071715905],[-79.59331726596967,54.47520410779739],[-79.66890339840513,54.55024653305701],[-79.738946395459,54.58683931409749],[-79.77077558606963,54.62605353565588],[-79.67588377778182,54.661520198127114],[-79.55561059979208,54.72492589937305],[-79.34981670186033,54.75752008844964],[-79.24540709912385,54.78841040365679],[-78.9556600981241,54.84373799886608],[-78.93337928169134,54.874367509921484],[-78.82609509390858,54.907549192145126],[-78.58097341286846,54.96014851406056],[-78.54603637971081,54.988313200268585],[-78.3165733154762,55.0420158899389],[-78.15749589149878,55.13521659873992],[-77.78881330143999,55.268971210352554],[-77.63779971980098,55.37817279177918],[-77.58084570156116,55.382622609555156],[-77.46211830879031,55.46416829391244],[-77.31688827254256,55.540803008211775],[-77.12371309160568,55.6616569911218],[-77.03501511677833,55.78500198938757],[-76.88476087448687,55.91034870337516],[-76.83052431804657,55.92963280649648],[-76.79862998209475,56.00086548648173],[-76.72002940104412,56.02222629508364],[-76.64920940385379,56.124742591209],[-76.65243260734998,56.19440717958022],[-76.6170476447677,56.24652920595548],[-76.54798501047848,56.30131859980547],[-76.51862466867117,56.45889828508703],[-76.55158090261173,56.47522828149243],[-76.55447750223308,56.55424468185563],[-76.5314590955511,56.721396011087144],[-76.5335703659373,56.82390369910619],[-76.5696765783646,56.93959300324348],[-76.57452001949129,57.080593714500964],[-76.63412688986988,57.25988511827948],[-76.71625946280541,57.40419393580278],[-76.80218960668526,57.490788649823195],[-76.88882120687921,57.63496198093607],[-76.9048677574973,57.70540704615109],[-77.0275819851973,57.832688338881646],[-77.21282409973355,57.99706388333812],[-77.21892559522375,58.02008767238434],[-77.44304162632024,58.13014327116392],[-77.54366023047243,58.158862576006776],[-77.5350184262211,58.18427857000885],[-77.80786902164601,58.29871272423339],[-78.04629494222439,58.36360381812961],[-78.14193686735592,58.42943416503648],[-78.60973071127377,58.59818034283664],[-78.62483045039883,58.797345769872805],[-78.64902658518497,58.8228092237811],[-78.55984674992287,58.86321027862651],[-78.5406089895566,58.95336835449081],[-78.47489684779866,58.97645512868066],[-78.29702193195257,59.073308260680214],[-78.13132715408028,59.22532736515539],[-78.03176707900887,59.24554041994451],[-78.03862243543745,59.28231516457033],[-77.93698707242727,59.354185962135865],[-78.00000491512974,59.40433972795014],[-77.98677544800539,59.446264402113066],[-77.86906193744642,59.554490361351995],[-77.88812576904628,59.618709455823904],[-77.87639560339817,59.70439599196559],[-77.8315783318846,59.74287870848197],[-77.74548233004256,59.76584485734651],[-77.59731939418654,59.757744603703],[-77.47357564221629,59.901482718814755],[-77.58379784939609,60.01573642710168],[-77.65574750932309,60.04953348486889],[-77.64536594986286,60.11335480977579],[-77.567251330243,60.156171284507074],[-77.6547819017264,60.23833995842701],[-77.65804858048507,60.320092892665144],[-77.79555683719353,60.38818603031276],[-77.76887813205917,60.46839966129544],[-77.91107729060548,60.580600971772625],[-77.85529377010197,60.62755945116356],[-77.87064780776127,60.66527157391801],[-78.06464858201862,60.793621116142816],[-78.20615501820322,60.8001379118981],[-78.19143788776707,60.860469886209685],[-78.1260641079626,60.92488691450421],[-77.93661413269676,61.04753398428881],[-77.85862784045622,61.07246058506167],[-77.84473992045027,61.152967173293135],[-77.79999207052191,61.19695816895139],[-77.8212273949165,61.383779180072096],[-77.85469398959526,61.45356702156625],[-77.83202294102779,61.50403935086468],[-77.87608711692405,61.610938920759885],[-78.00878153627836,61.68627495218013],[-78.11835776435592,61.86762908782049],[-78.17822782703459,61.98913435901549],[-78.1943279470509,62.10073126550799],[-78.23312009620487,62.21402944133783],[-78.18055382481917,62.32724311490166],[-78.11392249391669,62.368529014737966],[-78.0302915329716,62.36959388621398],[-77.95022415098575,62.43035274577019],[-77.73503370918584,62.477392851882186],[-77.70064546994963,62.51527150398121],[-77.58252895100674,62.54731272342158],[-77.51549395588347,62.59359140441626],[-77.42550337381176,62.59222868103869],[-77.22449240991888,62.56260371013122],[-76.8434162776455,62.5375088366731],[-76.7280460427384,62.520807998753064],[-76.54773744027156,62.46787452433049],[-76.30137365669866,62.42330728019759],[-75.99999998292951,62.35973249183409],[-75.90149091261547,62.35249297741806],[-75.75911140235077,62.31881586599765],[-75.50000001906693,62.29134473644796],[-75.40041351244946,62.323672738132146],[-75.31650693950776,62.32322072541675],[-75.06549310101984,62.28069649665382],[-74.80848826455586,62.25082067685549],[-74.64449814692296,62.27029274849291],[-74.50653960632272,62.26603923291182],[-74.37741326794334,62.279822317107005],[-74.15610652475442,62.36214551915675],[-74.00000001496693,62.3787621854901],[-73.85650033612538,62.472311264853936],[-73.67135056367276,62.490655542388716],[-73.52627912802882,62.405648055842946],[-73.37376618965551,62.37695429614291],[-73.16862496350141,62.31234447025275],[-73.11806625084839,62.242752238264984],[-72.84757994290382,62.148920996347435],[-72.72692096183069,62.153339993465565],[-72.61270228392243,62.12360992150594],[-72.56516987694334,62.07272849640186],[-72.57985798207376,61.95167080966163],[-72.39335983212759,61.89770569497107],[-72.2133885810851,61.87589410476545],[-72.14045579499884,61.81031259831577],[-72.22609800726457,61.75821029186693],[-72.1579023923423,61.74530518799489],[-72.08249661472644,61.76150341034136],[-71.99792511898335,61.72405587523914],[-71.83468774955622,61.70224292665925],[-71.5508849782734,61.63890876783329],[-71.500002585019,61.57701198702914],[-71.5452939550387,61.549925054460964],[-71.55815144508234,61.40244606782726],[-71.64892775943993,61.2998037365946],[-71.52116371016788,61.23821651211014],[-71.44201862302135,61.23045490819675],[-71.37245942278865,61.17758027058309],[-71.23014487757756,61.1741927947919],[-71.18743390983111,61.15230323205081],[-70.9624756135804,61.13036031115301],[-70.85815129229846,61.086301203328304],[-70.741610985104,61.092058922934335],[-70.64052988271158,61.05820470039864],[-70.43859563601453,61.07563617033678],[-70.32148242040327,61.10543882561811],[-70.22713267069034,61.0909750977465],[-70.12941093466192,61.095700403200915],[-70.09115744933955,61.06633021469338],[-70.14592692763446,61.010334425149104],[-70.09845358878879,60.98410004299128],[-70.05039631614959,60.87816610487073],[-69.90776815080949,60.816862968103],[-69.83995718555347,60.89388047726506],[-69.7509334871053,60.93006052316083],[-69.68453569040746,61.04251927187298],[-69.62037914461416,61.08376257344496],[-69.49063879510993,61.07148781077387],[-69.376460814812,60.9488444734211],[-69.26979668576536,60.87528843216543],[-69.33785569681636,60.788308085187325],[-69.47664544025234,60.73321919421348],[-69.59871853855164,60.702534857672255],[-69.64256319579957,60.67020448457421],[-69.6060125365601,60.590012244703956],[-69.68753893989995,60.49992433555387],[-69.70456177093496,60.42513124542709],[-69.65424497247055,60.360085627928505],[-69.66066050946085,60.32338707112735],[-69.53801160683388,60.2104622894394],[-69.55087129045162,60.13693177452641],[-69.53202758848832,60.093901893695595],[-69.58609282420372,59.984149401701664],[-69.48507363072976,59.88501893518111],[-69.46367439624873,59.8080661174069],[-69.48140454203663,59.757203780367014],[-69.47279848250542,59.64030999077756],[-69.4984249824229,59.56559946751252],[-69.46945989067508,59.495529509731206],[-69.41585953537097,59.44802955468068],[-69.2297073025699,59.35632895124904],[-69.17467573144081,59.239293717873565],[-69.0000010748533,59.05440113117059],[-68.91518677117197,58.983114604301925],[-68.7975181929767,58.94798199800175],[-68.59251817084562,58.95212790886922],[-68.41172152955018,58.925287870199696],[-68.3161674146457,58.88488099180899],[-68.24428254833184,58.80599038658541],[-68.25656881695151,58.64139612591242],[-68.16415234458293,58.59341914613565],[-68.00000061816067,58.60001116286094],[-67.89843835594013,58.5807590357737],[-67.71896493884881,58.52327620525757],[-67.64292036471295,58.44156169460018],[-67.68353827151424,58.35960200515668],[-67.67400546822016,58.283872355626755],[-67.57953673458553,58.267030301834424],[-67.23173086522327,58.409059621123376],[-67.13672894773833,58.46560406236671],[-66.92749457705182,58.521130508619905],[-66.82658151237484,58.53180731264605],[-66.68407460672543,58.599616510986046],[-66.60517624616223,58.65573236903005],[-66.51327650920626,58.77190479422069],[-66.50487204621244,58.861210195818714],[-66.46616487204255,58.88526186049944],[-66.33126122542845,58.885176081233475],[-66.28577355624547,58.86646739727296],[-66.15144664564527,58.87752236525097],[-65.9739034131848,58.930368064605986],[-65.92070544755873,58.96607564367676],[-65.94735347926932,58.989023640383984],[-65.9255791948514,59.156525016157126],[-65.9669019835653,59.265106876624394],[-65.95490679833343,59.31137899829775],[-65.88461242447146,59.36591309632042],[-65.62026861607566,59.50653675777041],[-65.57351049180218,59.560599506815855],[-65.5980159323069,59.73443358995813],[-65.57932456442946,59.76483468522768],[-65.29916560967169,59.911123008915595],[-65.2013001077247,59.987324622062296],[-65.1720370508885,60.068855912860634],[-65.0703689168258,60.07120989782749],[-65.07916443239623,60.10231889782217],[-65.01238227904136,60.1329038850284],[-65.00335194911318,60.16502626502162],[-64.93721360761523,60.206625823068556],[-64.9654278157838,60.25744650463225],[-64.86315210513794,60.301228267498296],[-64.86294157162855,60.361462462825834],[-64.62707168427762,60.34648327242761],[-64.51747589882683,60.30439820187958],[-64.53398458557535,60.34106164476488],[-64.4331000902904,60.377744012654354],[-64.18486956706356,60.37467601437599],[-64.1386278406627,60.17216979975858],[-64.07252146728224,60.059356432789514],[-63.9958988073089,60.00000395710841],[-61.99999999236857,60.43231677393178],[-60.00000001686163,60.62548032489739],[-60.000000015597344,68.74949396511035],[-60.28336670943925,68.89347134363733],[-60.71524889692815,69.14442345947701],[-61.00201449400965,69.34479090214576],[-61.142391245804426,69.66326918511047],[-61.22474507105679,69.98409610124988],[-61.34824263145553,70.26638610079756],[-61.48130822301614,70.4964875938628],[-61.89378123949521,70.80159493671717],[-62.39929028190294,71.19919473209862],[-63.06581931559662,71.72117944754328],[-63.237225384671184,71.76824269003538],[-63.69187415649262,72]]]},"properties":{"FED_NUM":62001,"ED_NAMEE":"Nunavut","province_code":"NU"}},
{"type":"Feature","geometry":{"type":"Polygon","coordinates":[[[-122.6800258057965,49.08388030518576],[-122.6816286361218,49.002208088666805],[-122.26501844935429,49.002323939274255],[-122.27643088265052,49.05755280960615],[-122.38147253437037,49.05798480012923],[-122.46022957447306,49.08900624650851],[-122.49268639258555,49.05957489738708],[-122.63750798659986,49.08951425429882],[-122.6800258057965,49.08388030518576]]]},"properties":{"FED_NUM":59001,"ED_NAMEE":"Abbotsford—South Langley","province_code":"BC"}},
{"type":"Feature","geometry":{"type":"Polygon","coordinates":[[[-123.02347648754355,49.23229450762287],[-122.93788650049189,49.213447406610015],[-122.89275581779945,49.24901446521311],[-122.89326752650231,49.26622029202853],[-123.02348009311595,49.26555510536914],[-123.02348269735917,49.2582127932614],[-123.02347648754355,49.23229450762287]]]},"properties":{"FED_NUM":59002,"ED_NAMEE":"Burnaby Central","province_code":"BC"}},
{"type":"Feature","geometry":{"type":"Polygon","coordinates":[[[-123.02348009311595,49.26555510536914],[-122.89326752650231,49.26622029202853],[-122.94566513507864,49.29716873718676],[-122.87840431340302,49.381880186897334],[-122.86933767464986,49.41380853058609],[-123.03509929959239,49.407633015659066],[-123.03873484772093,49.295454252126085],[-123.02348009311595,49.26555510536914]]]},"properties":{"FED_NUM":59003,"ED_NAMEE":"Burnaby North—Seymour","province_code":"BC"}},
{"type":"Feature","geometry":{"type":"Polygon","coordinates":[[[-125.57529156166594,51.9133632211428],[-125.48747494152124,51.91582048367286],[-125.50132089856976,51.878415624297205],[-125.427812474977,51.84179553420562],[-125.379455619662,51.78932753871767],[-125.25471455780963,51.76508066606717],[-125.23288209994816,51.640487319024984],[-125.2920231577417,51.60933051377933],[-125.23789230389855,51.57206873586383],[-125.2895631851739,51.47560035327864],[-125.32693638093642,51.45364512177674],[-125.33856416051238,51.409054681545236],[-125.25100434592373,51.39374065517908],[-125.17711158357423,51.398579939893786],[-125.1311858844943,51.364069328664186],[-125.00900702949687,51.34971769714991],[-124.96529312931659,51.32825053128138],[-124.88787485614021,51.330391896865684],[-124.79976342171621,51.30542416055857],[-124.7620315346996,51.23822384430339],[-124.58082605390966,51.18108498831778],[-124.43378308315987,51.1483991116306],[-124.40248995359148,51.18811504599981],[-124.35088365988184,51.14692466901692],[-124.24527098416743,51.14852771826444],[-124.18532611043517,51.13529324221455],[-124.15520402436066,51.03663267081162],[-124.08714760676379,51.00969932453509],[-124.05994498581435,50.95889205762196],[-123.99579815672354,50.962711443558135],[-123.93665514805124,50.93618494681848],[-123.8818756526267,50.948600855398944],[-123.75821747490329,50.883463993070144],[-123.66218832374231,50.88037910925003],[-123.45174819283133,50.980804062070476],[-123.24344186612225,51.000393903055986],[-123.23510394644244,51.05808844792815],[-123.18232472971825,51.07226538290981],[-123.14672119896264,51.122734880185156],[-123.0503195907154,51.14979490733701],[-123.03315860608113,51.20065094174283],[-122.90525868681144,51.18390183237126],[-122.8225196919308,51.1447860875281],[-122.74303417989832,51.15911070605067],[-122.67518651543215,51.09865077376788],[-122.62596318162218,51.079948300220465],[-122.57939323298864,51.103407042146735],[-122.58977054870194,51.17662568851716],[-122.53027091901274,51.20918626382593],[-122.57133957067346,51.24758790039966],[-122.630858898937,51.24876105652361],[-122.674883307306,51.274371492384574],[-122.61341879613397,51.37255389865002],[-122.624119951153,51.417211467129526],[-122.55938225957767,51.43544439198539],[-122.5597113242039,51.485122840881665],[-122.4691938462982,51.482118361765565],[-122.42758823563686,51.50985906177379],[-122.33078893409927,51.52413825369052],[-122.28226997701627,51.51589935437085],[-121.88572777364534,51.517846553805775],[-121.88589267595661,51.566133126989016],[-121.63108047730731,51.564048310121386],[-121.52662721583958,51.54772400010041],[-121.52514210501123,51.451053302487466],[-121.42616168787305,51.43670319979219],[-121.42064190445298,51.37755958900645],[-121.28223123058734,51.3767923656527],[-121.13384203317229,51.43962972152224],[-121.0017202573667,51.42906007879773],[-120.94832872057192,51.44510219150418],[-120.83346702980053,51.435158629802466],[-120.5607288118665,51.434617912530236],[-120.56042770474589,51.66125883472319],[-120.50363374659975,51.696662181916935],[-120.39127080532737,51.704008974539995],[-120.33852336049968,51.73297492036373],[-120.31952507458452,51.81991255364003],[-120.22664968764184,51.82542980680906],[-120.22396288941346,51.866594247974625],[-120.27316147090346,51.89260567772064],[-120.2502757088437,51.94025309458939],[-120.33001152663593,51.99507467775664],[-120.3057945820316,52.01291250809951],[-120.29367224148531,52.08261658808845],[-120.34744252903579,52.155816630039915],[-120.38695603520728,52.17854878922999],[-120.53485097349513,52.32940096325427],[-120.52109016274528,52.379753086159006],[-120.45922038849726,52.42124218420767],[-120.54215054909523,52.46611649575533],[-120.50940186011255,52.49474459353272],[-120.4076778179467,52.534483468408645],[-120.36301267232389,52.528142096603794],[-120.29367798390498,52.607626544726415],[-120.23527869557965,52.63471393274585],[-120.29369414929793,52.7256044057619],[-120.31292257408793,52.858713186070474],[-120.14254549439086,52.8767407766931],[-120.17036973019492,52.92495357933952],[-120.33843793729073,52.92738895973883],[-120.37676277498717,52.96476641079091],[-120.43420133345745,52.972625764696566],[-120.48841889814632,53.05455400091998],[-120.42528755745774,53.06784119934886],[-120.41706619484133,53.10024210200696],[-120.46671840361884,53.14909640819399],[-120.62716310041488,53.21396140409934],[-120.71500909612263,53.264522813337386],[-120.78748103717778,53.256644325941856],[-121.01819301224128,53.329766191825115],[-120.99827799501575,53.383036129454844],[-121.0734770847937,53.39316147464605],[-121.22816378435296,53.38473009724868],[-121.28829575838661,53.445713773271244],[-121.55542567849946,53.43938651301247],[-121.5713435182873,53.45254962238578],[-122.16290278269925,53.45678892715525],[-122.1825218064603,53.52526334568552],[-122.35740187959972,53.52446273113497],[-122.39714160562605,53.5914237266811],[-122.66618614879748,53.59480373594206],[-122.67138953434339,53.64498688278041],[-122.72665740767233,53.674363963218006],[-122.70840531468818,53.775089707339866],[-122.7816472949728,53.92408800153697],[-122.876761876439,53.978020997174724],[-122.933774715358,53.96742350586714],[-122.96315268872276,53.90030899884816],[-123.08646260998147,53.85945560109173],[-123.12486221634008,53.902881193513],[-123.2047501872702,53.91551110448019],[-123.27346891507254,53.98727409398061],[-123.3709584958792,53.96738930113401],[-123.49136377998302,54.00286069646473],[-123.53480880288676,53.987265597718235],[-123.5845216171087,54.02379420870439],[-123.58678008964206,54.05813928853705],[-123.48453319044532,54.07137621032519],[-123.56601958765145,54.10556959896384],[-123.52035758347796,54.15440079042358],[-123.96446209951944,54.209569007544246],[-124.19872998514369,54.29363549626975],[-124.27261528448238,54.29272143108128],[-124.34870306680003,54.26490320474298],[-124.40030043424397,54.26944534630621],[-124.4660306514113,54.23263546100637],[-124.46668057511909,54.12814162976874],[-124.36725417525611,54.12811945101133],[-124.35328531845529,54.07057379976806],[-124.36618531550174,53.99814008680907],[-124.43645941991537,53.99843339127122],[-124.43626860332982,53.896511764811194],[-124.50020066399065,53.894729668609706],[-124.50063060713782,53.52859111648154],[-124.55209992863296,53.46234849701866],[-124.52328845923438,53.40236854809754],[-124.6288479618819,53.386032330252355],[-124.6473416253794,53.40755032624703],[-124.73662227434279,53.354623212858],[-124.80588500868832,53.369095260201746],[-124.89881610268756,53.43530616272849],[-124.98383183470565,53.431527792418244],[-124.99631284524318,53.241811028404165],[-125.0003347654213,53.00028240219797],[-125.75080574921164,53.00039502124346],[-126.6091099184719,53.00027962206904],[-126.64606287307232,52.94192569695277],[-126.58734841708925,52.879381377318595],[-126.63919710165807,52.84600862245644],[-126.60111948731561,52.81297916064833],[-126.55351406805539,52.81525261949829],[-126.53027968673224,52.775151522048866],[-126.41615760962874,52.794229568955394],[-126.3356561494513,52.829532510485194],[-126.33353332240917,52.75160063448038],[-126.36112167277788,52.70693424338546],[-126.4456740691872,52.65416824869125],[-126.35884190165253,52.53504940216994],[-126.27040579190995,52.541211113883854],[-126.19778243735544,52.49996820644337],[-126.13602534040115,52.576913457822535],[-126.04678464313518,52.58157272768158],[-125.98799414203104,52.61930196645117],[-125.88492910903967,52.628168922087454],[-125.79935912825843,52.52523375760688],[-125.73517764311806,52.479838752172554],[-125.6204587680345,52.511151928928996],[-125.45601831964866,52.47154138338926],[-125.4893822209494,52.43196510062915],[-125.35864715049301,52.3806941469731],[-125.38280981026622,52.32956318335916],[-125.43940268730788,52.276159462855944],[-125.4774697487619,52.28009560615594],[-125.502667660641,52.229262054790624],[-125.45135843865239,52.20455320536074],[-125.4827276498086,52.177553677663205],[-125.59922426991032,52.15846994357722],[-125.66884336766148,52.122034350121446],[-125.65909722623117,52.06056285432661],[-125.57960170978933,52.055573320998114],[-125.61632122050064,51.98786005622163],[-125.57529156166594,51.9133632211428]]]},"properties":{"FED_NUM":59004,"ED_NAMEE":"Cariboo—Prince George","province_code":"BC"}},
{"type":"Feature","geometry":{"type":"Polygon","coordinates":[[[-122.22991522865203,50.11051207063736],[-122.27469184155396,50.084055485819164],[-122.24938746514115,49.979693512982564],[-122.27129206828613,49.96310098346082],[-122.2079151726632,49.91223982713622],[-122.16364634622396,49.909392906916615],[-122.10469559550431,49.84843215960808],[-122.03925626179924,49.817055341321726],[-121.97259681070747,49.849797881257054],[-121.85806001725817,49.88038748178801],[-121.79332897266505,49.84092617297898],[-121.73153456495434,49.85018572010382],[-121.71268605267095,49.82363384307297],[-121.71022619934428,49.74557651362532],[-121.6843543458539,49.69042224846626],[-121.70250998193522,49.66799300525723],[-121.67140074404647,49.61604953395897],[-121.61829481074648,49.623223721896224],[-121.55049270120787,49.602038452290806],[-121.57219096185187,49.48649747006133],[-121.61873993872466,49.501747689075884],[-121.64580956645868,49.45230784257112],[-121.76523760840274,49.3593683014632],[-121.76602979441445,49.280437855305145],[-121.78679130597688,49.24423940298933],[-121.86441419933503,49.22083411864515],[-121.93444829752133,49.22462660932274],[-122.0993226090175,49.13956159194523],[-122.08012302770221,49.10602546435463],[-122.0943297955997,49.016595300490735],[-122.11677438352747,49.002233769864326],[-121.99586526306328,49.00000525357519],[-121.49999999914795,49.000000003645326],[-120.84840827446455,49.00007714682964],[-120.82569932186057,49.02546256835713],[-120.895078156786,49.07816044496712],[-120.96311148240419,49.0948356584599],[-120.85798331803532,49.133953624939636],[-120.9031838325458,49.175138736728655],[-120.89127772996147,49.206174740619694],[-120.82076573616285,49.24732318926948],[-120.82397134237584,49.29497116483167],[-120.90578885427533,49.3056752982379],[-120.93612029124156,49.27597720051633],[-121.00141735512854,49.27824238978745],[-121.04524265512973,49.33073445512307],[-121.09804393142032,49.353909473111884],[-121.0992668283446,49.4410877417818],[-121.05377626403924,49.47122850176529],[-121.08187464222206,49.51416762052522],[-121.04771034450361,49.53187218665029],[-121.03788250372108,49.58691195413856],[-120.95950302271704,49.642209132044876],[-120.96240832746015,49.67347949690803],[-121.0188239427839,49.63699736097885],[-121.15583339068341,49.61715655129361],[-121.17078915662887,49.648364580540566],[-121.12568326393858,49.68044775960328],[-121.18570331991756,49.7266058056452],[-121.21182554628793,49.77926963687995],[-121.18022668032393,49.82187052830832],[-121.12435089450449,49.825640673264296],[-121.1642615399813,49.88125809583923],[-121.22015741929805,49.89448188589197],[-121.28603511097533,49.872263104056486],[-121.32425906778238,49.89942365793105],[-121.26916391398845,49.96225564853964],[-121.31532813930747,50.05246633530968],[-121.56497913493575,50.052227737484564],[-121.60975134458279,50.04188198198376],[-121.71457896512861,50.086208172102495],[-121.84939080300485,50.075296356653574],[-121.89580230551171,50.04964998809114],[-121.95939241937985,50.08469144798791],[-122.02363127005263,50.08584047247049],[-122.07006993723614,50.12637013321372],[-122.1163673211526,50.10731173071733],[-122.22991522865203,50.11051207063736]]]},"properties":{"FED_NUM":59005,"ED_NAMEE":"Chilliwack—Hope","province_code":"BC"}},
{"type":"Feature","geometry":{"type":"Polygon","coordinates":[[[-117.51695940987399,49.4359233188413],[-117.55493492584093,49.34870789066116],[-117.4908738039663,49.34899073598166],[-117.49396124076011,49.17548721821253],[-117.67427467372688,49.17504159053164],[-117.73715918925241,49.140643991802804],[-117.75923930032555,49.05910560484091],[-117.72157710644414,49.000711957543906],[-117.2683530431106,49.000022751609805],[-116.50065896039234,49.00000085488371],[-116.02704893324885,49.00091738696695],[-115.25917001492851,49.00001142397978],[-114.76351113501188,49.000016525085286],[-114.06833210989363,48.998850496568195],[-114.0809763584237,49.05968845970934],[-114.1531491386772,49.09951039566597],[-114.17490451914354,49.16355053885589],[-114.34559060629958,49.193570768265076],[-114.4021219742035,49.21327360421189],[-114.39348599518779,49.25718740478636],[-114.44794247585223,49.264369226603144],[-114.48762451516002,49.34732061382663],[-114.5669296737045,49.37688356607884],[-114.59843280764429,49.41256158154864],[-114.59471741310753,49.502843022393755],[-114.6201332001828,49.54680866221677],[-114.69098346712126,49.55402643504022],[-114.73258666928298,49.57637952664069],[-114.74647644614154,49.61850970573307],[-114.66281800636511,49.643724480275594],[-114.66838503820794,49.703875166047375],[-114.63311912237114,49.73407963558546],[-114.63993243584721,49.82772088411701],[-114.69178590695967,49.896286105132624],[-114.6936762054005,49.94258395653646],[-114.65743624890823,49.96839674003379],[-114.66637119771781,50.05094437489629],[-114.73325919665575,50.11861061891002],[-114.7263162285241,50.160738466347304],[-114.72467038891777,50.190177190432166],[-114.77022537721739,50.24999499892204],[-114.75166705991882,50.275287034041554],[-114.79760596455553,50.32612202037329],[-114.76621722955245,50.350742252132555],[-114.85689168089066,50.39252401422319],[-115.01369673096399,50.57085910035643],[-115.08527384255356,50.589749059445936],[-115.23098413968033,50.5448786369444],[-115.23965061226721,50.58919679221582],[-115.29362560549144,50.611107580249566],[-115.28225408132873,50.663192894099176],[-115.31512449632272,50.72582574755049],[-115.3912223679169,50.70645244703865],[-115.43628198058066,50.755730693588134],[-115.55086991513849,50.797065903360476],[-115.57813602188206,50.8405037626555],[-115.64298277653863,50.84220649032844],[-115.64892946164217,50.87414760222713],[-115.59264618109123,50.89264113884555],[-115.64883405703628,50.9975204583282],[-115.76703563342811,51.039388275686946],[-115.78923190003928,51.07241768554579],[-115.8679333808692,51.08929039836333],[-115.92360697933795,51.083109565647284],[-116.00446487359838,51.1246812907252],[-116.03684494216769,51.17004552721708],[-116.00760375243203,51.22201215459689],[-116.21908456179581,51.29450376138847],[-116.28260412393541,51.3315018452808],[-116.29657160518897,51.26169388109587],[-116.26336505937678,51.221798935594066],[-116.2975415333225,51.17996773105384],[-116.26216188010685,51.12655223946145],[-116.33978378657687,51.064353326555555],[-116.41847237086914,51.036586404884],[-116.31832348080013,50.949077483568665],[-116.44436274062885,50.949822268549475],[-116.6287266050881,50.920674279993094],[-116.73346219408354,50.87637915589005],[-116.76398757191299,50.847311384076875],[-116.74535170313757,50.7712956897685],[-116.80956065369676,50.72658601602617],[-116.83701073886967,50.761453025239526],[-116.92144757779458,50.773584916220045],[-116.96425748118244,50.81029057780231],[-117.03811286052596,50.81500363531349],[-117.08360744551779,50.865564719561476],[-117.06896026836752,50.92014922560831],[-117.03310904908662,50.95809191830711],[-117.1552295653934,50.97584782717095],[-117.13788284412287,51.02801323449224],[-117.22434662963555,51.05925718775898],[-117.30431168913114,51.051324047083895],[-117.39019579859175,50.99979620208125],[-117.3978018153372,50.96119556622634],[-117.43824479226976,50.936669503114565],[-117.42611341638654,50.90396618262247],[-117.49018442547518,50.88118646032815],[-117.38199864310985,50.74615228127599],[-117.3928826773967,50.70914395810552],[-117.27585245682693,50.74418703182345],[-117.27369102075026,50.670831902675054],[-117.22978816995942,50.648276886586345],[-117.30679805179336,50.57744720093852],[-117.2438455438804,50.51947093545493],[-117.32119840019872,50.48731823269691],[-117.49435268679069,50.48898889387745],[-117.49973912642585,50.457144869228216],[-117.45413926088882,50.42542437374226],[-117.35895011220732,50.39632140961473],[-117.39316138742213,50.3431123758788],[-117.36097787030741,50.325663726628036],[-117.36827302164575,50.2782067255134],[-117.33913912350924,50.2593387438528],[-117.23581152790717,50.29453538833372],[-117.22124049529037,50.25335340677788],[-117.27511412526037,50.208872609302276],[-117.20114612778019,50.18646446687983],[-117.23241349478691,50.13551817203672],[-117.16680541255731,50.128444171488766],[-117.21347082922227,50.05884699676377],[-117.18324332606903,49.99307555587962],[-117.14396694830724,49.982454225870306],[-117.13093560868603,49.93165601960428],[-117.17486143852467,49.92175545905504],[-117.1805395995536,49.870900451192746],[-117.22874248855457,49.843483804309365],[-117.1964982552972,49.783154677948026],[-117.19066128243794,49.698014363441665],[-117.31680234986034,49.67846125765799],[-117.3226249785898,49.62396320654219],[-117.40298783547266,49.62150529691399],[-117.41741664825057,49.59833483302423],[-117.50308197275824,49.574928413382246],[-117.55516500558048,49.540688686625415],[-117.54543339472202,49.48091464654554],[-117.51695940987399,49.4359233188413]]]},"properties":{"FED_NUM":59007,"ED_NAMEE":"Columbia—Kootenay—Southern Rockies","province_code":"BC"}},
{"type":"Feature","geometry":{"type":"Polygon","coordinates":[[[-122.80472516951855,49.21933914994914],[-122.75139305338135,49.215771737706135],[-122.67522880470864,49.31702631173115],[-122.59110291255003,49.35860789750903],[-122.52811139362849,49.45786851568297],[-122.58168921049305,49.490577990424136],[-122.6081437857645,49.54170208233767],[-122.65542317466364,49.53964890094526],[-122.7000867996952,49.573554544575465],[-122.81608574841674,49.57235386349245],[-122.92479791699101,49.553987413174944],[-122.85956868548331,49.43683662747054],[-122.86933767464986,49.41380853058609],[-122.87840431340302,49.381880186897334],[-122.82340615157368,49.35162517438944],[-122.77564511713577,49.35122497092555],[-122.80205970072159,49.295975205462874],[-122.80472516951855,49.21933914994914]]]},"properties":{"FED_NUM":59008,"ED_NAMEE":"Coquitlam—Port Coquitlam","province_code":"BC"}},
{"type":"Feature","geometry":{"type":"Polygon","coordinates":[[[-122.81784638630704,49.10455981778015],[-122.6798160969781,49.10439001733133],[-122.6800258057965,49.08388030518576],[-122.63750798659986,49.08951425429882],[-122.67968071649727,49.11393040497897],[-122.67883289682926,49.1482414221644],[-122.82330921764698,49.1262046019626],[-122.81784638630704,49.10455981778015]]]},"properties":{"FED_NUM":59006,"ED_NAMEE":"Cloverdale—Langley City","province_code":"BC"}},
{"type":"Feature","geometry":{"type":"Polygon","coordinates":[[[-124.04508303532282,49.438569976629836],[-124.12155227061764,49.43883406783],[-124.19543688180505,49.510130656416976],[-124.3626704621791,49.55027081276861],[-124.50074458994473,49.550323818739905],[-124.53037124621949,49.57496983627328],[-124.69466622933034,49.66599558885779],[-124.8272406192829,49.65306468974697],[-124.95523506118177,49.66483896790285],[-125.00963497955678,49.65136609625679],[-125.08877811747448,49.65524092008883],[-125.11004054992071,49.607712070762084],[-125.11752693325793,49.53219056672388],[-125.16661514908431,49.491715201790626],[-125.23395370755809,49.491032565031055],[-125.42652104146822,49.642665619162116],[-125.37957398919824,49.547902581192],[-125.46881735577004,49.528216967373446],[-125.49981186609865,49.478169081105634],[-125.63462351442486,49.51140319096359],[-125.75613022294101,49.5136946742114],[-125.78460620813637,49.539842069659436],[-125.88860721155233,49.546963115254925],[-125.96969334073714,49.584883652639874],[-126.24906143520602,49.55499628907298],[-126.3182174948187,49.60423480775017],[-126.38318690132175,49.56072532310192],[-126.43442922041349,49.5780636499628],[-126.50653597223193,49.54037662731655],[-126.61445839254175,49.54044589149925],[-126.62861990612723,49.39960369900928],[-126.57267684361766,49.33765226167982],[-126.37354890152126,49.29004184833966],[-126.25147748907892,49.25102034928565],[-126.08930059516454,49.12270216054582],[-125.96759890524595,49.04456841116626],[-125.79977521124395,48.925642139164125],[-125.62783889463759,48.8491537465631],[-125.50029762479026,48.80805019030858],[-125.33734157327181,48.72958895829274],[-125.18471959830575,48.637624710378454],[-124.98259141483192,48.55310346540403],[-124.84293516308577,48.52157202180658],[-124.84509427754595,48.54770528627346],[-124.85496419529301,48.68324639367087],[-124.8019684939253,48.69657550289609],[-124.69364540105852,48.79608789418596],[-124.65496659859217,48.85490351070427],[-124.55016979546964,48.90073171487755],[-124.53934333159708,48.93439426138124],[-124.63825076700965,49.01432138353796],[-124.62904539880601,49.09717364537127],[-124.58255508490156,49.14005755525203],[-124.59046684505262,49.15966509430169],[-124.68829218001453,49.17155627951587],[-124.69294877087702,49.20547395276935],[-124.64315523048377,49.2720367949314],[-124.60533827494785,49.28406883819048],[-124.52524005759663,49.24114590396012],[-124.24590975585207,49.226328201183605],[-124.17769266961754,49.20038404359392],[-124.08195893251728,49.199205874240874],[-124.06461098890135,49.234638821453295],[-124.04004447082157,49.36500137852771],[-124.04508303532282,49.438569976629836]]]},"properties":{"FED_NUM":59009,"ED_NAMEE":"Courtenay—Alberni","province_code":"BC"}},
{"type":"Feature","geometry":{"type":"Polygon","coordinates":[[[-124.58255508490156,49.14005755525203],[-124.62904539880601,49.09717364537127],[-124.63825076700965,49.01432138353796],[-124.53934333159708,48.93439426138124],[-124.55016979546964,48.90073171487755],[-124.65496659859217,48.85490351070427],[-124.69364540105852,48.79608789418596],[-124.8019684939253,48.69657550289609],[-124.85496419529301,48.68324639367087],[-124.84509427754595,48.54770528627346],[-124.49948608764572,48.50000066920908],[-124.27629547623141,48.38457929186975],[-124.17574580173512,48.3561425444128],[-124.09717486353946,48.435180466431504],[-124.01483730643943,48.43001488877798],[-123.97134071732565,48.40397532459778],[-123.86562097943855,48.40293689832332],[-123.83737541112444,48.38793386060613],[-123.70671731967734,48.4281052999717],[-123.56474901650517,48.42285851294047],[-123.46808199470377,48.44916059287425],[-123.49751250468188,48.47549969917759],[-123.45830096724035,48.51466961283595],[-123.50001643807107,48.575594648524685],[-123.51283697238428,48.70160826999769],[-123.56503784497805,48.754156119349226],[-123.55289269818827,48.77824848841523],[-123.57739608405053,48.84602324905795],[-123.62510968677373,48.889457251001964],[-123.60652788726446,48.99993013395448],[-123.64489937711865,49.02842083796223],[-123.7404266022986,49.057053666215815],[-123.7346240355431,48.98598616030339],[-123.68766108380574,48.93559611554364],[-123.78332598690119,48.93628634550303],[-123.8012205149269,48.91020679835038],[-123.96815479961279,48.92018645382002],[-124.0552795973796,48.95308442457324],[-124.1496645890228,48.939545507213765],[-124.19599272060063,48.95835352450408],[-124.38493180811598,48.98205762360006],[-124.41809018443765,49.025613547611314],[-124.4792293129561,49.021481806360306],[-124.52723887942531,49.08013248985901],[-124.52821518924425,49.124178777384834],[-124.58255508490156,49.14005755525203]]]},"properties":{"FED_NUM":59010,"ED_NAMEE":"Cowichan—Malahat—Langford","province_code":"BC"}},
{"type":"Feature","geometry":{"type":"Polygon","coordinates":[[[-123.29990187388023,49.103718957304444],[-123.35208880838087,49.082153177904175],[-123.19915104654629,49.002160836280055],[-122.95891751027298,49.002423437591894],[-122.89036223277955,49.06220802209274],[-122.86778883016713,49.10817201093796],[-122.89026749841145,49.16320840184142],[-122.91219619899155,49.194062607966494],[-122.95690884107361,49.17517188110418],[-123.08583662661385,49.118110655230346],[-123.09664642860514,49.090136443608564],[-123.22920643484524,49.130600384957255],[-123.29990187388023,49.103718957304444]]]},"properties":{"FED_NUM":59011,"ED_NAMEE":"Delta","province_code":"BC"}},
{"type":"Feature","geometry":{"type":"Polygon","coordinates":[[[-124.17574580173512,48.3561425444128],[-123.99999999099172,48.306316677510424],[-123.99999999637299,48.29501443797399],[-123.75567936261305,48.25283579098006],[-123.43032601935535,48.250065974886645],[-123.39282271283986,48.441931990894545],[-123.35118235722143,48.45032870705809],[-123.44784118734029,48.55577680005003],[-123.50001643807107,48.575594648524685],[-123.45830096724035,48.51466961283595],[-123.49751250468188,48.47549969917759],[-123.46808199470377,48.44916059287425],[-123.56474901650517,48.42285851294047],[-123.70671731967734,48.4281052999717],[-123.83737541112444,48.38793386060613],[-123.86562097943855,48.40293689832332],[-123.97134071732565,48.40397532459778],[-124.01483730643943,48.43001488877798],[-124.09717486353946,48.435180466431504],[-124.17574580173512,48.3561425444128]]]},"properties":{"FED_NUM":59012,"ED_NAMEE":"Esquimalt—Saanich—Sooke","province_code":"BC"}},
{"type":"Feature","geometry":{"type":"Polygon","coordinates":[[[-122.82330921764698,49.1262046019626],[-122.67883289682926,49.1482414221644],[-122.67803552056263,49.166802421482],[-122.79758172903786,49.20107499191257],[-122.82342528839965,49.16291280337197],[-122.82330921764698,49.1262046019626]]]},"properties":{"FED_NUM":59013,"ED_NAMEE":"Fleetwood—Port Kells","province_code":"BC"}},
{"type":"Feature","geometry":{"type":"Polygon","coordinates":[[[-113.56145748584153,53.50563917166191],[-113.51609189837696,53.46601939292261],[-113.4424811962085,53.485279885987296],[-113.35687597616484,53.482999046266045],[-113.40226435075716,53.55657162603781],[-113.48373279292274,53.538912765156006],[-113.55355418347034,53.52749573803534],[-113.56145748584153,53.50563917166191]]]},"properties":{"FED_NUM":48022,"ED_NAMEE":"Edmonton Strathcona","province_code":"AB"}},
{"type":"Feature","geometry":{"type":"Polygon","coordinates":[[[-113.68893038662155,53.512238591462236],[-113.68918980293125,53.403155409106475],[-113.6495714167776,53.40341877906881],[-113.56145748584153,53.50563917166191],[-113.55355418347034,53.52749573803534],[-113.61517600632804,53.531732611004855],[-113.68893038662155,53.512238591462236]]]},"properties":{"FED_NUM":48023,"ED_NAMEE":"Edmonton West","province_code":"AB"}},
{"type":"Feature","geometry":{"type":"Polygon","coordinates":[[[-114.7263162285241,50.160738466347304],[-114.73325919665575,50.11861061891002],[-114.66637119771781,50.05094437489629],[-114.65743624890823,49.96839674003379],[-114.6936762054005,49.94258395653646],[-114.69178590695967,49.896286105132624],[-114.63993243584721,49.82772088411701],[-114.63311912237114,49.73407963558546],[-114.66838503820794,49.703875166047375],[-114.66281800636511,49.643724480275594],[-114.74647644614154,49.61850970573307],[-114.73258666928298,49.57637952664069],[-114.69098346712126,49.55402643504022],[-114.6201332001828,49.54680866221677],[-114.59471741310753,49.502843022393755],[-114.59843280764429,49.41256158154864],[-114.5669296737045,49.37688356607884],[-114.48762451516002,49.34732061382663],[-114.44794247585223,49.264369226603144],[-114.39348599518779,49.25718740478636],[-114.4021219742035,49.21327360421189],[-114.34559060629958,49.193570768265076],[-114.17490451914354,49.16355053885589],[-114.1531491386772,49.09951039566597],[-114.0809763584237,49.05968845970934],[-114.06833210989363,48.998850496568195],[-113.65334154701664,48.99777272322194],[-113.65343841599925,49.07248320399327],[-113.69068910715892,49.07257157053124],[-113.71544650266836,49.124370267677214],[-113.64438851615897,49.17747430757595],[-113.64691841448575,49.20406261255318],[-113.36830111128114,49.20237371641089],[-113.26139472215397,49.21421285696097],[-113.27347080575431,49.281347158275736],[-113.22653821400273,49.326584641691255],[-113.11267921974122,49.371506528375825],[-113.02695085387424,49.36376574021944],[-113.01837757548786,49.448415976133376],[-112.93688269576234,49.51794376014793],[-112.87491064919192,49.52571791669431],[-112.83265050014428,49.565708685592895],[-112.91237298315404,49.60396931139225],[-112.98978082040122,49.71168404300379],[-112.96856151664547,49.72949164267977],[-113.04622412734086,49.771812260438544],[-113.16858192064626,49.789046860763094],[-113.23073188066596,49.84955781426382],[-113.232646505256,49.90950400717211],[-113.27677269345993,49.90755791439155],[-113.2767664051563,50.04835260411819],[-113.18813288928455,50.04807919658877],[-113.12105637814301,50.06245199751422],[-113.1436126111644,50.142642590429254],[-113.14474078723407,50.230649799776025],[-113.23313492162237,50.327057207744346],[-113.25549031688637,50.41097423699539],[-113.25953000568383,50.649644090821106],[-113.29994151725006,50.71800209920875],[-113.42116011315746,50.724308986760114],[-113.42122349732414,50.81077611154216],[-113.49991571932502,50.79647994766128],[-113.6992229862523,50.803664163944205],[-113.8059738152439,50.82425614444637],[-113.8602138468208,50.85532660722367],[-113.97308013125593,50.85537126389393],[-114.07099225756876,50.848859548637726],[-114.0939481225841,50.8904895299183],[-114.14072584799322,50.92134213463703],[-114.14232952245163,51.00850341946073],[-114.23429474857907,51.00896884384783],[-114.69866959883836,51.00844655935649],[-114.67626651128481,50.93597380576501],[-114.62503140312258,50.89229658767903],[-114.55601122822834,50.892770246399415],[-114.53289044097127,50.81925962274854],[-114.53302758332879,50.70327377063716],[-114.46373169325194,50.70305043264249],[-114.46379647461893,50.601305109131715],[-114.48330214870563,50.543874553642894],[-114.52938097624784,50.54549432387995],[-114.52893985961829,50.45532361239772],[-114.50602747919852,50.36821164516077],[-114.46036312742767,50.32461107754962],[-114.39142621160748,50.324344569415295],[-114.3217429092522,50.29508722995162],[-114.32127835994037,50.265839657490176],[-114.40022348099447,50.22841749774751],[-114.46180189328858,50.1790013971898],[-114.55241576815092,50.19342303068207],[-114.69199336893891,50.17496787735303],[-114.7263162285241,50.160738466347304]]]},"properties":{"FED_NUM":48024,"ED_NAMEE":"Foothills","province_code":"AB"}},
{"type":"Feature","geometry":{"type":"Polygon","coordinates":[[[-115.56716019719624,60.000048336889],[-115.5692061196511,59.64890141416601],[-115.5529512809315,59.64802339064318],[-115.55566282089603,59.47595586403334],[-115.04396490901557,59.47368636539484],[-114.00008786639869,59.47468703910393],[-114.00001051324197,58.76528765420664],[-113.72365310468,58.76528063240075],[-113.7236519615361,58.689123356002135],[-113.92486258069891,58.689274544140254],[-113.99999988715946,58.664427065032385],[-114.00000001043466,57.3813033963835],[-114.97514124673893,57.38059839691299],[-114.9652097176345,56.855835247766045],[-114.95848454641022,56.8078654990401],[-114.07888083097477,56.804360092032226],[-114.08165248646085,56.45662477601065],[-114.94972326628927,56.45910968599642],[-114.94950984870562,56.16036492441543],[-114.93877621474019,56.16097932430924],[-114.93817062132855,55.809464751844615],[-114.30985364127619,55.8101189549128],[-114.31214300903274,55.635597589569116],[-113.57397855262292,55.63552536213062],[-113.57309016556988,55.460779439814715],[-113.54394631532848,55.460770621521625],[-113.54578839740485,55.11015514374712],[-113.51409566626353,55.02397101620991],[-113.36130781210392,55.02385935696881],[-112.90388982743825,55.0241073434878],[-112.9038031276401,54.97036729235159],[-112.83546831393936,54.964362565393195],[-112.71594757413442,54.98621586866825],[-112.75849261634292,55.03929169433777],[-112.83593811961165,55.04604158509628],[-112.88939792262804,55.07721014133394],[-112.81930700183047,55.17376924111987],[-112.78812927446491,55.259477953220724],[-112.70642269880301,55.28219040268778],[-112.68425907580843,55.31210138876567],[-112.7257139764692,55.38121543847215],[-112.75109748097807,55.460884283201835],[-112.31353038314619,55.46057316480187],[-112.31175587100591,55.111724996672464],[-112.3449335867466,55.111506553247786],[-112.34448496285535,55.023953294360346],[-112.44587579920552,55.023963087973385],[-112.44614206540831,54.76217982826462],[-112.42529155588893,54.762187926104026],[-112.42514327614353,54.58747081448596],[-112.12283700089108,54.587330291054045],[-112.12282058798759,54.50007266787593],[-111.9993748976095,54.49951049304999],[-111.99694080121564,54.41313700378028],[-111.94968961592977,54.3985995610425],[-111.94787724803028,54.354907524658344],[-111.85212907296048,54.35525479857971],[-111.82905029132607,54.413270280470684],[-111.46680071339462,54.412833065108224],[-111.38943576035686,54.4250141308027],[-111.39115947158804,54.33325232426103],[-111.31625481266828,54.32602090367408],[-111.31581711733831,54.2678281935145],[-111.01868551322387,54.26788408481367],[-110.86104789571503,54.29706010740634],[-110.65521898916363,54.29704789535832],[-110.65522819412506,54.26794718753576],[-110.38939418808413,54.267895306621554],[-110.37766671235653,54.23884196801594],[-110.00560668207092,54.23869012728138],[-110.00569222639342,54.649807500091754],[-110.00006204876426,55.331232447883146],[-110.00000001796553,59.999999999303796],[-110.74999998803098,59.999999993166675],[-111.2499999971695,59.999999998065164],[-112.25000002316058,59.99999999672513],[-112.7499999945036,59.99999999107904],[-113.75000001284462,59.999999990532565],[-114.49999999009479,59.99999999238346],[-115.56716019719624,60.000048336889]]]},"properties":{"FED_NUM":48025,"ED_NAMEE":"Fort McMurray—Cold Lake","province_code":"AB"}},
{"type":"Feature","geometry":{"type":"Polygon","coordinates":[[[-119.99999976778854,54.587374248578385],[-119.53686851660379,54.588117848377145],[-118.67404551660624,54.587724535453276],[-118.20585458240558,54.590476261483275],[-117.9858335050073,54.58747031990245],[-117.50952096682018,54.58890243380415],[-117.50955664966538,55.030541386797225],[-117.36258274903071,55.03053494572349],[-117.36035370840003,55.37458280700672],[-117.53865779446924,55.37493110473533],[-117.53948254090663,55.46162548429399],[-117.57094821803493,55.46153640948382],[-117.56876335846864,55.6702635458559],[-117.64856340705212,55.60856942370778],[-117.71885816224327,55.59875752982817],[-117.70186583434649,55.56339321703844],[-117.82683002293913,55.54933260732772],[-117.94934696823107,55.55716773271525],[-117.98497522141835,55.581574568539],[-118.07054414892377,55.549499978413316],[-118.14601585948263,55.5452765321108],[-118.25850515395446,55.562989946025034],[-118.30997825603245,55.52754235629428],[-118.36325048293068,55.52732150883676],[-118.36059096289127,55.46142410735521],[-118.62118458386242,55.46139819095175],[-118.6210747440186,55.72302580693648],[-118.46620072330096,55.723011601279204],[-118.47063029005962,55.897908142216814],[-118.62742487384548,55.89818157509057],[-118.62784111078741,55.922769190050275],[-118.78676532322623,55.94589116120955],[-118.82883818978077,56.02106762254137],[-118.91120241021278,56.04193996345798],[-118.88793120432504,56.09478619883772],[-118.90282503998685,56.13049864573244],[-118.78368149099866,56.130730603743416],[-118.78353979394791,56.159896208502246],[-118.00034378252418,56.16003689493026],[-118.00042560259847,56.247389996245026],[-117.32063585655195,56.24830081108932],[-117.27843668093416,56.2692592624815],[-117.24736551811951,56.33750627737788],[-117.16479759367768,56.37152037488835],[-117.15972389354202,56.40812717055928],[-117.09632710491245,56.481023167308514],[-117.0798659876251,56.576594786604836],[-117.14843690709034,56.59827606803935],[-117.12260218420037,56.648166378380566],[-117.23375501484296,56.69711537017367],[-117.2744795004993,56.8091800698966],[-117.30517601347246,56.85511058062718],[-117.24228681804856,56.89852276268886],[-117.21139527477823,57.058032270137986],[-117.25701080768773,57.12043855968141],[-117.1400154109116,57.13405095712594],[-117.09187081342328,57.16284477347051],[-117.07533161103738,57.28318507597869],[-117.15098469824365,57.29400477589988],[-117.13032098924745,57.34564248710741],[-117.03004151993365,57.47526787938288],[-117.11021132022597,57.519859672105945],[-116.95017158635049,57.5318437787073],[-116.91389547929647,57.56303098079344],[-116.95145018705009,57.591918778040935],[-117.02725491795539,57.59156917732077],[-117.09564768430734,57.624356564359154],[-117.04438660331284,57.67598097890339],[-117.05549799242472,57.702342069212456],[-117.01799447584014,57.77963177415632],[-117.09717679022116,57.7861476829591],[-117.02046719125926,57.852348478282586],[-117.1444925818294,57.93519967919059],[-117.09231879502823,58.03492586996013],[-116.9752592078217,58.05405137417688],[-116.94190270589588,58.079735863933706],[-117.30178932691136,58.079016000063234],[-118.26696109784932,58.0789553569857],[-119.04801900373194,58.07955399428789],[-120.00000003642836,58.079469501796076],[-119.99999976778854,54.587374248578385]]]},"properties":{"FED_NUM":48026,"ED_NAMEE":"Grande Prairie","province_code":"AB"}},
{"type":"Feature","geometry":{"type":"Polygon","coordinates":[[[-110.00560668207092,54.23869012728138],[-110.37766671235653,54.23884196801594],[-110.38939418808413,54.267895306621554],[-110.65522819412506,54.26794718753576],[-110.65521898916363,54.29704789535832],[-110.86104789571503,54.29706010740634],[-111.01868551322387,54.26788408481367],[-111.31581711733831,54.2678281935145],[-111.31625481266828,54.32602090367408],[-111.39115947158804,54.33325232426103],[-111.38943576035686,54.4250141308027],[-111.46680071339462,54.412833065108224],[-111.82905029132607,54.413270280470684],[-111.85212907296048,54.35525479857971],[-111.94787724803028,54.354907524658344],[-111.94968961592977,54.3985995610425],[-111.99694080121564,54.41313700378028],[-111.9993748976095,54.49951049304999],[-112.12282058798759,54.50007266787593],[-112.12283700089108,54.587330291054045],[-112.42514327614353,54.58747081448596],[-112.42529155588893,54.762187926104026],[-112.44614206540831,54.76217982826462],[-112.44587579920552,55.023963087973385],[-112.34448496285535,55.023953294360346],[-112.3449335867466,55.111506553247786],[-112.31175587100591,55.111724996672464],[-112.31353038314619,55.46057316480187],[-112.75109748097807,55.460884283201835],[-112.7257139764692,55.38121543847215],[-112.68425907580843,55.31210138876567],[-112.70642269880301,55.28219040268778],[-112.78812927446491,55.259477953220724],[-112.81930700183047,55.17376924111987],[-112.88939792262804,55.07721014133394],[-112.83593811961165,55.04604158509628],[-112.75849261634292,55.03929169433777],[-112.71594757413442,54.98621586866825],[-112.83546831393936,54.964362565393195],[-112.9038031276401,54.97036729235159],[-112.90388982743825,55.0241073434878],[-113.36130781210392,55.02385935696881],[-113.36108152915759,54.93724948140088],[-113.66560153644579,54.93672669526698],[-113.66447808123384,54.76212409227473],[-113.69157086863635,54.761881802662735],[-113.68552175686554,54.41340850369083],[-113.67532527707701,54.36312249725565],[-113.61292118462272,54.36309149893513],[-113.60045627923756,54.32663019144578],[-113.3005898164397,54.32674658321351],[-113.30047648761067,54.268601515902986],[-113.37531560434932,54.26842667153826],[-113.37498148574157,54.093847814732236],[-113.34743198628705,54.02299869264804],[-113.34768517744018,53.97797257905212],[-112.84373683603859,53.977818315305406],[-112.86105860856212,53.94190187066601],[-112.95138879150247,53.89339740240927],[-112.95102778358294,53.774345393610645],[-112.9263905016495,53.71625709825263],[-112.87722678459144,53.716255509932225],[-112.87762755068381,53.65779328804592],[-112.95113560760288,53.62864925352164],[-112.9513631811112,53.524250649598805],[-112.80393807011,53.513410829834704],[-112.80384619102946,53.541483396522175],[-112.50874126722263,53.54140595733489],[-112.5091528125165,53.45367231694625],[-112.36202121387421,53.45427048583755],[-112.3622949942828,53.425177404661596],[-112.26337091212788,53.42521310726538],[-112.26351408276406,53.396031893049255],[-112.1646421092905,53.39601250076379],[-112.16464211142129,53.36697700050766],[-112.05070380726102,53.366951686388035],[-112.0507323999377,53.30884798926641],[-111.63832690046551,53.30634913843765],[-111.63826536835802,53.23387249726834],[-111.54064083805807,53.233853073896746],[-111.54066049448856,53.19040228996708],[-111.43106006646966,53.190261096802885],[-111.42940762687553,53.147080562623465],[-111.21077196236728,53.146577413121065],[-111.15063090867037,53.10318452545836],[-111.04087650210198,53.08869526176696],[-111.02887126143989,53.060085638035424],[-110.69320455403849,53.059650881702645],[-110.64078202540428,53.0852237870469],[-110.59385624352264,53.07029950681129],[-110.58351305658222,53.032054078804165],[-110.5018834612824,53.04088003595996],[-110.45625695870328,53.00672353583641],[-110.45666259588734,52.958150763590154],[-110.29210791767117,52.90814771057005],[-110.20080661433468,52.908291504802335],[-110.11156111658502,52.86425706682068],[-110.0051626000579,52.85733784557581],[-110.00560668207092,54.23869012728138]]]},"properties":{"FED_NUM":48027,"ED_NAMEE":"Lakeland","province_code":"AB"}},
{"type":"Feature","geometry":{"type":"Polygon","coordinates":[[[-115.02373478771094,53.06231259876844],[-115.01591113707299,52.843549669420995],[-114.58245905637521,52.84391581194967],[-114.53369291398549,52.887368267797164],[-114.14702701673644,52.887880614426905],[-114.06271204615733,52.86524037386135],[-114.05016500214123,52.84343039979209],[-113.54733802646703,52.84336679141515],[-113.48600163173371,52.77861767011541],[-113.48690649489284,52.71923721474058],[-113.39056008412314,52.71183193223057],[-113.38847787509226,52.742485953013755],[-113.27727079165842,52.728888661915754],[-113.22942052709172,52.755572657779226],[-113.08849081292317,52.75580116590905],[-113.05179981424335,52.75605298779783],[-113.05178840863368,52.84340349565461],[-113.12431496471304,52.84342046491244],[-113.12449095970106,52.97417784088394],[-113.10013925653006,52.974094014939816],[-113.09854891378583,53.11972261035205],[-113.17169680948895,53.1197568863364],[-113.18428929255246,53.212603731638715],[-113.17175658054944,53.23594570907132],[-113.04984132266952,53.23565369529794],[-113.04991415590474,53.29417105519936],[-112.99999998157588,53.33768735872363],[-113.049869593442,53.363999426970906],[-113.34430569883993,53.36683990287373],[-113.418040852783,53.3822872584116],[-113.50976394095431,53.39588246783244],[-113.54974544739092,53.337901730130014],[-113.68402048388758,53.338293422223174],[-113.6954198816296,53.35403424844008],[-113.74699028517516,53.37177625669863],[-113.87531358377986,53.34251396931761],[-113.96911458455945,53.34102935486584],[-114.22127267931494,53.35805456473092],[-114.30026551176691,53.3960427543979],[-114.36074041449695,53.407301959999046],[-114.52025412328754,53.30963907073334],[-114.56187315838768,53.31207775955484],[-114.56085686163793,53.250530461417405],[-114.44046441661096,53.145771384068134],[-114.36273066094164,53.135739266907514],[-114.36361300540753,53.06190303044545],[-115.02373478771094,53.06231259876844]]]},"properties":{"FED_NUM":48028,"ED_NAMEE":"Leduc—Wetaskiwin","province_code":"AB"}},
{"type":"Feature","geometry":{"type":"Polygon","coordinates":[[[-113.12105637814301,50.06245199751422],[-113.18813288928455,50.04807919658877],[-113.2767664051563,50.04835260411819],[-113.27677269345993,49.90755791439155],[-113.232646505256,49.90950400717211],[-113.23073188066596,49.84955781426382],[-113.16858192064626,49.789046860763094],[-113.04622412734086,49.771812260438544],[-112.96856151664547,49.72949164267977],[-112.98978082040122,49.71168404300379],[-112.91237298315404,49.60396931139225],[-112.83265050014428,49.565708685592895],[-112.73487778206993,49.53781149317867],[-112.57846966678889,49.53822960297484],[-112.55601708408528,49.567048704783176],[-112.3077169732508,49.56739502421514],[-112.30766790297075,49.61122010283922],[-112.21776395853227,49.611042511112444],[-112.27461093581088,49.661917935707095],[-112.42065079885616,49.698409545632096],[-112.44288367654066,49.71952978728681],[-112.44291680189987,49.864531957681265],[-112.46055032586362,49.877271002149904],[-112.46140348328976,50.07707400142474],[-112.50686049386172,50.077057304877485],[-112.50691491174139,50.13536210566705],[-112.81242311746584,50.135276219472395],[-112.81409080927564,50.07701098937581],[-112.91641829189939,50.06247833432961],[-113.12105637814301,50.06245199751422]]]},"properties":{"FED_NUM":48029,"ED_NAMEE":"Lethbridge","province_code":"AB"}},
{"type":"Feature","geometry":{"type":"Polygon","coordinates":[[[-113.65334154701664,48.99777272322194],[-112.94324747648162,48.99846320912766],[-112.4107531871572,48.99865423116405],[-111.54607776518748,48.996739964205815],[-110.99314952343356,48.997873485131336],[-110.00502263037168,48.99969874172833],[-110.00492818842159,50.339002154054775],[-110.00303586778178,50.834670409871286],[-110.08113620166046,50.79340985349161],[-110.05176281370613,50.751301554770514],[-110.13954990843816,50.719033347356586],[-110.13038058934698,50.67855955194707],[-110.19620230016713,50.63135565088694],[-110.27821510862809,50.61812934082237],[-110.28214751818703,50.70340572855459],[-110.81527844333273,50.70763999681689],[-111.06445770099384,50.70294643278329],[-111.38922398231301,50.703155703521546],[-111.37929410338025,50.57197210494321],[-111.37940527121812,50.22267904186828],[-111.3701818798048,50.13582394170491],[-111.64500879804123,50.13516230406741],[-111.578093009311,50.04272505874274],[-111.58824149825014,49.998257946950325],[-111.65745623565566,49.977313335087985],[-111.69535052514807,49.94605691784968],[-111.67889791263104,49.908055746109305],[-111.63028009425851,49.87305499084253],[-111.6305481514783,49.53024703316249],[-111.76583512328813,49.54551540812171],[-111.83361611960329,49.566904779646464],[-111.96893059647509,49.567473558929635],[-112.08198584507596,49.59664122768117],[-112.18449287639243,49.59650062478283],[-112.21776395853227,49.611042511112444],[-112.30766790297075,49.61122010283922],[-112.3077169732508,49.56739502421514],[-112.55601708408528,49.567048704783176],[-112.57846966678889,49.53822960297484],[-112.73487778206993,49.53781149317867],[-112.83265050014428,49.565708685592895],[-112.87491064919192,49.52571791669431],[-112.93688269576234,49.51794376014793],[-113.01837757548786,49.448415976133376],[-113.02695085387424,49.36376574021944],[-113.11267921974122,49.371506528375825],[-113.22653821400273,49.326584641691255],[-113.27347080575431,49.281347158275736],[-113.26139472215397,49.21421285696097],[-113.36830111128114,49.20237371641089],[-113.64691841448575,49.20406261255318],[-113.64438851615897,49.17747430757595],[-113.71544650266836,49.124370267677214],[-113.69068910715892,49.07257157053124],[-113.65343841599925,49.07248320399327],[-113.65334154701664,48.99777272322194]]]},"properties":{"FED_NUM":48030,"ED_NAMEE":"Medicine Hat—Cardston—Warner","province_code":"AB"}},
{"type":"Feature","geometry":{"type":"Polygon","coordinates":[[[-114.95174007937709,54.12283739363675],[-115.00220720405378,54.15214766245947],[-115.20182104056141,54.15212254639677],[-115.20036581585485,54.06472116012],[-115.33716189849812,54.06393645914099],[-115.33733919754381,53.80278240902353],[-115.48678478773891,53.80304593682107],[-115.48704629248132,53.8189988867341],[-115.78494669509418,53.81883701097404],[-115.78527738443528,53.890235093118285],[-115.87183109385914,53.89063846008648],[-115.84717820671717,53.95047121969568],[-115.86877337695583,53.9777577080979],[-116.23133902317164,53.97697171043471],[-116.22917389965352,53.80307831325585],[-116.13260048086545,53.791605499975944],[-116.1391747160011,53.703926892204805],[-116.16357290807679,53.628367198469995],[-115.98840845795519,53.6289430889148],[-115.96698092593563,53.6133035075332],[-115.96697864198873,53.54138202391341],[-115.91803328201114,53.54106958655568],[-115.91774227364952,53.36673347608391],[-115.61108821351029,53.36657516724402],[-115.61091383163345,53.01913569895732],[-115.59819686364102,53.01868929324023],[-115.59738131104663,52.84343489402471],[-115.5027869067718,52.85829674022399],[-115.28123192975373,52.85890329585267],[-115.14520648672409,52.84315103057602],[-115.17807038895913,52.89558747140757],[-115.22630472476668,52.9133794582022],[-115.19811962159848,52.96541496490456],[-115.22606909612263,53.03318166027695],[-115.19463519058674,53.055016262811016],[-115.02373478771094,53.06231259876844],[-114.36361300540753,53.06190303044545],[-114.36273066094164,53.135739266907514],[-114.44046441661096,53.145771384068134],[-114.56085686163793,53.250530461417405],[-114.56187315838768,53.31207775955484],[-114.52025412328754,53.30963907073334],[-114.36074041449695,53.407301959999046],[-114.30026551176691,53.3960427543979],[-114.22127267931494,53.35805456473092],[-113.96911458455945,53.34102935486584],[-113.87531358377986,53.34251396931761],[-113.74699028517516,53.37177625669863],[-113.6954198816296,53.35403424844008],[-113.6495714167776,53.40341877906881],[-113.68918980293125,53.403155409106475],[-113.68893038662155,53.512238591462236],[-113.71362932412822,53.59237228773635],[-113.83622159355853,53.59956899910479],[-113.83621170396013,53.628954308699186],[-113.91014401109499,53.657639884909095],[-114.12447362133271,53.656951304927446],[-114.12308159060167,53.59929217573064],[-114.24731643498347,53.6138925609155],[-114.68968471455689,53.61382438652648],[-114.75803971260375,53.628185459896756],[-114.81279849102467,53.60600936202105],[-114.81253979113598,53.7163897645057],[-114.91202640386834,53.71515295606682],[-114.97506031352685,53.78816162485623],[-115.0183718175072,53.810235403550045],[-115.01869131372399,54.04973430234986],[-114.95192200731847,54.064526986992135],[-114.95174007937709,54.12283739363675]]]},"properties":{"FED_NUM":48031,"ED_NAMEE":"Parkland","province_code":"AB"}},
{"type":"Feature","geometry":{"type":"Polygon","coordinates":[[[-117.50952096682018,54.58890243380415],[-117.5115724078914,54.04352356330522],[-117.33492893090398,54.02356061338434],[-117.28931530256932,54.00636530713779],[-117.09739712996124,53.97365797822275],[-117.0309364881107,54.003662445608605],[-116.95423880514494,54.01670286643222],[-116.88203509823119,54.000077815277855],[-116.78009671830564,54.03929636646754],[-116.74990985296346,54.10008306715974],[-116.70161438328245,54.06631975581045],[-116.52841772119342,54.06538439751061],[-116.52693355160531,53.977647231445204],[-116.23133902317164,53.97697171043471],[-115.86877337695583,53.9777577080979],[-115.84717820671717,53.95047121969568],[-115.87183109385914,53.89063846008648],[-115.78527738443528,53.890235093118285],[-115.78494669509418,53.81883701097404],[-115.48704629248132,53.8189988867341],[-115.48678478773891,53.80304593682107],[-115.33733919754381,53.80278240902353],[-115.33716189849812,54.06393645914099],[-115.20036581585485,54.06472116012],[-115.20182104056141,54.15212254639677],[-115.00220720405378,54.15214766245947],[-114.95174007937709,54.12283739363675],[-114.82684326194767,54.12296858616762],[-114.82052820505712,54.035247609879725],[-114.7954662089737,53.975510798793955],[-114.7334739122194,53.97703670131082],[-114.72842045953637,53.92548550520435],[-114.48835291799566,53.94930942085768],[-114.4285577417914,53.97748747187549],[-114.34930257038594,53.977741069142425],[-114.29927345212188,53.93391441782047],[-114.28718128090998,53.89028530482747],[-114.15069129073132,53.890308293641674],[-114.14978065795086,53.85386768379087],[-114.05139159702158,53.853985229386296],[-114.0514518134756,53.9267347000425],[-113.97984362949502,53.904903233264825],[-113.8680657194862,53.904814993357036],[-113.80628239825693,53.92004619762536],[-113.78114081103844,53.992806456428895],[-113.57055513060666,54.02157893264384],[-113.34743198628705,54.02299869264804],[-113.37498148574157,54.093847814732236],[-113.37531560434932,54.26842667153826],[-113.30047648761067,54.268601515902986],[-113.3005898164397,54.32674658321351],[-113.60045627923756,54.32663019144578],[-113.61292118462272,54.36309149893513],[-113.67532527707701,54.36312249725565],[-113.68552175686554,54.41340850369083],[-113.69157086863635,54.761881802662735],[-113.66447808123384,54.76212409227473],[-113.66560153644579,54.93672669526698],[-113.36108152915759,54.93724948140088],[-113.36130781210392,55.02385935696881],[-113.51409566626353,55.02397101620991],[-113.54578839740485,55.11015514374712],[-113.54394631532848,55.460770621521625],[-113.57309016556988,55.460779439814715],[-113.57397855262292,55.63552536213062],[-114.31214300903274,55.635597589569116],[-114.30985364127619,55.8101189549128],[-114.93817062132855,55.809464751844615],[-114.93877621474019,56.16097932430924],[-114.94950984870562,56.16036492441543],[-114.94972326628927,56.45910968599642],[-114.08165248646085,56.45662477601065],[-114.07888083097477,56.804360092032226],[-114.95848454641022,56.8078654990401],[-114.9652097176345,56.855835247766045],[-114.97514124673893,57.38059839691299],[-114.00000001043466,57.3813033963835],[-113.99999988715946,58.664427065032385],[-113.92486258069891,58.689274544140254],[-113.7236519615361,58.689123356002135],[-113.72365310468,58.76528063240075],[-114.00001051324197,58.76528765420664],[-114.00008786639869,59.47468703910393],[-115.04396490901557,59.47368636539484],[-115.55566282089603,59.47595586403334],[-115.5529512809315,59.64802339064318],[-115.5692061196511,59.64890141416601],[-115.56716019719624,60.000048336889],[-116.49999997075003,59.99999999843943],[-117.00000001582102,59.999999993565694],[-117.99999999643995,59.99999998902291],[-118.75000001927982,59.99999999553504],[-119.49999998618718,59.99999999267804],[-119.99999998322954,60.00000000016929],[-120.00000003642836,58.079469501796076],[-119.04801900373194,58.07955399428789],[-118.26696109784932,58.0789553569857],[-117.30178932691136,58.079016000063234],[-116.94190270589588,58.079735863933706],[-116.9752592078217,58.05405137417688],[-117.09231879502823,58.03492586996013],[-117.1444925818294,57.93519967919059],[-117.02046719125926,57.852348478282586],[-117.09717679022116,57.7861476829591],[-117.01799447584014,57.77963177415632],[-117.05549799242472,57.702342069212456],[-117.04438660331284,57.67598097890339],[-117.09564768430734,57.624356564359154],[-117.02725491795539,57.59156917732077],[-116.95145018705009,57.591918778040935],[-116.91389547929647,57.56303098079344],[-116.95017158635049,57.5318437787073],[-117.11021132022597,57.519859672105945],[-117.03004151993365,57.47526787938288],[-117.13032098924745,57.34564248710741],[-117.15098469824365,57.29400477589988],[-117.07533161103738,57.28318507597869],[-117.09187081342328,57.16284477347051],[-117.1400154109116,57.13405095712594],[-117.25701080768773,57.12043855968141],[-117.21139527477823,57.058032270137986],[-117.24228681804856,56.89852276268886],[-117.30517601347246,56.85511058062718],[-117.2744795004993,56.8091800698966],[-117.23375501484296,56.69711537017367],[-117.12260218420037,56.648166378380566],[-117.14843690709034,56.59827606803935],[-117.0798659876251,56.576594786604836],[-117.09632710491245,56.481023167308514],[-117.15972389354202,56.40812717055928],[-117.16479759367768,56.37152037488835],[-117.24736551811951,56.33750627737788],[-117.27843668093416,56.2692592624815],[-117.32063585655195,56.24830081108932],[-118.00042560259847,56.247389996245026],[-118.00034378252418,56.16003689493026],[-118.78353979394791,56.159896208502246],[-118.78368149099866,56.130730603743416],[-118.90282503998685,56.13049864573244],[-118.88793120432504,56.09478619883772],[-118.91120241021278,56.04193996345798],[-118.82883818978077,56.02106762254137],[-118.78676532322623,55.94589116120955],[-118.62784111078741,55.922769190050275],[-118.62742487384548,55.89818157509057],[-118.47063029005962,55.897908142216814],[-118.46620072330096,55.723011601279204],[-118.6210747440186,55.72302580693648],[-118.62118458386242,55.46139819095175],[-118.36059096289127,55.46142410735521],[-118.36325048293068,55.52732150883676],[-118.30997825603245,55.52754235629428],[-118.25850515395446,55.562989946025034],[-118.14601585948263,55.5452765321108],[-118.07054414892377,55.549499978413316],[-117.98497522141835,55.581574568539],[-117.94934696823107,55.55716773271525],[-117.82683002293913,55.54933260732772],[-117.70186583434649,55.56339321703844],[-117.71885816224327,55.59875752982817],[-117.64856340705212,55.60856942370778],[-117.56876335846864,55.6702635458559],[-117.57094821803493,55.46153640948382],[-117.53948254090663,55.46162548429399],[-117.53865779446924,55.37493110473533],[-117.36035370840003,55.37458280700672],[-117.36258274903071,55.03053494572349],[-117.50955664966538,55.030541386797225],[-117.50952096682018,54.58890243380415]]]},"properties":{"FED_NUM":48032,"ED_NAMEE":"Peace River—Westlock","province_code":"AB"}},
{"type":"Feature","geometry":{"type":"Polygon","coordinates":[[[-114.58245905637521,52.84391581194967],[-114.58305211476147,52.71265366196586],[-114.65596063526056,52.71299753731716],[-114.6494823815081,52.59515030952098],[-114.50558009567392,52.581409290592326],[-114.46624626297694,52.56660403162345],[-114.4652330947184,52.509065839216404],[-114.52939031062917,52.50866249948625],[-114.52958324958458,52.44932833437808],[-114.45736431376825,52.37744930168054],[-114.4575400781306,52.31912420013582],[-114.43004481506313,52.27525210430174],[-114.429940937027,52.12974476121721],[-114.57187372307605,52.12996797053986],[-114.57267613188935,52.07194382169327],[-114.50152016954917,52.07215889561011],[-114.49380098575396,51.576712497823074],[-114.11888210044246,51.57654680300705],[-114.11887278926847,51.59106320316374],[-113.66162789672568,51.59066419298329],[-113.64255689846279,51.67819051103469],[-113.73572689186624,51.751427864674405],[-113.7132694226802,51.78051585348266],[-113.71349888165531,51.89631399653156],[-113.64257380074511,51.89647199596953],[-113.6426677122417,51.954504002117226],[-113.64745260680782,52.026596804093906],[-113.92318941170227,52.02722529964928],[-113.98046081547498,52.04974349998958],[-113.98705056748703,52.1169953873294],[-113.93354791253462,52.169602478941634],[-113.85104159437937,52.33777394569712],[-113.757183452867,52.35767980956345],[-113.68935429775253,52.335395663484746],[-113.681246681456,52.29743185852547],[-113.63160159426346,52.276399565182004],[-113.45633841787982,52.23516245593934],[-113.27828291036832,52.25000004950846],[-113.21602287319904,52.314528154463474],[-113.09321569775702,52.31762801557814],[-113.07566737914459,52.37597499610956],[-112.93086399131103,52.48841936409208],[-113.00000001668762,52.550304420285826],[-113.07563681048617,52.579451186089656],[-113.14771161294867,52.57926910638039],[-113.14774869932833,52.62273751268615],[-113.0515669291481,52.623426275884924],[-113.05178787207,52.723221745465956],[-113.08849081292317,52.75580116590905],[-113.22942052709172,52.755572657779226],[-113.27727079165842,52.728888661915754],[-113.38847787509226,52.742485953013755],[-113.39056008412314,52.71183193223057],[-113.48690649489284,52.71923721474058],[-113.48600163173371,52.77861767011541],[-113.54733802646703,52.84336679141515],[-114.05016500214123,52.84343039979209],[-114.06271204615733,52.86524037386135],[-114.14702701673644,52.887880614426905],[-114.53369291398549,52.887368267797164],[-114.58245905637521,52.84391581194967]]]},"properties":{"FED_NUM":48033,"ED_NAMEE":"Ponoka—Didsbury","province_code":"AB"}},
{"type":"Feature","geometry":{"type":"Polygon","coordinates":[[[-116.28260412393541,51.3315018452808],[-116.31143488790588,51.38496221348794],[-116.28247020553944,51.40683673376774],[-116.29243030377596,51.46180268589476],[-116.36059709566003,51.47086614609602],[-116.3938292226007,51.50566293858499],[-116.39088604957455,51.545588249265705],[-116.45292502639069,51.560548149078514],[-116.47141114012925,51.60467760016325],[-116.59501567269915,51.66183009517932],[-116.58817830629991,51.71588752402771],[-116.65034888460367,51.75370643614152],[-116.68207610185404,51.81214658119486],[-116.74423247110076,51.8066080181217],[-116.81859819337684,51.73556447467707],[-116.80974116725416,51.70534635097395],[-116.9205679079163,51.70980326932524],[-116.9763605818055,51.760184979407995],[-116.96400220933998,51.79495126368007],[-117.03432087448212,51.85980742681558],[-117.01946494847343,51.89136000070714],[-117.10317598352609,51.95651679782161],[-117.19722361297171,51.98013484143235],[-117.26840791645591,52.05578651483283],[-117.33403622995282,52.14864145867947],[-117.38125574043184,52.13772407850785],[-117.61126381283387,52.14425889947429],[-117.66352952334492,52.197892993250655],[-117.7413463787582,52.202997387996405],[-117.81831749566791,52.22635481473575],[-117.83957806474524,52.27412744681692],[-117.75287839938598,52.316423610670086],[-117.70579503120747,52.3653448754143],[-117.76649799083394,52.417692153455214],[-117.88693304606993,52.42609158648069],[-117.96679241620095,52.46970872789367],[-118.05289905900305,52.44956354190874],[-118.04416878304134,52.398459361399496],[-118.1380460968693,52.40749750642325],[-118.22601544486649,52.38028949074476],[-118.28975577098265,52.33895049822733],[-118.3536473351818,52.366054824135446],[-118.3952439185671,52.33484582762866],[-118.49312467464132,52.31249863306727],[-118.50156617668569,52.281673123697495],[-118.56352160795869,52.25838177745184],[-118.58241469667695,52.19300160406093],[-118.71606235300887,52.16134426093613],[-118.80320419853616,52.177222574914595],[-118.83366979070996,52.1643118984971],[-118.87280812185537,52.07601766918565],[-118.85593896296878,52.04563434956639],[-118.94425761882324,52.02619783764136],[-118.97185248201438,51.97721958776609],[-118.89102988450458,51.95407418469217],[-118.90851928255155,51.92806024092131],[-118.98775403623621,51.931302476927556],[-118.95028877691651,51.849481417740705],[-118.96139264963342,51.81057019892845],[-118.88681284570198,51.77504493455065],[-118.88550715385682,51.73310306734608],[-118.91755168753586,51.70323913622526],[-119.00994132172318,51.68726033271137],[-118.96055967831117,51.60952164889503],[-118.98368790541767,51.54235816094961],[-118.95019426570823,51.507398370484154],[-118.95345387414143,51.46131035485793],[-119.05878826370474,51.39501142691413],[-119.1870489581319,51.35449510072325],[-119.23722320792578,51.268109228947736],[-119.2939944907356,51.24634292714797],[-119.3708816411726,51.255493645167626],[-119.44069469321873,51.22177277645463],[-119.52569883935179,51.10664693265578],[-119.50713150984754,51.06665215046975],[-119.54807206314442,51.011030448714536],[-119.53691840445505,50.9835943467821],[-119.73086306001687,50.983885324851066],[-119.66435129425852,50.92539225895596],[-119.66419384683742,50.86772659069923],[-119.70103281375066,50.835652673972476],[-119.75310230081038,50.83746475823712],[-119.78027690817473,50.76989976232267],[-119.76892542210526,50.72631751461252],[-119.83967006257069,50.674701278266824],[-119.91191640628718,50.646376826616496],[-120.00172958933572,50.649957613550626],[-120.26600859138134,50.6817596131205],[-120.359075951657,50.65062199481206],[-120.33987025544087,50.57495307550957],[-120.34056785898568,50.40188823828661],[-120.3175525841055,50.385735276870186],[-120.09182937672914,50.357835249125436],[-119.78935104597167,50.35786716762252],[-119.64448665191007,50.402107582351896],[-119.58186485203652,50.445701551693034],[-119.52493477467375,50.431032277894104],[-119.36397631712217,50.42613511652117],[-119.36022873986715,50.46037636129254],[-119.29738276493799,50.47135010906474],[-119.23081961488343,50.458549072788735],[-119.17785809446002,50.4271264130044],[-119.01139707830099,50.459608074804635],[-119.00187008517389,50.488386782300196],[-118.57838095778914,50.48788887467786],[-118.58448773923695,50.51426476640715],[-118.48175324016394,50.55686887825025],[-118.48871626637906,50.608106946273416],[-118.4174484488039,50.66630044373911],[-118.43154037171689,50.752233560842825],[-118.45627717593538,50.77248788558928],[-118.43361093975912,50.825789071356596],[-118.3756009255554,50.83199294714727],[-118.29428161423954,50.864402911261884],[-118.24189769910177,50.75519284037605],[-118.20585369165906,50.73892506351979],[-118.20731715227873,50.6902912284265],[-118.12326152850069,50.68122762109236],[-118.01381544315424,50.65312027440846],[-117.99433934043802,50.548101179902936],[-117.977923104403,50.53284598318702],[-117.85697940448891,50.52785843586296],[-117.74067128082999,50.55437607206509],[-117.67110778781732,50.532434217366294],[-117.61585940162765,50.543700003612855],[-117.58200685966756,50.502991844537796],[-117.49973912642585,50.457144869228216],[-117.49435268679069,50.48898889387745],[-117.32119840019872,50.48731823269691],[-117.2438455438804,50.51947093545493],[-117.30679805179336,50.57744720093852],[-117.22978816995942,50.648276886586345],[-117.27369102075026,50.670831902675054],[-117.27585245682693,50.74418703182345],[-117.3928826773967,50.70914395810552],[-117.38199864310985,50.74615228127599],[-117.49018442547518,50.88118646032815],[-117.42611341638654,50.90396618262247],[-117.43824479226976,50.936669503114565],[-117.3978018153372,50.96119556622634],[-117.39019579859175,50.99979620208125],[-117.30431168913114,51.051324047083895],[-117.22434662963555,51.05925718775898],[-117.13788284412287,51.02801323449224],[-117.1552295653934,50.97584782717095],[-117.03310904908662,50.95809191830711],[-117.06896026836752,50.92014922560831],[-117.08360744551779,50.865564719561476],[-117.03811286052596,50.81500363531349],[-116.96425748118244,50.81029057780231],[-116.92144757779458,50.773584916220045],[-116.83701073886967,50.761453025239526],[-116.80956065369676,50.72658601602617],[-116.74535170313757,50.7712956897685],[-116.76398757191299,50.847311384076875],[-116.73346219408354,50.87637915589005],[-116.6287266050881,50.920674279993094],[-116.44436274062885,50.949822268549475],[-116.31832348080013,50.949077483568665],[-116.41847237086914,51.036586404884],[-116.33978378657687,51.064353326555555],[-116.26216188010685,51.12655223946145],[-116.2975415333225,51.17996773105384],[-116.26336505937678,51.221798935594066],[-116.29657160518897,51.26169388109587],[-116.28260412393541,51.3315018452808]]]},"properties":{"FED_NUM":59014,"ED_NAMEE":"Kamloops—Shuswap—Central Rockies","province_code":"BC"}},
{"type":"Feature","geometry":{"type":"Polygon","coordinates":[[[-123.72950828234914,50.84286088186525],[-123.71987186847726,50.801255133999916],[-123.5628166796888,50.79754875785254],[-123.50280303418309,50.779854179314796],[-123.43907265356717,50.796549419157614],[-123.32132706292495,50.73135546762747],[-123.23580113211574,50.72296031365202],[-123.16370945355041,50.63470040238876],[-123.08147489053924,50.593997352588424],[-123.01880956950401,50.60111020998832],[-122.9567614931857,50.54872769059998],[-122.9279393429356,50.60117820234167],[-122.83283343294964,50.64619965091395],[-122.72900999799595,50.65609696891603],[-122.629237405211,50.6528070649054],[-122.60986272699498,50.59979243951726],[-122.50414790777147,50.566508146167635],[-122.46677707948537,50.59104845708173],[-122.41885282534214,50.55264160661601],[-122.33776736440065,50.52056794107769],[-122.2873003349997,50.47542888033389],[-122.30444443707525,50.430923601734285],[-122.39654677220128,50.41112056318794],[-122.48543520544895,50.44346352839032],[-122.5251882160589,50.414800042349434],[-122.4387509717961,50.33534754888943],[-122.36638152145213,50.31155548994437],[-122.35346504232027,50.23099222525135],[-122.27495590293003,50.22442455889002],[-122.316251163552,50.187120217089365],[-122.25844006319268,50.123444310994756],[-122.22991522865203,50.11051207063736],[-122.1163673211526,50.10731173071733],[-122.07006993723614,50.12637013321372],[-122.02363127005263,50.08584047247049],[-121.95939241937985,50.08469144798791],[-121.89580230551171,50.04964998809114],[-121.84939080300485,50.075296356653574],[-121.71457896512861,50.086208172102495],[-121.60975134458279,50.04188198198376],[-121.56497913493575,50.052227737484564],[-121.31532813930747,50.05246633530968],[-121.26916391398845,49.96225564853964],[-121.32425906778238,49.89942365793105],[-121.28603511097533,49.872263104056486],[-121.22015741929805,49.89448188589197],[-121.1642615399813,49.88125809583923],[-121.12435089450449,49.825640673264296],[-121.18022668032393,49.82187052830832],[-121.21182554628793,49.77926963687995],[-121.18570331991756,49.7266058056452],[-121.12568326393858,49.68044775960328],[-121.17078915662887,49.648364580540566],[-121.15583339068341,49.61715655129361],[-121.0188239427839,49.63699736097885],[-120.96240832746015,49.67347949690803],[-120.94845229851403,49.76058055390585],[-120.77179116853851,49.76339109674993],[-120.75988518888958,49.74972609409011],[-120.60433288796686,49.74957950774427],[-120.60376780027914,49.770770501967625],[-120.48571062269046,49.772231345064384],[-120.38863736992505,49.84911137812682],[-120.39014537155599,49.873890744282726],[-120.33005879886791,49.91201160871088],[-120.21338723793609,49.860527563946],[-120.13017159292055,49.84582654421365],[-120.05479757827868,49.855706224310914],[-120.0295267914982,49.9118901177448],[-119.95093868118933,49.92023997941811],[-119.89308444723203,49.96388176810467],[-119.83228512994357,49.98051641397132],[-119.75979846292367,50.05622062768087],[-119.77720625831452,50.11997288008322],[-119.8131234692605,50.17685236278416],[-119.76816593698439,50.21653859314209],[-119.75185425304848,50.25954996791131],[-119.69806757623947,50.28505494432115],[-119.63348270884107,50.3762756229556],[-119.64448665191007,50.402107582351896],[-119.78935104597167,50.35786716762252],[-120.09182937672914,50.357835249125436],[-120.3175525841055,50.385735276870186],[-120.34056785898568,50.40188823828661],[-120.33987025544087,50.57495307550957],[-120.359075951657,50.65062199481206],[-120.26600859138134,50.6817596131205],[-120.00172958933572,50.649957613550626],[-119.91191640628718,50.646376826616496],[-119.83967006257069,50.674701278266824],[-119.76892542210526,50.72631751461252],[-119.78027690817473,50.76989976232267],[-119.75310230081038,50.83746475823712],[-119.70103281375066,50.835652673972476],[-119.66419384683742,50.86772659069923],[-119.66435129425852,50.92539225895596],[-119.73086306001687,50.983885324851066],[-119.53691840445505,50.9835943467821],[-119.54807206314442,51.011030448714536],[-119.50713150984754,51.06665215046975],[-119.52569883935179,51.10664693265578],[-119.44069469321873,51.22177277645463],[-119.3708816411726,51.255493645167626],[-119.2939944907356,51.24634292714797],[-119.23722320792578,51.268109228947736],[-119.1870489581319,51.35449510072325],[-119.05878826370474,51.39501142691413],[-118.95345387414143,51.46131035485793],[-118.95019426570823,51.507398370484154],[-118.98368790541767,51.54235816094961],[-118.96055967831117,51.60952164889503],[-119.00994132172318,51.68726033271137],[-118.91755168753586,51.70323913622526],[-118.88550715385682,51.73310306734608],[-118.88681284570198,51.77504493455065],[-118.96139264963342,51.81057019892845],[-118.95028877691651,51.849481417740705],[-118.98775403623621,51.931302476927556],[-118.90851928255155,51.92806024092131],[-118.89102988450458,51.95407418469217],[-118.97185248201438,51.97721958776609],[-118.94425761882324,52.02619783764136],[-118.85593896296878,52.04563434956639],[-118.87280812185537,52.07601766918565],[-118.83366979070996,52.1643118984971],[-118.80320419853616,52.177222574914595],[-118.84719132366854,52.20679912884947],[-118.88212374818632,52.26408955858274],[-118.78802059778067,52.30529402718739],[-118.86844898706421,52.34430522588184],[-118.92637720379145,52.35359799917991],[-118.94793457668877,52.391212691495674],[-118.92426376533557,52.46315671738949],[-118.88632215435287,52.474154783017966],[-118.92755699142707,52.56878594176457],[-119.03363497457815,52.594508238208654],[-119.05608806683745,52.63329783147024],[-119.1925675003199,52.63689036853637],[-119.53111838977574,52.6315415763935],[-119.61606006916412,52.68913509623681],[-119.67748339298413,52.69561343355316],[-119.76832698744933,52.66029139056466],[-120.02474603536542,52.75757772907614],[-120.0614291733631,52.824294295805046],[-120.14254549439086,52.8767407766931],[-120.31292257408793,52.858713186070474],[-120.29369414929793,52.7256044057619],[-120.23527869557965,52.63471393274585],[-120.29367798390498,52.607626544726415],[-120.36301267232389,52.528142096603794],[-120.4076778179467,52.534483468408645],[-120.50940186011255,52.49474459353272],[-120.54215054909523,52.46611649575533],[-120.45922038849726,52.42124218420767],[-120.52109016274528,52.379753086159006],[-120.53485097349513,52.32940096325427],[-120.38695603520728,52.17854878922999],[-120.34744252903579,52.155816630039915],[-120.29367224148531,52.08261658808845],[-120.3057945820316,52.01291250809951],[-120.33001152663593,51.99507467775664],[-120.2502757088437,51.94025309458939],[-120.27316147090346,51.89260567772064],[-120.22396288941346,51.866594247974625],[-120.22664968764184,51.82542980680906],[-120.31952507458452,51.81991255364003],[-120.33852336049968,51.73297492036373],[-120.39127080532737,51.704008974539995],[-120.50363374659975,51.696662181916935],[-120.56042770474589,51.66125883472319],[-120.5607288118665,51.434617912530236],[-120.83346702980053,51.435158629802466],[-120.94832872057192,51.44510219150418],[-121.0017202573667,51.42906007879773],[-121.13384203317229,51.43962972152224],[-121.28223123058734,51.3767923656527],[-121.42064190445298,51.37755958900645],[-121.42616168787305,51.43670319979219],[-121.52514210501123,51.451053302487466],[-121.52662721583958,51.54772400010041],[-121.63108047730731,51.564048310121386],[-121.88589267595661,51.566133126989016],[-121.88572777364534,51.517846553805775],[-122.28226997701627,51.51589935437085],[-122.33078893409927,51.52413825369052],[-122.42758823563686,51.50985906177379],[-122.4691938462982,51.482118361765565],[-122.5597113242039,51.485122840881665],[-122.55938225957767,51.43544439198539],[-122.624119951153,51.417211467129526],[-122.61341879613397,51.37255389865002],[-122.674883307306,51.274371492384574],[-122.630858898937,51.24876105652361],[-122.57133957067346,51.24758790039966],[-122.53027091901274,51.20918626382593],[-122.58977054870194,51.17662568851716],[-122.57939323298864,51.103407042146735],[-122.62596318162218,51.079948300220465],[-122.67518651543215,51.09865077376788],[-122.74303417989832,51.15911070605067],[-122.8225196919308,51.1447860875281],[-122.90525868681144,51.18390183237126],[-123.03315860608113,51.20065094174283],[-123.0503195907154,51.14979490733701],[-123.14672119896264,51.122734880185156],[-123.18232472971825,51.07226538290981],[-123.23510394644244,51.05808844792815],[-123.24344186612225,51.000393903055986],[-123.45174819283133,50.980804062070476],[-123.66218832374231,50.88037910925003],[-123.75821747490329,50.883463993070144],[-123.72950828234914,50.84286088186525]]]},"properties":{"FED_NUM":59015,"ED_NAMEE":"Kamloops—Thompson—Nicola","province_code":"BC"}},
{"type":"Feature","geometry":{"type":"Polygon","coordinates":[[[-118.51021317089777,49.81255700649985],[-119.0556807515732,49.81232225536016],[-119.15434591352945,49.8678703040735],[-119.32000097394814,49.862456184494874],[-119.33126149345587,49.91808343008386],[-119.37076198188831,49.92357286293821],[-119.39603131503922,50.00445556308545],[-119.46289518659299,50.00436034276416],[-119.51163807344322,49.879501072285755],[-119.45902434739848,49.84907856837389],[-119.39403560507631,49.87203685747189],[-119.35702481274892,49.8414191512022],[-119.24211194435878,49.83555248713291],[-119.16111586836244,49.771635970051186],[-119.27182000723032,49.730213982913426],[-119.37590573758658,49.67903282753317],[-119.32178017399619,49.530460336673265],[-119.30207491895631,49.52174946459298],[-119.30035751782964,49.38570747316102],[-119.23639360695698,49.34141023274578],[-118.71594698548041,49.37683946650736],[-118.70176053720436,49.49089660162312],[-118.62009698147523,49.562671380814336],[-118.57887115627543,49.63317458560594],[-118.56869155104,49.704220837007554],[-118.50541555405603,49.73923210694372],[-118.51021317089777,49.81255700649985]]]},"properties":{"FED_NUM":59016,"ED_NAMEE":"Kelowna","province_code":"BC"}},
{"type":"Feature","geometry":{"type":"Polygon","coordinates":[[[-122.81201860429164,49.219571253793475],[-122.79758172903786,49.20107499191257],[-122.67803552056263,49.166802421482],[-122.67883289682926,49.1482414221644],[-122.67968071649727,49.11393040497897],[-122.63750798659986,49.08951425429882],[-122.49268639258555,49.05957489738708],[-122.46022957447306,49.08900624650851],[-122.46147846461119,49.171327063897586],[-122.51724278406631,49.16722400619551],[-122.60239048773683,49.20890919890846],[-122.66485009974707,49.19628900906559],[-122.75139305338135,49.215771737706135],[-122.80472516951855,49.21933914994914],[-122.81201860429164,49.219571253793475]]]},"properties":{"FED_NUM":59017,"ED_NAMEE":"Langley Township—Fraser Heights","province_code":"BC"}},
{"type":"Feature","geometry":{"type":"Polygon","coordinates":[[[-122.46022957447306,49.08900624650851],[-122.38147253437037,49.05798480012923],[-122.27643088265052,49.05755280960615],[-122.26501844935429,49.002323939274255],[-122.11677438352747,49.002233769864326],[-122.0943297955997,49.016595300490735],[-122.08012302770221,49.10602546435463],[-122.0993226090175,49.13956159194523],[-121.93444829752133,49.22462660932274],[-121.86441419933503,49.22083411864515],[-121.78679130597688,49.24423940298933],[-121.76602979441445,49.280437855305145],[-121.76523760840274,49.3593683014632],[-121.64580956645868,49.45230784257112],[-121.61873993872466,49.501747689075884],[-121.57219096185187,49.48649747006133],[-121.55049270120787,49.602038452290806],[-121.61829481074648,49.623223721896224],[-121.67140074404647,49.61604953395897],[-121.70250998193522,49.66799300525723],[-121.6843543458539,49.69042224846626],[-121.71022619934428,49.74557651362532],[-121.71268605267095,49.82363384307297],[-121.73153456495434,49.85018572010382],[-121.79332897266505,49.84092617297898],[-121.85806001725817,49.88038748178801],[-121.97259681070747,49.849797881257054],[-122.03925626179924,49.817055341321726],[-122.10469559550431,49.84843215960808],[-122.16364634622396,49.909392906916615],[-122.2079151726632,49.91223982713622],[-122.27129206828613,49.96310098346082],[-122.24938746514115,49.979693512982564],[-122.27469184155396,50.084055485819164],[-122.22991522865203,50.11051207063736],[-122.25844006319268,50.123444310994756],[-122.63822520979986,50.12326298689041],[-122.73396217426442,50.15129607826651],[-122.78828729791071,50.13113766560428],[-122.80205902476588,50.05519768483283],[-122.76478426081292,50.023270225285806],[-122.67945282743295,50.022644735688395],[-122.68030383524166,49.98123415041528],[-122.76779367231725,49.93271025425938],[-122.74656861137156,49.891422155194924],[-122.60846878005002,49.861019682267724],[-122.63877177958597,49.77528612765424],[-122.48490052307962,49.777785643618714],[-122.43186680018384,49.73370049524391],[-122.47508162763329,49.69450259293828],[-122.44575898662418,49.63599261778542],[-122.29679954639279,49.66329268960109],[-122.29274004837353,49.61081706692223],[-122.2368065881062,49.58650897971178],[-122.10297460489208,49.608961443048564],[-122.0717390137276,49.58120280965254],[-122.08048220483532,49.5422217808162],[-122.13102984070224,49.512641043707234],[-122.14608514899733,49.45611556608438],[-122.21915123347821,49.45930806171085],[-122.28312079765742,49.41605301007995],[-122.29835243356803,49.31271066980332],[-122.27313729136564,49.28311249200438],[-122.26927190848215,49.18660031190946],[-122.33801781496803,49.176684297443025],[-122.34021352737919,49.127625884461985],[-122.46147846461119,49.171327063897586],[-122.46022957447306,49.08900624650851]]]},"properties":{"FED_NUM":59018,"ED_NAMEE":"Mission—Matsqui—Abbotsford","province_code":"BC"}},
{"type":"Feature","geometry":{"type":"Polygon","coordinates":[[[-124.04004447082157,49.36500137852771],[-124.06461098890135,49.234638821453295],[-124.08195893251728,49.199205874240874],[-124.17769266961754,49.20038404359392],[-124.24590975585207,49.226328201183605],[-124.52524005759663,49.24114590396012],[-124.60533827494785,49.28406883819048],[-124.64315523048377,49.2720367949314],[-124.69294877087702,49.20547395276935],[-124.68829218001453,49.17155627951587],[-124.59046684505262,49.15966509430169],[-124.58255508490156,49.14005755525203],[-124.52821518924425,49.124178777384834],[-124.52723887942531,49.08013248985901],[-124.4792293129561,49.021481806360306],[-124.41809018443765,49.025613547611314],[-124.38493180811598,48.98205762360006],[-124.19599272060063,48.95835352450408],[-124.1496645890228,48.939545507213765],[-124.0552795973796,48.95308442457324],[-123.96815479961279,48.92018645382002],[-123.8012205149269,48.91020679835038],[-123.78332598690119,48.93628634550303],[-123.68766108380574,48.93559611554364],[-123.7346240355431,48.98598616030339],[-123.7404266022986,49.057053666215815],[-123.64489937711865,49.02842083796223],[-123.60652788726446,48.99993013395448],[-123.56840098944238,49.01825724689618],[-123.35712180300482,49.00278449737472],[-123.46822061147886,49.18358161488119],[-123.51131601254896,49.22297532996361],[-123.6935009664687,49.30083440331169],[-123.91732414784867,49.34983233489642],[-124.04004447082157,49.36500137852771]]]},"properties":{"FED_NUM":59019,"ED_NAMEE":"Nanaimo—Ladysmith","province_code":"BC"}},
{"type":"Feature","geometry":{"type":"Polygon","coordinates":[[[-122.95690884107361,49.17517188110418],[-122.91219619899155,49.194062607966494],[-122.8759438526373,49.22020822660603],[-122.89275581779945,49.24901446521311],[-122.93788650049189,49.213447406610015],[-122.95742637302172,49.190120828424874],[-122.95690884107361,49.17517188110418]]]},"properties":{"FED_NUM":59020,"ED_NAMEE":"New Westminster—Burnaby—Maillardville","province_code":"BC"}},
{"type":"Feature","geometry":{"type":"Polygon","coordinates":[[[-125.57529156166594,51.9133632211428],[-125.61162566020718,51.90325500412399],[-125.67857356867961,51.94317143658858],[-125.72082804693662,52.008499986792486],[-125.77758605017947,52.00053340835614],[-127.92672808757823,51.99734812774897],[-127.95128738483768,51.7931596319525],[-127.92314775563781,51.67570835221959],[-127.84404412862794,51.50861701327346],[-127.84173420428769,51.383378559987406],[-127.91214400285686,51.20020186352608],[-127.99375253351612,51.080902267926604],[-129.08438376884843,50.965575131789194],[-129.11150973078452,50.90603897419725],[-129.11948600227876,50.81276166450039],[-129.07631086365595,50.7069624437828],[-129.03067035766648,50.655555336459905],[-128.87043408868308,50.51685046236015],[-128.57052672103336,50.275088214408676],[-128.42402854105953,50.20414574114502],[-128.18440180030976,50.10435551739818],[-127.98468522755141,49.99653123828733],[-127.70477436438365,49.69929035092503],[-127.45207438672563,49.55262008214044],[-127.29490352167367,49.513784296179864],[-126.99999999626436,49.52127227728307],[-126.61445839254175,49.54044589149925],[-126.50653597223193,49.54037662731655],[-126.43442922041349,49.5780636499628],[-126.38318690132175,49.56072532310192],[-126.3182174948187,49.60423480775017],[-126.24906143520602,49.55499628907298],[-125.96969334073714,49.584883652639874],[-125.88860721155233,49.546963115254925],[-125.78460620813637,49.539842069659436],[-125.75613022294101,49.5136946742114],[-125.63462351442486,49.51140319096359],[-125.49981186609865,49.478169081105634],[-125.46881735577004,49.528216967373446],[-125.37957398919824,49.547902581192],[-125.42652104146822,49.642665619162116],[-125.23395370755809,49.491032565031055],[-125.16661514908431,49.491715201790626],[-125.11752693325793,49.53219056672388],[-125.11004054992071,49.607712070762084],[-125.08877811747448,49.65524092008883],[-125.00963497955678,49.65136609625679],[-124.95523506118177,49.66483896790285],[-124.8272406192829,49.65306468974697],[-124.69466622933034,49.66599558885779],[-124.53037124621949,49.57496983627328],[-124.50074458994473,49.550323818739905],[-124.3626704621791,49.55027081276861],[-124.19543688180505,49.510130656416976],[-124.12155227061764,49.43883406783],[-124.04508303532282,49.438569976629836],[-124.0921995632835,49.55614995706051],[-124.13084911212376,49.59087893069483],[-124.25404963072289,49.659737662913],[-124.29192444011794,49.70153502516936],[-124.22054029404727,49.75726075636695],[-124.13707794608037,49.769426904005634],[-124.03499284137072,49.80547225808444],[-124.06294401064478,49.93324614731156],[-124.06756337849536,50.00061694202707],[-124.11330328531939,50.01751367217875],[-124.15078475323233,50.06102401584369],[-124.13689850258088,50.13552882879229],[-124.06938167590968,50.15055123550283],[-124.09214443803837,50.19370513116417],[-124.15425568118941,50.21909803529017],[-124.16901059304772,50.270015710153714],[-124.15953725579567,50.3333862939723],[-124.07580248479155,50.366423396916396],[-124.04116804298978,50.34638465357555],[-123.96249865296882,50.33936374393593],[-123.90996346225221,50.359413614152125],[-123.9514644891711,50.42190663400568],[-123.93649544510956,50.45143023825996],[-123.99640049791391,50.4738825894396],[-123.9828127033292,50.513962292456846],[-123.92512505181321,50.53146074764201],[-123.7441240553898,50.538054926145996],[-123.76124948117186,50.63385591800099],[-123.72801124985527,50.694583790588204],[-123.86728277894295,50.747763615294566],[-123.80119101862066,50.797181975854805],[-123.79530284087608,50.83368093868958],[-123.72950828234914,50.84286088186525],[-123.75821747490329,50.883463993070144],[-123.8818756526267,50.948600855398944],[-123.93665514805124,50.93618494681848],[-123.99579815672354,50.962711443558135],[-124.05994498581435,50.95889205762196],[-124.08714760676379,51.00969932453509],[-124.15520402436066,51.03663267081162],[-124.18532611043517,51.13529324221455],[-124.24527098416743,51.14852771826444],[-124.35088365988184,51.14692466901692],[-124.40248995359148,51.18811504599981],[-124.43378308315987,51.1483991116306],[-124.58082605390966,51.18108498831778],[-124.7620315346996,51.23822384430339],[-124.79976342171621,51.30542416055857],[-124.88787485614021,51.330391896865684],[-124.96529312931659,51.32825053128138],[-125.00900702949687,51.34971769714991],[-125.1311858844943,51.364069328664186],[-125.17711158357423,51.398579939893786],[-125.25100434592373,51.39374065517908],[-125.33856416051238,51.409054681545236],[-125.32693638093642,51.45364512177674],[-125.2895631851739,51.47560035327864],[-125.23789230389855,51.57206873586383],[-125.2920231577417,51.60933051377933],[-125.23288209994816,51.640487319024984],[-125.25471455780963,51.76508066606717],[-125.379455619662,51.78932753871767],[-125.427812474977,51.84179553420562],[-125.50132089856976,51.878415624297205],[-125.48747494152124,51.91582048367286],[-125.57529156166594,51.9133632211428]]]},"properties":{"FED_NUM":59021,"ED_NAMEE":"North Island—Powell River","province_code":"BC"}},
{"type":"Feature","geometry":{"type":"Polygon","coordinates":[[[-122.92479791699101,49.553987413174944],[-123.10230746179495,49.547783573331365],[-123.10660419641025,49.44902381428611],[-123.12380625642453,49.40619926925938],[-123.11804900613697,49.33261007753151],[-123.13838718386047,49.31571756139259],[-123.10247183809376,49.297782380887845],[-123.03873484772093,49.295454252126085],[-123.03509929959239,49.407633015659066],[-122.86933767464986,49.41380853058609],[-122.85956868548331,49.43683662747054],[-122.92479791699101,49.553987413174944]]]},"properties":{"FED_NUM":59022,"ED_NAMEE":"North Vancouver—Capilano","province_code":"BC"}},
{"type":"Feature","geometry":{"type":"Polygon","coordinates":[[[-120.05479757827868,49.855706224310914],[-119.9670072974432,49.81220896086459],[-119.97948820100329,49.77320249522865],[-119.97519402463897,49.667632594835716],[-120.03024758549101,49.67024823049057],[-120.09922463326428,49.64614119686901],[-120.03160981115857,49.594839701670224],[-120.03328156805512,49.52151541210889],[-119.94961917247295,49.528885174807],[-119.90013561542698,49.47170425416928],[-119.73894673611258,49.47147061288017],[-119.77731728238574,49.51491202127751],[-119.7532285150529,49.58358153675798],[-119.68287621615626,49.561460956820355],[-119.60349335707785,49.5555765508949],[-119.64250809019993,49.63344761619808],[-119.73819690990275,49.72001430979246],[-119.71955191142303,49.76524900324439],[-119.55662402031761,49.760186026119136],[-119.4858974774586,49.74639297553832],[-119.4270334807902,49.6753879926475],[-119.37590573758658,49.67903282753317],[-119.27182000723032,49.730213982913426],[-119.16111586836244,49.771635970051186],[-119.24211194435878,49.83555248713291],[-119.35702481274892,49.8414191512022],[-119.39403560507631,49.87203685747189],[-119.45902434739848,49.84907856837389],[-119.51163807344322,49.879501072285755],[-119.46289518659299,50.00436034276416],[-119.52270221061876,50.03775077260582],[-119.75979846292367,50.05622062768087],[-119.83228512994357,49.98051641397132],[-119.89308444723203,49.96388176810467],[-119.95093868118933,49.92023997941811],[-120.0295267914982,49.9118901177448],[-120.05479757827868,49.855706224310914]]]},"properties":{"FED_NUM":59023,"ED_NAMEE":"Okanagan Lake West—South Kelowna","province_code":"BC"}},
{"type":"Feature","geometry":{"type":"Polygon","coordinates":[[[-122.81608574841674,49.57235386349245],[-122.7000867996952,49.573554544575465],[-122.65542317466364,49.53964890094526],[-122.6081437857645,49.54170208233767],[-122.58168921049305,49.490577990424136],[-122.52811139362849,49.45786851568297],[-122.59110291255003,49.35860789750903],[-122.67522880470864,49.31702631173115],[-122.75139305338135,49.215771737706135],[-122.66485009974707,49.19628900906559],[-122.60239048773683,49.20890919890846],[-122.51724278406631,49.16722400619551],[-122.46147846461119,49.171327063897586],[-122.34021352737919,49.127625884461985],[-122.33801781496803,49.176684297443025],[-122.26927190848215,49.18660031190946],[-122.27313729136564,49.28311249200438],[-122.29835243356803,49.31271066980332],[-122.28312079765742,49.41605301007995],[-122.21915123347821,49.45930806171085],[-122.14608514899733,49.45611556608438],[-122.13102984070224,49.512641043707234],[-122.08048220483532,49.5422217808162],[-122.0717390137276,49.58120280965254],[-122.10297460489208,49.608961443048564],[-122.2368065881062,49.58650897971178],[-122.29274004837353,49.61081706692223],[-122.29679954639279,49.66329268960109],[-122.44575898662418,49.63599261778542],[-122.47508162763329,49.69450259293828],[-122.43186680018384,49.73370049524391],[-122.48490052307962,49.777785643618714],[-122.63877177958597,49.77528612765424],[-122.60846878005002,49.861019682267724],[-122.74656861137156,49.891422155194924],[-122.76779367231725,49.93271025425938],[-122.85061799626571,49.91861036258085],[-122.89656566974936,49.89481837348503],[-122.96201255239238,49.90257664725376],[-122.98524343300967,49.85747455604227],[-122.88991258344001,49.80195424123606],[-122.8553108326616,49.74346152496793],[-122.8142039915529,49.71124393957505],[-122.85242732927583,49.671508645880905],[-122.81136175933952,49.61923292767627],[-122.81608574841674,49.57235386349245]]]},"properties":{"FED_NUM":59024,"ED_NAMEE":"Pitt Meadows—Maple Ridge","province_code":"BC"}},
{"type":"Feature","geometry":{"type":"Polygon","coordinates":[[[-122.87840431340302,49.381880186897334],[-122.94566513507864,49.29716873718676],[-122.89326752650231,49.26622029202853],[-122.89275581779945,49.24901446521311],[-122.8759438526373,49.22020822660603],[-122.81201860429164,49.219571253793475],[-122.80472516951855,49.21933914994914],[-122.80205970072159,49.295975205462874],[-122.77564511713577,49.35122497092555],[-122.82340615157368,49.35162517438944],[-122.87840431340302,49.381880186897334]]]},"properties":{"FED_NUM":59025,"ED_NAMEE":"Port Moody—Coquitlam","province_code":"BC"}},
{"type":"Feature","geometry":{"type":"Polygon","coordinates":[[[-127.72500008774587,60.00002215012345],[-127.72860753660228,59.89570745245874],[-127.66063564693576,59.85503454519777],[-127.76918761410914,59.82823856708916],[-127.80272594142244,59.785446060663524],[-127.79785007139817,59.6951322079006],[-127.72766554342155,59.629975213230146],[-127.59267264941367,59.59704074982722],[-127.53267728460456,59.534416931412885],[-127.49398869233785,59.53008095772981],[-127.34264568959883,59.37866314229201],[-127.27970592304145,59.282168797269314],[-127.22739097444234,59.242196257578556],[-127.17093650941905,59.1401972268464],[-127.11320357873836,59.12046249326936],[-127.02763400741516,59.13295183476855],[-126.97214828278015,59.10299484912395],[-126.97856134837386,59.04981120302038],[-126.9434632959027,58.97177157538337],[-127.05941939565632,58.85060176809486],[-127.0213849254226,58.806628821762644],[-126.94867705604959,58.80897347396406],[-126.83439598824572,58.72210944581594],[-126.90668012921434,58.661166454461004],[-126.74386777760152,58.667261445074324],[-126.60559181916673,58.58515322388006],[-126.48676978381656,58.605044583075454],[-126.30289601714831,58.59835136871178],[-126.28482571545626,58.54931885066194],[-126.2075936221803,58.49342354983326],[-126.07055007571049,58.44941680309335],[-126.0600971204474,58.42048420714274],[-125.93089005764357,58.395287849121175],[-125.85745432967734,58.4126574428304],[-125.82296812389761,58.36940409508195],[-125.71739303146832,58.307275908899754],[-125.551842692819,58.31955345261624],[-125.48049818883524,58.308653137441794],[-125.43934674464143,58.341134539738185],[-125.32853319011902,58.27777076094168],[-125.28862133809412,58.30289376820118],[-125.20129913933508,58.23926415908434],[-124.95186697741116,58.230835516422886],[-124.92626696078914,58.253214110298444],[-124.82970496373913,58.207061364016006],[-124.88395537530296,58.16431677605299],[-124.86096492518999,58.124890386596746],[-124.91906686116565,58.073971548630574],[-124.98234871716555,57.98142477462115],[-125.09470079818072,58.019101980814234],[-125.20390712165884,58.022356292653654],[-125.25083079397784,58.00541789281839],[-125.4510323631316,57.9715627014063],[-125.48897578289308,57.94119150561587],[-125.59382799487831,57.91425245590262],[-125.65344340332031,57.92222100443363],[-125.69960128177411,57.868270137638774],[-125.74735831650453,57.86554872756951],[-125.79735616036393,57.96604646765125],[-125.91639514807454,57.9806826955635],[-126.04409116648822,57.96693863179469],[-126.07794258643199,57.91366828290671],[-126.18290926209492,57.94455961757676],[-126.22874815912749,57.93374019867219],[-126.26871181242385,57.85570431109696],[-126.31593371748461,57.86191574706094],[-126.38525079443244,57.92619212482132],[-126.60412412325732,57.960207413308716],[-126.70305576113401,58.02710422002701],[-126.9509398040247,57.98944676072472],[-126.97059238666232,57.93311986034088],[-126.88795656467421,57.86731939438125],[-126.86915363009433,57.785327601417215],[-126.95909120290044,57.79708139810007],[-126.98126723759275,57.76080983136597],[-126.91819229356237,57.69872076484317],[-126.8525134621339,57.68816644837666],[-126.8701302296841,57.64011713170455],[-126.79613810572357,57.56586074193656],[-126.98797135294816,57.52995722313333],[-127.05704518574962,57.50727249946099],[-127.1501462734217,57.53589891160302],[-127.18140489294298,57.597660680795784],[-127.27191057780881,57.60318716870185],[-127.34188682545269,57.54904730192253],[-127.30290313290186,57.44667194307134],[-127.37426531915769,57.41819428059876],[-127.48027220143014,57.33569304158129],[-127.49123615890281,57.303443076349865],[-127.46726998070551,57.21003140661284],[-127.5215361126093,57.17068136985821],[-127.69695564027244,57.14090119441488],[-127.73034937549623,57.10996592041438],[-127.73286907871753,57.019632087964006],[-127.67709542173283,56.976777662996874],[-127.56117430689234,56.97717457998434],[-127.5447878981244,56.93135470028775],[-127.60380666995508,56.888779575525085],[-127.60335234314127,56.833985184825515],[-127.52331490084097,56.77304956589332],[-127.53273830708575,56.74067010627068],[-127.41585663280448,56.676814718754635],[-127.22228546377113,56.74590304137717],[-127.1288636813378,56.62639718324216],[-127.10107534159349,56.61353576156343],[-126.99288282207384,56.632224676136154],[-126.90227497184394,56.69247664423593],[-126.81148711071687,56.68032254114871],[-126.71722302855083,56.76634251590419],[-126.67483776965263,56.771759211214366],[-126.48831323541312,56.66469420971162],[-126.4176703836174,56.65477854412565],[-126.33150951256529,56.6773695338588],[-126.23126880821562,56.64730084259066],[-126.14302735297834,56.57667750455579],[-126.14192543268359,56.529500951938864],[-126.19308306150411,56.481046651517346],[-126.10187289898448,56.42543834122201],[-126.10036232692715,56.39261806088012],[-126.19583645209975,56.3503554220916],[-126.11632286831005,56.271922217156444],[-125.980621996382,56.245629395315724],[-125.95550025483512,56.14292791289073],[-125.86563951842997,56.145203938118165],[-125.6566276022843,56.2285852385992],[-125.65318908835465,56.16916435213168],[-125.57478856211851,56.16899164858533],[-125.4037737473765,56.252948387298424],[-125.2454638374759,56.25056431001159],[-125.18902778044969,56.29474285075845],[-125.11909586907312,56.30359588703347],[-125.06366117060786,56.26306861566119],[-125.04165338959719,56.203104386953235],[-124.92350692055068,56.244372900751884],[-124.8328527171823,56.22353757664541],[-124.71546395694237,56.13380027560338],[-124.66101716000112,56.11611630821409],[-124.48399810155564,56.13000291512604],[-124.49763221997313,56.06725261262531],[-124.39912690529859,55.950548525122976],[-124.37402457896978,55.87897885190265],[-124.33361620127232,55.832156626609304],[-124.35726747652392,55.786708963275494],[-124.3083326841365,55.70586372098787],[-124.19229073060062,55.68315440142892],[-124.12301102811318,55.63971952660531],[-124.0926289821648,55.568813960793506],[-124.05035329167049,55.54131676058539],[-123.92837814181847,55.55437952834335],[-123.88451218495743,55.503715096451444],[-123.9067580671361,55.42907520492787],[-123.85178867655006,55.33953347731592],[-123.74207794544623,55.28750708918681],[-123.6458930395885,55.30652898373608],[-123.49420887630231,55.31396542356452],[-123.41332591528598,55.23493057798041],[-123.39225944186195,55.17108644701861],[-123.41866114508058,55.148033394327214],[-123.3962729076122,55.1029772769956],[-123.41556590998319,55.03289062972824],[-123.51537617509379,55.01714432292002],[-123.55047147292416,54.95823794954513],[-123.6198357425944,54.955039392712195],[-123.69061074450407,54.92312797812554],[-123.7942119512043,54.99541572399553],[-123.8105547493105,55.03760636758614],[-123.98008222743952,55.0122102130558],[-124.05127173017844,54.9507771919899],[-124.02311564676965,54.86793856347532],[-123.92672559545035,54.86212037309232],[-123.94815587851822,54.76749767420972],[-123.88051867799437,54.738196455006936],[-123.77849891793473,54.659125925805085],[-123.78005612426705,54.59261603356505],[-123.8196777845073,54.58081031918936],[-123.8480443623622,54.51248667497159],[-123.98647868544458,54.42951075670113],[-123.93342439718003,54.379826601163415],[-123.8530539552605,54.375642117412276],[-123.81941191928027,54.33653234422324],[-123.74117133876483,54.32178894478464],[-123.64425645530103,54.330122631269816],[-123.55439168747743,54.30624498798318],[-123.52049399862702,54.252469344142476],[-123.52035758347796,54.15440079042358],[-123.56601958765145,54.10556959896384],[-123.48453319044532,54.07137621032519],[-123.58678008964206,54.05813928853705],[-123.5845216171087,54.02379420870439],[-123.53480880288676,53.987265597718235],[-123.49136377998302,54.00286069646473],[-123.3709584958792,53.96738930113401],[-123.27346891507254,53.98727409398061],[-123.2047501872702,53.91551110448019],[-123.12486221634008,53.902881193513],[-123.08646260998147,53.85945560109173],[-122.96315268872276,53.90030899884816],[-122.933774715358,53.96742350586714],[-122.876761876439,53.978020997174724],[-122.7816472949728,53.92408800153697],[-122.70840531468818,53.775089707339866],[-122.72665740767233,53.674363963218006],[-122.67138953434339,53.64498688278041],[-122.66618614879748,53.59480373594206],[-122.39714160562605,53.5914237266811],[-122.35740187959972,53.52446273113497],[-122.1825218064603,53.52526334568552],[-122.16290278269925,53.45678892715525],[-121.5713435182873,53.45254962238578],[-121.55542567849946,53.43938651301247],[-121.28829575838661,53.445713773271244],[-121.22816378435296,53.38473009724868],[-121.0734770847937,53.39316147464605],[-120.99827799501575,53.383036129454844],[-121.01819301224128,53.329766191825115],[-120.78748103717778,53.256644325941856],[-120.71500909612263,53.264522813337386],[-120.62716310041488,53.21396140409934],[-120.46671840361884,53.14909640819399],[-120.41706619484133,53.10024210200696],[-120.42528755745774,53.06784119934886],[-120.48841889814632,53.05455400091998],[-120.43420133345745,52.972625764696566],[-120.37676277498717,52.96476641079091],[-120.33843793729073,52.92738895973883],[-120.17036973019492,52.92495357933952],[-120.14254549439086,52.8767407766931],[-120.0614291733631,52.824294295805046],[-120.02474603536542,52.75757772907614],[-119.76832698744933,52.66029139056466],[-119.67748339298413,52.69561343355316],[-119.61606006916412,52.68913509623681],[-119.53111838977574,52.6315415763935],[-119.1925675003199,52.63689036853637],[-119.05608806683745,52.63329783147024],[-119.03363497457815,52.594508238208654],[-118.92755699142707,52.56878594176457],[-118.88632215435287,52.474154783017966],[-118.92426376533557,52.46315671738949],[-118.94793457668877,52.391212691495674],[-118.92637720379145,52.35359799917991],[-118.86844898706421,52.34430522588184],[-118.78802059778067,52.30529402718739],[-118.88212374818632,52.26408955858274],[-118.84719132366854,52.20679912884947],[-118.80320419853616,52.177222574914595],[-118.71606235300887,52.16134426093613],[-118.58241469667695,52.19300160406093],[-118.56352160795869,52.25838177745184],[-118.50156617668569,52.281673123697495],[-118.49312467464132,52.31249863306727],[-118.3952439185671,52.33484582762866],[-118.3536473351818,52.366054824135446],[-118.28975577098265,52.33895049822733],[-118.22601544486649,52.38028949074476],[-118.25533801784523,52.44953694843984],[-118.23552910270095,52.49017789387005],[-118.33256828987778,52.58017159842588],[-118.35449111823176,52.63368398157121],[-118.29014118574574,52.677693442484376],[-118.34329466527977,52.70888888244562],[-118.34282282867157,52.73855633416494],[-118.42241012943761,52.77578651287245],[-118.39962643062579,52.824460210783116],[-118.44827945001765,52.88528679278023],[-118.54378774499001,52.908454634043],[-118.61382974913971,52.883721694604084],[-118.61342207156237,52.936011964354904],[-118.6602048942975,52.963937681536464],[-118.65534778600309,53.03479723430092],[-118.75905843996392,53.06577606094441],[-118.7323409334808,53.1192494110094],[-118.78652165888747,53.159224180532235],[-118.9159608272634,53.21184491634081],[-118.94744409721658,53.238935158919375],[-119.02383383346704,53.23194970816932],[-118.99941805270839,53.192764771005116],[-119.046881526848,53.144909624978595],[-119.11952400620238,53.16176576487698],[-119.14601293054689,53.19118076952032],[-119.23271506781948,53.18176831492718],[-119.34049629263717,53.287080298710784],[-119.35587852064735,53.340102180582214],[-119.40608481035828,53.36808929544322],[-119.6689002052577,53.367828192615036],[-119.7254226301171,53.388754320217735],[-119.79063326841168,53.47926590784892],[-119.8994770102217,53.51912780704705],[-119.86225650779888,53.54850858787348],[-119.91071278358197,53.60125461686865],[-119.85406621146879,53.607706631095944],[-119.74872565869954,53.59336587642209],[-119.71340854121955,53.61457992551639],[-119.79738076094463,53.707772197307094],[-119.90798088649751,53.71060103613327],[-119.88823655626443,53.77948461793989],[-119.94234051951929,53.77586190143225],[-119.99998739182153,53.8062348078488],[-119.99999976778854,54.587374248578385],[-120.00000003642836,58.079469501796076],[-119.99999998322954,60.00000000016929],[-121.00000002378974,59.99999999748773],[-121.7499999774632,59.99999999097539],[-122.50000001140691,59.999999996841005],[-122.99999999299203,60.00000000808943],[-123.78932483556106,60.00003262053714],[-124.499999984192,59.99999999166518],[-125.49999998069164,59.99999999151233],[-126.49999997133348,59.99999999817254],[-126.9999999736995,59.999999998270624],[-127.72500008774587,60.00002215012345]]]},"properties":{"FED_NUM":59026,"ED_NAMEE":"Prince George—Peace River—Northern Rockies","province_code":"BC"}},
{"type":"Feature","geometry":{"type":"Polygon","coordinates":[[[-113.09321569775702,52.31762801557814],[-113.21602287319904,52.314528154463474],[-113.27828291036832,52.25000004950846],[-113.45633841787982,52.23516245593934],[-113.63160159426346,52.276399565182004],[-113.681246681456,52.29743185852547],[-113.68935429775253,52.335395663484746],[-113.757183452867,52.35767980956345],[-113.85104159437937,52.33777394569712],[-113.93354791253462,52.169602478941634],[-113.98705056748703,52.1169953873294],[-113.98046081547498,52.04974349998958],[-113.92318941170227,52.02722529964928],[-113.64745260680782,52.026596804093906],[-113.6426677122417,51.954504002117226],[-113.47727458485457,51.954859828585086],[-113.48089400208742,51.98307351650091],[-113.29095951903422,51.983138834263556],[-113.29102430327885,51.968889389163586],[-112.91215029407236,51.96950967896612],[-112.91508240098467,52.003320456424916],[-112.96800530166671,52.04089075234595],[-113.02980049222042,52.12785415998041],[-113.02484099240148,52.17980605259692],[-113.06302740938479,52.208019866294734],[-113.07109790439861,52.30030294531697],[-113.09321569775702,52.31762801557814]]]},"properties":{"FED_NUM":48034,"ED_NAMEE":"Red Deer","province_code":"AB"}},
{"type":"Feature","geometry":{"type":"Polygon","coordinates":[[[-113.34430569883993,53.36683990287373],[-113.049869593442,53.363999426970906],[-112.84076086872453,53.36694179185757],[-112.8528834970785,53.46042052380573],[-112.95137997314055,53.4831282530984],[-112.9513631811112,53.524250649598805],[-112.95113560760288,53.62864925352164],[-112.87762755068381,53.65779328804592],[-112.87722678459144,53.716255509932225],[-112.9263905016495,53.71625709825263],[-112.95102778358294,53.774345393610645],[-112.95138879150247,53.89339740240927],[-113.06717738544738,53.86197626976036],[-113.12584878172783,53.79051906018707],[-113.21536388277109,53.71609546769645],[-113.29332447407063,53.67293591180786],[-113.29531695245257,53.57027448736229],[-113.3718903236092,53.570492365236575],[-113.40226435075716,53.55657162603781],[-113.35687597616484,53.482999046266045],[-113.34430569883993,53.36683990287373]]]},"properties":{"FED_NUM":48035,"ED_NAMEE":"Sherwood Park—Fort Saskatchewan","province_code":"AB"}},
{"type":"Feature","geometry":{"type":"Polygon","coordinates":[[[-113.34743198628705,54.02299869264804],[-113.57055513060666,54.02157893264384],[-113.78114081103844,53.992806456428895],[-113.80628239825693,53.92004619762536],[-113.8680657194862,53.904814993357036],[-113.97984362949502,53.904903233264825],[-114.0514518134756,53.9267347000425],[-114.05139159702158,53.853985229386296],[-114.14978065795086,53.85386768379087],[-114.15069129073132,53.890308293641674],[-114.28718128090998,53.89028530482747],[-114.29927345212188,53.93391441782047],[-114.34930257038594,53.977741069142425],[-114.4285577417914,53.97748747187549],[-114.48835291799566,53.94930942085768],[-114.72842045953637,53.92548550520435],[-114.7334739122194,53.97703670131082],[-114.7954662089737,53.975510798793955],[-114.82052820505712,54.035247609879725],[-114.82684326194767,54.12296858616762],[-114.95174007937709,54.12283739363675],[-114.95192200731847,54.064526986992135],[-115.01869131372399,54.04973430234986],[-115.0183718175072,53.810235403550045],[-114.97506031352685,53.78816162485623],[-114.91202640386834,53.71515295606682],[-114.81253979113598,53.7163897645057],[-114.81279849102467,53.60600936202105],[-114.75803971260375,53.628185459896756],[-114.68968471455689,53.61382438652648],[-114.24731643498347,53.6138925609155],[-114.12308159060167,53.59929217573064],[-114.12447362133271,53.656951304927446],[-113.91014401109499,53.657639884909095],[-113.83621170396013,53.628954308699186],[-113.83622159355853,53.59956899910479],[-113.71362932412822,53.59237228773635],[-113.63915700867189,53.599629795376536],[-113.56584423108623,53.65046184091036],[-113.49132374915753,53.65056431946892],[-113.43612239629317,53.650563273750016],[-113.4304180644552,53.71609807986996],[-113.29506499617229,53.715820700356545],[-113.29332447407063,53.67293591180786],[-113.21536388277109,53.71609546769645],[-113.12584878172783,53.79051906018707],[-113.06717738544738,53.86197626976036],[-112.95138879150247,53.89339740240927],[-112.86105860856212,53.94190187066601],[-112.84373683603859,53.977818315305406],[-113.34768517744018,53.97797257905212],[-113.34743198628705,54.02299869264804]]]},"properties":{"FED_NUM":48036,"ED_NAMEE":"St. Albert—Sturgeon River","province_code":"AB"}},
{"type":"Feature","geometry":{"type":"Polygon","coordinates":[[[-119.99999976778854,54.587374248578385],[-119.99998739182153,53.8062348078488],[-119.94234051951929,53.77586190143225],[-119.88823655626443,53.77948461793989],[-119.90798088649751,53.71060103613327],[-119.79738076094463,53.707772197307094],[-119.71340854121955,53.61457992551639],[-119.74872565869954,53.59336587642209],[-119.85406621146879,53.607706631095944],[-119.91071278358197,53.60125461686865],[-119.86225650779888,53.54850858787348],[-119.8994770102217,53.51912780704705],[-119.79063326841168,53.47926590784892],[-119.7254226301171,53.388754320217735],[-119.6689002052577,53.367828192615036],[-119.40608481035828,53.36808929544322],[-119.35587852064735,53.340102180582214],[-119.34049629263717,53.287080298710784],[-119.23271506781948,53.18176831492718],[-119.14601293054689,53.19118076952032],[-119.11952400620238,53.16176576487698],[-119.046881526848,53.144909624978595],[-118.99941805270839,53.192764771005116],[-119.02383383346704,53.23194970816932],[-118.94744409721658,53.238935158919375],[-118.9159608272634,53.21184491634081],[-118.78652165888747,53.159224180532235],[-118.7323409334808,53.1192494110094],[-118.75905843996392,53.06577606094441],[-118.65534778600309,53.03479723430092],[-118.6602048942975,52.963937681536464],[-118.61342207156237,52.936011964354904],[-118.61382974913971,52.883721694604084],[-118.54378774499001,52.908454634043],[-118.44827945001765,52.88528679278023],[-118.39962643062579,52.824460210783116],[-118.42241012943761,52.77578651287245],[-118.34282282867157,52.73855633416494],[-118.34329466527977,52.70888888244562],[-118.29014118574574,52.677693442484376],[-118.35449111823176,52.63368398157121],[-118.33256828987778,52.58017159842588],[-118.23552910270095,52.49017789387005],[-118.25533801784523,52.44953694843984],[-118.22601544486649,52.38028949074476],[-118.1380460968693,52.40749750642325],[-118.04416878304134,52.398459361399496],[-118.05289905900305,52.44956354190874],[-117.96679241620095,52.46970872789367],[-117.88693304606993,52.42609158648069],[-117.76649799083394,52.417692153455214],[-117.70579503120747,52.3653448754143],[-117.75287839938598,52.316423610670086],[-117.83957806474524,52.27412744681692],[-117.81831749566791,52.22635481473575],[-117.7413463787582,52.202997387996405],[-117.66352952334492,52.197892993250655],[-117.61126381283387,52.14425889947429],[-117.38125574043184,52.13772407850785],[-117.33403622995282,52.14864145867947],[-117.26840791645591,52.05578651483283],[-117.19722361297171,51.98013484143235],[-117.10317598352609,51.95651679782161],[-117.01946494847343,51.89136000070714],[-117.03432087448212,51.85980742681558],[-116.96400220933998,51.79495126368007],[-116.9763605818055,51.760184979407995],[-116.9205679079163,51.70980326932524],[-116.80974116725416,51.70534635097395],[-116.81859819337684,51.73556447467707],[-116.74423247110076,51.8066080181217],[-116.68207610185404,51.81214658119486],[-116.65034888460367,51.75370643614152],[-116.58817830629991,51.71588752402771],[-116.59501567269915,51.66183009517932],[-116.47141114012925,51.60467760016325],[-116.45292502639069,51.560548149078514],[-116.39088604957455,51.545588249265705],[-116.3938292226007,51.50566293858499],[-116.36059709566003,51.47086614609602],[-116.29243030377596,51.46180268589476],[-116.28247020553944,51.40683673376774],[-116.31143488790588,51.38496221348794],[-116.28260412393541,51.3315018452808],[-116.21908456179581,51.29450376138847],[-116.00760375243203,51.22201215459689],[-116.03684494216769,51.17004552721708],[-116.00446487359838,51.1246812907252],[-115.92360697933795,51.083109565647284],[-115.8679333808692,51.08929039836333],[-115.78923190003928,51.07241768554579],[-115.76703563342811,51.039388275686946],[-115.64883405703628,50.9975204583282],[-115.59264618109123,50.89264113884555],[-115.64892946164217,50.87414760222713],[-115.64298277653863,50.84220649032844],[-115.57813602188206,50.8405037626555],[-115.55086991513849,50.797065903360476],[-115.43628198058066,50.755730693588134],[-115.3912223679169,50.70645244703865],[-115.31512449632272,50.72582574755049],[-115.28225408132873,50.663192894099176],[-115.29362560549144,50.611107580249566],[-115.23965061226721,50.58919679221582],[-115.23098413968033,50.5448786369444],[-115.08527384255356,50.589749059445936],[-115.01369673096399,50.57085910035643],[-114.85689168089066,50.39252401422319],[-114.76621722955245,50.350742252132555],[-114.79760596455553,50.32612202037329],[-114.75166705991882,50.275287034041554],[-114.77022537721739,50.24999499892204],[-114.72467038891777,50.190177190432166],[-114.7263162285241,50.160738466347304],[-114.69199336893891,50.17496787735303],[-114.55241576815092,50.19342303068207],[-114.46180189328858,50.1790013971898],[-114.40022348099447,50.22841749774751],[-114.32127835994037,50.265839657490176],[-114.3217429092522,50.29508722995162],[-114.39142621160748,50.324344569415295],[-114.46036312742767,50.32461107754962],[-114.50602747919852,50.36821164516077],[-114.52893985961829,50.45532361239772],[-114.52938097624784,50.54549432387995],[-114.48330214870563,50.543874553642894],[-114.46379647461893,50.601305109131715],[-114.46373169325194,50.70305043264249],[-114.53302758332879,50.70327377063716],[-114.53289044097127,50.81925962274854],[-114.55601122822834,50.892770246399415],[-114.62503140312258,50.89229658767903],[-114.67626651128481,50.93597380576501],[-114.69866959883836,51.00844655935649],[-114.23429474857907,51.00896884384783],[-114.23430048857468,51.081509908310245],[-114.2809359732193,51.101141102049716],[-114.2568145840642,51.143541105980745],[-114.30593510797782,51.168344694408454],[-114.42048495414399,51.19771200988487],[-114.43175254244663,51.15458852199134],[-114.49016375098806,51.153498371514175],[-114.51368091349325,51.18325985945039],[-114.52883719248094,51.2706982954575],[-114.16551259786033,51.27078981368801],[-114.16580870656202,51.329314089236654],[-113.84925730774012,51.328795287142796],[-113.82574600398988,51.32880690599402],[-113.8258257975037,51.44517170151681],[-113.66171641978181,51.445132099866946],[-113.66162789672568,51.59066419298329],[-114.11887278926847,51.59106320316374],[-114.11888210044246,51.57654680300705],[-114.49380098575396,51.576712497823074],[-114.50152016954917,52.07215889561011],[-114.57267613188935,52.07194382169327],[-114.57187372307605,52.12996797053986],[-114.429940937027,52.12974476121721],[-114.43004481506313,52.27525210430174],[-114.4575400781306,52.31912420013582],[-114.45736431376825,52.37744930168054],[-114.52958324958458,52.44932833437808],[-114.52939031062917,52.50866249948625],[-114.4652330947184,52.509065839216404],[-114.46624626297694,52.56660403162345],[-114.50558009567392,52.581409290592326],[-114.6494823815081,52.59515030952098],[-114.65596063526056,52.71299753731716],[-114.58305211476147,52.71265366196586],[-114.58245905637521,52.84391581194967],[-115.01591113707299,52.843549669420995],[-115.02373478771094,53.06231259876844],[-115.19463519058674,53.055016262811016],[-115.22606909612263,53.03318166027695],[-115.19811962159848,52.96541496490456],[-115.22630472476668,52.9133794582022],[-115.17807038895913,52.89558747140757],[-115.14520648672409,52.84315103057602],[-115.28123192975373,52.85890329585267],[-115.5027869067718,52.85829674022399],[-115.59738131104663,52.84343489402471],[-115.59819686364102,53.01868929324023],[-115.61091383163345,53.01913569895732],[-115.61108821351029,53.36657516724402],[-115.91774227364952,53.36673347608391],[-115.91803328201114,53.54106958655568],[-115.96697864198873,53.54138202391341],[-115.96698092593563,53.6133035075332],[-115.98840845795519,53.6289430889148],[-116.16357290807679,53.628367198469995],[-116.1391747160011,53.703926892204805],[-116.13260048086545,53.791605499975944],[-116.22917389965352,53.80307831325585],[-116.23133902317164,53.97697171043471],[-116.52693355160531,53.977647231445204],[-116.52841772119342,54.06538439751061],[-116.70161438328245,54.06631975581045],[-116.74990985296346,54.10008306715974],[-116.78009671830564,54.03929636646754],[-116.88203509823119,54.000077815277855],[-116.95423880514494,54.01670286643222],[-117.0309364881107,54.003662445608605],[-117.09739712996124,53.97365797822275],[-117.28931530256932,54.00636530713779],[-117.33492893090398,54.02356061338434],[-117.5115724078914,54.04352356330522],[-117.50952096682018,54.58890243380415],[-117.9858335050073,54.58747031990245],[-118.20585458240558,54.590476261483275],[-118.67404551660624,54.587724535453276],[-119.53686851660379,54.588117848377145],[-119.99999976778854,54.587374248578385]]]},"properties":{"FED_NUM":48037,"ED_NAMEE":"Yellowhead","province_code":"AB"}},
{"type":"Feature","geometry":{"type":"Polygon","coordinates":[[[-101.44730600459808,50.06400026458489],[-101.44721949092316,49.89436900762627],[-101.41754598208186,49.886670107588145],[-101.41763515159265,49.53274480231261],[-101.39256410725272,49.53272258050829],[-101.39148032187211,49.17784703015581],[-101.36211111911014,49.17777859806319],[-101.36198980041672,48.99947410258721],[-100.79726113497286,49.00004955295719],[-100.24999998614781,49.00000000081078],[-99.49999999375649,48.99999999720397],[-99.0068510725302,49.00000861309428],[-98.26796489709142,49.00029214321803],[-98.27297551394,49.266416404958974],[-98.40889530032224,49.266085299507374],[-98.40897259964572,49.354841889535564],[-99.08840391241719,49.35493331007152],[-99.088502187599,49.53234900331343],[-98.73270999237977,49.532478912809985],[-98.74492112947863,49.62094805359211],[-98.7785650171636,49.62094898605649],[-98.77929097796354,49.798103972458286],[-99.09786461181241,49.79806829382522],[-99.09757826841087,49.75356501770568],[-99.23443770784893,49.75361621889155],[-99.23451232001612,49.797856528893874],[-99.34842784155592,49.797909882664754],[-99.39360111463104,49.82750940569658],[-99.39370800889569,49.87149130094019],[-99.5724823790974,49.901246089065204],[-99.7037348923646,49.90090158990191],[-99.75904699745955,49.886800291750724],[-100.53085831663482,49.88699375540052],[-100.53130051694748,49.797983434529],[-100.87214959469557,49.79830348800882],[-100.8733355097668,49.886785808259454],[-100.89703969377108,49.886815403777476],[-100.89741109721771,50.06401107433336],[-101.44730600459808,50.06400026458489]]]},"properties":{"FED_NUM":46001,"ED_NAMEE":"Brandon—Souris","province_code":"MB"}},
{"type":"Feature","geometry":{"type":"Polygon","coordinates":[[[-101.77066399919588,53.71091002638326],[-101.73543094383803,53.7107065171811],[-101.73554368489773,53.36580844358123],[-101.70060567806502,53.36578111749404],[-101.70069426314092,53.01645077734199],[-101.67160376760631,53.0012531239847],[-101.00018070629244,52.999993368959835],[-100.07541646629042,53.00053681953103],[-100.07456344887129,52.84189750672776],[-99.7154447042299,52.84216971812788],[-99.74035714234542,52.79817324609685],[-99.72163717108894,52.746272147166465],[-99.67363707524791,52.689220746076955],[-99.68398596767504,52.587076539544626],[-99.64912946128912,52.53266594680393],[-99.70691926887227,52.446296955797045],[-99.77361753798851,52.28790113371774],[-99.86259686022866,52.27435594797028],[-99.82418484252305,52.187558543513134],[-99.84378557414043,52.077698454472475],[-99.82551480031574,52.056581695778945],[-99.46207597555424,52.056537215944644],[-99.44304611635918,51.97111390889898],[-99.44340898353359,51.63323409442608],[-99.31030186061938,51.62588495437019],[-99.29519087399572,51.55127105081554],[-99.20151007673486,51.55181994921456],[-99.12433995417582,51.52269065411856],[-99.10273245312598,51.381018741952644],[-99.11741486230052,51.36023805432721],[-99.07308315502198,51.273654045680935],[-99.02756765887294,51.26223113166169],[-98.97723856755081,51.19353223865807],[-98.90198966447467,51.25544935194741],[-98.84896176732728,51.194102346092855],[-98.87894095613221,51.15947664829848],[-98.86925767455095,51.096915737822926],[-98.78545504963749,51.08493915709038],[-98.64247367029921,51.09346573689173],[-98.6775812709238,51.12933493061325],[-98.64570845537695,51.16158355263107],[-98.54797695585374,51.214831753272975],[-98.58763485909061,51.24624405246657],[-98.56422627224624,51.28012704922436],[-98.6917428682581,51.285990429457286],[-98.75411777159118,51.31458884356239],[-98.80360045553245,51.448401153750915],[-98.76355774854244,51.464022436099626],[-98.78654685426088,51.53036713282112],[-98.70455499300755,51.577414108130085],[-98.63871631534325,51.54379569055059],[-98.54088355816495,51.52357113549493],[-98.50981735436466,51.48699725409929],[-98.44431980699095,51.56789238720633],[-98.44425288419252,51.448928822361104],[-98.30354096376689,51.44891477693824],[-98.30372789184275,51.361549739975544],[-98.15932863926979,51.36163981378658],[-98.13987608612146,51.30278648281728],[-98.13935732212704,51.214734680490814],[-97.88358701028542,51.2151714740858],[-97.88429893618161,51.30352619555731],[-97.74363008200937,51.30352159101118],[-97.74335939021265,51.21515769383259],[-97.46219059277293,51.21510059267018],[-97.46205753365987,51.304034754689916],[-96.96311655291645,51.30352303676036],[-96.94292697617539,51.282981738154845],[-97.00889696723861,51.21440203334211],[-96.97785155316858,51.185837146121585],[-96.9195053409235,51.19654124080691],[-96.76270743542904,51.32558283246015],[-96.72114152796496,51.37715027315646],[-96.53241990880615,51.44336669578887],[-96.45898886849918,51.34771963179894],[-96.40818906959534,51.33935234519138],[-96.3486560649961,51.29466753746456],[-96.26190626854128,51.20040144373389],[-96.35830944102455,51.18719394341655],[-96.39886316854317,51.15503593481695],[-96.33888784027617,51.11550942563285],[-96.43589084313106,51.09195903367498],[-96.37829766273128,50.96536173452963],[-96.37182976059297,50.86390142752804],[-96.34718246125834,50.84754882715765],[-96.34457213831614,50.76264653438563],[-96.37597773953637,50.70498162522562],[-96.343482166914,50.659162827797715],[-96.37488447189342,50.6200692995891],[-96.3295475845005,50.59665124906772],[-96.32929123955265,50.55319739140789],[-96.23336868324574,50.56071141833924],[-96.21467743582629,50.59181054688075],[-96.07543175289968,50.591510286707894],[-96.07495682476502,50.57158732643432],[-95.94608358657567,50.57035354268927],[-95.94645855335814,50.48323069055096],[-95.53442805252772,50.48299928863961],[-95.53478759051313,50.395932722623655],[-95.15279423929513,50.3957728419764],[-95.15315109619928,52.84057310607324],[-94.26267121459966,53.381424001054405],[-93.95844503022926,53.55369426662753],[-93.62955353161755,53.7502026962942],[-93.1896747713325,54.074774270260136],[-92.65857365416525,54.4533788823797],[-92.18869236422618,54.774903599422146],[-91.99997009144784,54.90600270743444],[-91.64779319163776,55.15848486143397],[-90.80225034836283,55.72039433745132],[-90.15292343307034,56.133763646290376],[-88.97957690400347,56.851148447076916],[-89.05068993425475,56.85353293582094],[-89.21158001070545,56.880102742227024],[-89.36360202718697,56.92371833846002],[-89.49865070638667,56.92437774802576],[-89.68200959375869,56.9611735347574],[-89.93681302450312,56.99913743589331],[-90.06877231379737,57.051655929492284],[-90.35418993066568,57.15257623303185],[-90.38893483281284,57.176977829885296],[-90.50941361742056,57.197774942444624],[-90.63580020955004,57.237886636071885],[-90.71431009144028,57.23209213084624],[-90.86123513028774,57.265250632913045],[-91.00363373466337,57.263859033939504],[-91.14651789061575,57.2476681280883],[-91.37619219938105,57.200997247884956],[-91.57926042639647,57.14827044363957],[-91.68306450239858,57.12930724879447],[-91.87010990994557,57.077198347994695],[-92.01688152601268,57.05123504833674],[-92.14658871469007,57.04417164709334],[-92.20977321953296,57.07249323347852],[-92.36866252297351,57.0587528515619],[-92.48220700391995,57.03467323185228],[-92.61641311069343,56.97870104626739],[-92.68629733625896,56.98760863134896],[-92.54487690698343,57.101087042511885],[-92.43858589483763,57.26368674926792],[-92.42501702303237,57.3577040348514],[-92.45934560009246,57.460007334621785],[-92.50297220196143,57.53147275169703],[-92.62653162289023,57.659645143655155],[-92.71118372061058,57.77354233662009],[-92.76199120561,57.87569425403389],[-92.81489810254132,58.01878015299967],[-92.80030890059065,58.04330353430452],[-93.0345594950088,58.34494225485297],[-93.06066773107108,58.40781574710272],[-93.11552922681722,58.47780413201308],[-93.14166539440296,58.571597536264015],[-93.14406072917546,58.67596623509013],[-93.21018208538922,58.76282223700492],[-93.34837320326889,58.76470953978896],[-93.41458022643228,58.7225051569205],[-93.46607480825003,58.762579459090524],[-93.64074672782398,58.78820693753826],[-93.90887532595586,58.76638624923154],[-94.14459267707049,58.775172157406786],[-94.27320282592765,58.79627522510117],[-94.30161273351179,58.741511357391786],[-94.36938852110576,58.7041690522049],[-94.42663689673994,58.70282835617704],[-94.47641620562992,58.73770955133609],[-94.48364311708255,58.784838439098856],[-94.52935900537953,58.82706104450635],[-94.60178469562281,58.85669685508661],[-94.60204068234688,58.93868178778328],[-94.67674818843756,58.94411139608453],[-94.73246629045478,59.00275524305154],[-94.78491501092671,59.01692345611267],[-94.8105947008767,59.085618353838505],[-94.78184709829026,59.20662064486423],[-94.80415683048982,59.26600874947371],[-94.75268310630197,59.309143648420914],[-94.766819389917,59.3359384522129],[-94.71598920643642,59.380170747639255],[-94.83417841931963,59.648877335879796],[-94.81708111551103,59.72765865408028],[-94.77254582347224,59.790020448639375],[-94.83185163228713,59.902372858924366],[-94.82437279440698,60.00000004273562],[-96.0000000244222,59.99999999738334],[-96.74999999569657,59.999999990774086],[-97.50000002266242,59.99999998748944],[-98.000000005113,59.99999999538006],[-99.00000002639098,60.00000000137795],[-99.49999999530952,60.000000006192245],[-100.49999999489374,60.000000001717915],[-101.5000000012659,59.99999999780077],[-102.00000001273936,59.9999999980882],[-102.00738974793842,59.7517794130704],[-102.00502447835598,57.178054225047504],[-102.0076091416903,56.50015461829328],[-102.00412938852959,55.80935007512397],[-101.96387163013297,55.80946849800099],[-101.96395494363108,55.46042009077962],[-101.92422703066084,55.46021659221415],[-101.92436060643085,55.11209059084167],[-101.88526563857575,55.1115966562412],[-101.88531837552485,54.76252586495748],[-101.84743666257437,54.76252306686372],[-101.84748426351909,54.413563899124966],[-101.81046130903626,54.41353989486042],[-101.81043452049784,54.06440581903857],[-101.77132275803072,54.064402462049706],[-101.77066399919588,53.71091002638326]],[[-98.45365350057833,51.82765972379224],[-98.37499020610939,51.829879211554946],[-98.35055314818426,51.76624184103859],[-98.45212906314278,51.76216892965343],[-98.618537314883,51.769478124733794],[-98.65300126114539,51.69246783822153],[-98.65272586404276,51.63957903037065],[-98.75203924453481,51.58255435119314],[-98.78491944579594,51.59577395304211],[-98.84598795258779,51.71291224164198],[-98.91803834861194,51.67786853161475],[-98.95962426940474,51.70485103046469],[-99.00956126821141,51.650274952034415],[-98.98257687522758,51.60876913091554],[-98.90569647100632,51.593177136010944],[-98.915705465168,51.489079252116056],[-98.88593985854327,51.39726563012812],[-98.93108355246625,51.35342473979054],[-98.96695705718103,51.402095649697756],[-98.98877987749033,51.48888423861783],[-99.0585628496631,51.685430838658995],[-99.09070338143154,51.70276253863955],[-99.08885173437542,51.798285234171445],[-98.87731258342059,51.79817002171933],[-98.87755837145458,51.75546625487648],[-98.73543991660163,51.75513596454537],[-98.73558590085942,51.885632687498486],[-98.59383526955004,51.885780557146624],[-98.593600151524,51.82759661431607],[-98.45365350057833,51.82765972379224]]]},"properties":{"FED_NUM":46002,"ED_NAMEE":"Churchill—Keewatinook Aski","province_code":"MB"}},
{"type":"Feature","geometry":{"type":"Polygon","coordinates":[[[-97.12664031856791,49.91323831572705],[-97.10860724631695,49.90269422043979],[-97.02697058434666,49.87698339452621],[-97.02633632109108,49.79857885688049],[-96.96212141724334,49.82585677625252],[-96.953762792659,49.85667280364128],[-96.82083900280814,49.85622669323036],[-96.81961501984534,49.9300462027671],[-97.11006466125616,49.92598915037768],[-97.12664031856791,49.91323831572705]]]},"properties":{"FED_NUM":46003,"ED_NAMEE":"Elmwood—Transcona","province_code":"MB"}},
{"type":"Feature","geometry":{"type":"Polygon","coordinates":[[[-97.18391818674046,50.06385379277835],[-97.18387300801925,49.97546110872983],[-97.16001438873097,49.939105413504414],[-97.11006466125616,49.92598915037768],[-96.81961501984534,49.9300462027671],[-96.81913220519512,50.06284208738297],[-96.95673430673958,49.99460159677292],[-97.10874760830734,50.0621230510719],[-97.18391818674046,50.06385379277835]]]},"properties":{"FED_NUM":46004,"ED_NAMEE":"Kildonan—St. Paul","province_code":"MB"}},
{"type":"Feature","geometry":{"type":"Polygon","coordinates":[[[-98.73270999237977,49.532478912809985],[-99.088502187599,49.53234900331343],[-99.08840391241719,49.35493331007152],[-98.40897259964572,49.354841889535564],[-98.40889530032224,49.266085299507374],[-98.27297551394,49.266416404958974],[-98.26796489709142,49.00029214321803],[-97.32493588112582,49.00058907165583],[-97.32456800993076,49.08914969321706],[-97.45971891030955,49.08867569917574],[-97.45944039917038,49.26606929668083],[-97.36897511241125,49.2661408093395],[-97.36853835469978,49.325168907326514],[-97.33510558149264,49.348764443309285],[-97.18797250095551,49.35480449212235],[-97.18786748162378,49.487560494807504],[-97.17664936919212,49.52444575256166],[-97.25414458028965,49.531866298221765],[-97.22565097526386,49.57639079557161],[-97.16263818372748,49.62061939104101],[-97.16274249970546,49.70804844211865],[-97.2198700888774,49.71363749141845],[-97.21945731308479,49.800497690376105],[-97.23429280599044,49.81448368730132],[-97.45384454720237,49.80564504456993],[-97.44411542807758,49.92329533565001],[-97.6025758190569,50.012332591932434],[-97.7320717646385,50.043182458351886],[-97.73509119695,50.06380348942811],[-97.92991580930432,50.08357170747954],[-98.01002908295712,50.067715310374034],[-98.01451624715189,50.30710988463309],[-98.06947666584246,50.29312422910451],[-98.10768515433323,50.24991613931635],[-98.19966608064816,50.21587875049785],[-98.31996924970517,50.18779283481399],[-98.38234817452722,50.184507731583466],[-98.50035068194805,50.20475812763545],[-98.55993857247273,50.23556887253541],[-98.56033909069197,49.886922308563854],[-98.36930311739582,49.886894993254366],[-98.36944179067784,49.79818409153806],[-98.4147931788973,49.79846686655453],[-98.41451560658281,49.531702111004634],[-98.73270999237977,49.532478912809985]]]},"properties":{"FED_NUM":46005,"ED_NAMEE":"Portage—Lisgar","province_code":"MB"}},
{"type":"Feature","geometry":{"type":"Polygon","coordinates":[[[-97.2198700888774,49.71363749141845],[-97.16274249970546,49.70804844211865],[-97.16263818372748,49.62061939104101],[-97.22565097526386,49.57639079557161],[-97.25414458028965,49.531866298221765],[-97.17664936919212,49.52444575256166],[-97.18786748162378,49.487560494807504],[-97.18797250095551,49.35480449212235],[-97.33510558149264,49.348764443309285],[-97.36853835469978,49.325168907326514],[-97.36897511241125,49.2661408093395],[-97.45944039917038,49.26606929668083],[-97.45971891030955,49.08867569917574],[-97.32456800993076,49.08914969321706],[-97.32493588112582,49.00058907165583],[-96.3820669762787,49.00008055012368],[-95.76643145904241,48.999652541256545],[-95.1531942694402,48.99886114028106],[-95.15395734318327,49.38551483790502],[-95.15279423929513,50.3957728419764],[-95.53478759051313,50.395932722623655],[-95.53464710188555,50.33767649138538],[-95.60330081177584,50.337681697663974],[-95.60286269832781,50.221864165841616],[-95.63979425591126,50.19240537620856],[-95.82108750084545,50.19240698241911],[-95.82091265414196,50.12523534306572],[-95.87273163439535,50.134356636391],[-96.08742365826994,50.13426325076058],[-96.08585240330079,50.06153650560408],[-96.36047251914773,50.06152601070521],[-96.36097914581295,49.972945835108],[-96.63651202041295,49.97324300805227],[-96.63553499844308,50.06196220442201],[-96.81913220519512,50.06284208738297],[-96.81961501984534,49.9300462027671],[-96.82083900280814,49.85622669323036],[-96.953762792659,49.85667280364128],[-96.96212141724334,49.82585677625252],[-97.02633632109108,49.79857885688049],[-97.04866290273576,49.792512803067105],[-97.08291711718154,49.75301387165137],[-97.2198700888774,49.71363749141845]]]},"properties":{"FED_NUM":46006,"ED_NAMEE":"Provencher","province_code":"MB"}},
{"type":"Feature","geometry":{"type":"Polygon","coordinates":[[[-101.44730600459808,50.06400026458489],[-100.89741109721771,50.06401107433336],[-100.89703969377108,49.886815403777476],[-100.8733355097668,49.886785808259454],[-100.87214959469557,49.79830348800882],[-100.53130051694748,49.797983434529],[-100.53085831663482,49.88699375540052],[-99.75904699745955,49.886800291750724],[-99.7037348923646,49.90090158990191],[-99.5724823790974,49.901246089065204],[-99.39370800889569,49.87149130094019],[-99.39360111463104,49.82750940569658],[-99.34842784155592,49.797909882664754],[-99.23451232001612,49.797856528893874],[-99.23443770784893,49.75361621889155],[-99.09757826841087,49.75356501770568],[-99.09786461181241,49.79806829382522],[-98.77929097796354,49.798103972458286],[-98.7785650171636,49.62094898605649],[-98.74492112947863,49.62094805359211],[-98.73270999237977,49.532478912809985],[-98.41451560658281,49.531702111004634],[-98.4147931788973,49.79846686655453],[-98.36944179067784,49.79818409153806],[-98.36930311739582,49.886894993254366],[-98.56033909069197,49.886922308563854],[-98.55993857247273,50.23556887253541],[-98.60212157258142,50.30655964616891],[-98.58089534795924,50.36249704370094],[-98.53155885445733,50.37623973296088],[-98.53078987743253,50.42495434496786],[-98.59536198216622,50.50214863820831],[-98.6066025479943,50.55958222920633],[-98.6433445719489,50.582039644995525],[-98.63501615848372,50.617910032332574],[-98.71410705773143,50.70943734077769],[-98.73944507502783,50.773202535912894],[-98.86206976124635,50.874895439245],[-98.86905196714966,50.9369753362461],[-98.8325932508156,50.96302600176157],[-98.85172667700935,51.059288628057715],[-98.78545504963749,51.08493915709038],[-98.86925767455095,51.096915737822926],[-98.87894095613221,51.15947664829848],[-98.84896176732728,51.194102346092855],[-98.90198966447467,51.25544935194741],[-98.97723856755081,51.19353223865807],[-99.02756765887294,51.26223113166169],[-99.07308315502198,51.273654045680935],[-99.11741486230052,51.36023805432721],[-99.10273245312598,51.381018741952644],[-99.12433995417582,51.52269065411856],[-99.20151007673486,51.55181994921456],[-99.29519087399572,51.55127105081554],[-99.31030186061938,51.62588495437019],[-99.44340898353359,51.63323409442608],[-99.44304611635918,51.97111390889898],[-99.46207597555424,52.056537215944644],[-99.82551480031574,52.056581695778945],[-99.84378557414043,52.077698454472475],[-99.82418484252305,52.187558543513134],[-99.86259686022866,52.27435594797028],[-99.77361753798851,52.28790113371774],[-99.70691926887227,52.446296955797045],[-99.64912946128912,52.53266594680393],[-99.68398596767504,52.587076539544626],[-99.67363707524791,52.689220746076955],[-99.72163717108894,52.746272147166465],[-99.74035714234542,52.79817324609685],[-99.7154447042299,52.84216971812788],[-100.07456344887129,52.84189750672776],[-100.07541646629042,53.00053681953103],[-101.00018070629244,52.999993368959835],[-101.67160376760631,53.0012531239847],[-101.67158804145532,52.667260578258016],[-101.63770525871647,52.66727392818674],[-101.63781265104969,52.31814946431162],[-101.6090547616692,52.31815802051906],[-101.60933504156246,51.968643550407165],[-101.57755508400511,51.96851810396432],[-101.57051507292394,51.65492175095389],[-101.57054393736755,51.301875888183176],[-101.53915270054473,51.30186450332162],[-101.53898869893348,50.94849531196202],[-101.5086946173135,50.94848513072231],[-101.50872882326925,50.59439335144742],[-101.47699491379566,50.59438750654104],[-101.47690022207739,50.485363768358674],[-101.47672111132782,50.24050443347098],[-101.44715800144124,50.24052438497516],[-101.44730600459808,50.06400026458489]]]},"properties":{"FED_NUM":46007,"ED_NAMEE":"Riding Mountain","province_code":"MB"}},
{"type":"Feature","geometry":{"type":"Polygon","coordinates":[[[-97.12691085200582,49.88585982557126],[-97.14303586749678,49.82205151554675],[-97.09281250420176,49.83837210332713],[-97.04866290273576,49.792512803067105],[-97.02633632109108,49.79857885688049],[-97.02697058434666,49.87698339452621],[-97.10860724631695,49.90269422043979],[-97.12691085200582,49.88585982557126]]]},"properties":{"FED_NUM":46008,"ED_NAMEE":"St. Boniface—St. Vital","province_code":"MB"}},
{"type":"Feature","geometry":{"type":"Polygon","coordinates":[[[-98.78545504963749,51.08493915709038],[-98.85172667700935,51.059288628057715],[-98.8325932508156,50.96302600176157],[-98.86905196714966,50.9369753362461],[-98.86206976124635,50.874895439245],[-98.73944507502783,50.773202535912894],[-98.71410705773143,50.70943734077769],[-98.63501615848372,50.617910032332574],[-98.6433445719489,50.582039644995525],[-98.6066025479943,50.55958222920633],[-98.59536198216622,50.50214863820831],[-98.53078987743253,50.42495434496786],[-98.53155885445733,50.37623973296088],[-98.58089534795924,50.36249704370094],[-98.60212157258142,50.30655964616891],[-98.55993857247273,50.23556887253541],[-98.50035068194805,50.20475812763545],[-98.38234817452722,50.184507731583466],[-98.31996924970517,50.18779283481399],[-98.19966608064816,50.21587875049785],[-98.10768515433323,50.24991613931635],[-98.06947666584246,50.29312422910451],[-98.01451624715189,50.30710988463309],[-98.01002908295712,50.067715310374034],[-97.92991580930432,50.08357170747954],[-97.73509119695,50.06380348942811],[-97.18391818674046,50.06385379277835],[-97.10874760830734,50.0621230510719],[-96.95673430673958,49.99460159677292],[-96.81913220519512,50.06284208738297],[-96.63553499844308,50.06196220442201],[-96.63651202041295,49.97324300805227],[-96.36097914581295,49.972945835108],[-96.36047251914773,50.06152601070521],[-96.08585240330079,50.06153650560408],[-96.08742365826994,50.13426325076058],[-95.87273163439535,50.134356636391],[-95.82091265414196,50.12523534306572],[-95.82108750084545,50.19240698241911],[-95.63979425591126,50.19240537620856],[-95.60286269832781,50.221864165841616],[-95.60330081177584,50.337681697663974],[-95.53464710188555,50.33767649138538],[-95.53478759051313,50.395932722623655],[-95.53442805252772,50.48299928863961],[-95.94645855335814,50.48323069055096],[-95.94608358657567,50.57035354268927],[-96.07495682476502,50.57158732643432],[-96.07543175289968,50.591510286707894],[-96.21467743582629,50.59181054688075],[-96.23336868324574,50.56071141833924],[-96.32929123955265,50.55319739140789],[-96.3295475845005,50.59665124906772],[-96.37488447189342,50.6200692995891],[-96.343482166914,50.659162827797715],[-96.37597773953637,50.70498162522562],[-96.34457213831614,50.76264653438563],[-96.34718246125834,50.84754882715765],[-96.37182976059297,50.86390142752804],[-96.37829766273128,50.96536173452963],[-96.43589084313106,51.09195903367498],[-96.33888784027617,51.11550942563285],[-96.39886316854317,51.15503593481695],[-96.35830944102455,51.18719394341655],[-96.26190626854128,51.20040144373389],[-96.3486560649961,51.29466753746456],[-96.40818906959534,51.33935234519138],[-96.45898886849918,51.34771963179894],[-96.53241990880615,51.44336669578887],[-96.72114152796496,51.37715027315646],[-96.76270743542904,51.32558283246015],[-96.9195053409235,51.19654124080691],[-96.97785155316858,51.185837146121585],[-97.00889696723861,51.21440203334211],[-96.94292697617539,51.282981738154845],[-96.96311655291645,51.30352303676036],[-97.46205753365987,51.304034754689916],[-97.46219059277293,51.21510059267018],[-97.74335939021265,51.21515769383259],[-97.74363008200937,51.30352159101118],[-97.88429893618161,51.30352619555731],[-97.88358701028542,51.2151714740858],[-98.13935732212704,51.214734680490814],[-98.13987608612146,51.30278648281728],[-98.15932863926979,51.36163981378658],[-98.30372789184275,51.361549739975544],[-98.30354096376689,51.44891477693824],[-98.44425288419252,51.448928822361104],[-98.44431980699095,51.56789238720633],[-98.50981735436466,51.48699725409929],[-98.54088355816495,51.52357113549493],[-98.63871631534325,51.54379569055059],[-98.70455499300755,51.577414108130085],[-98.78654685426088,51.53036713282112],[-98.76355774854244,51.464022436099626],[-98.80360045553245,51.448401153750915],[-98.75411777159118,51.31458884356239],[-98.6917428682581,51.285990429457286],[-98.56422627224624,51.28012704922436],[-98.58763485909061,51.24624405246657],[-98.54797695585374,51.214831753272975],[-98.64570845537695,51.16158355263107],[-98.6775812709238,51.12933493061325],[-98.64247367029921,51.09346573689173],[-98.78545504963749,51.08493915709038]]]},"properties":{"FED_NUM":46009,"ED_NAMEE":"Selkirk—Interlake—Eastman","province_code":"MB"}},
{"type":"Feature","geometry":{"type":"Polygon","coordinates":[[[-98.45365350057833,51.82765972379224],[-98.593600151524,51.82759661431607],[-98.59383526955004,51.885780557146624],[-98.73558590085942,51.885632687498486],[-98.73543991660163,51.75513596454537],[-98.87755837145458,51.75546625487648],[-98.87731258342059,51.79817002171933],[-99.08885173437542,51.798285234171445],[-99.09070338143154,51.70276253863955],[-99.0585628496631,51.685430838658995],[-98.98877987749033,51.48888423861783],[-98.96695705718103,51.402095649697756],[-98.93108355246625,51.35342473979054],[-98.88593985854327,51.39726563012812],[-98.915705465168,51.489079252116056],[-98.90569647100632,51.593177136010944],[-98.98257687522758,51.60876913091554],[-99.00956126821141,51.650274952034415],[-98.95962426940474,51.70485103046469],[-98.91803834861194,51.67786853161475],[-98.84598795258779,51.71291224164198],[-98.78491944579594,51.59577395304211],[-98.75203924453481,51.58255435119314],[-98.65272586404276,51.63957903037065],[-98.65300126114539,51.69246783822153],[-98.618537314883,51.769478124733794],[-98.45212906314278,51.76216892965343],[-98.35055314818426,51.76624184103859],[-98.37499020610939,51.829879211554946],[-98.45365350057833,51.82765972379224]]]},"properties":{"FED_NUM":46009,"ED_NAMEE":"Selkirk—Interlake—Eastman","province_code":"MB"}},
{"type":"Feature","geometry":{"type":"Polygon","coordinates":[[[-79.7866863087352,43.705839004596235],[-79.8023697186119,43.68193429676115],[-79.74374101328544,43.65641529047523],[-79.70377514554379,43.673910971912925],[-79.7650444293205,43.7257103292227],[-79.7866863087352,43.705839004596235]]]},"properties":{"FED_NUM":35009,"ED_NAMEE":"Brampton Centre","province_code":"ON"}},
{"type":"Feature","geometry":{"type":"Polygon","coordinates":[[[-79.7486399845987,43.76524849192122],[-79.7650444293205,43.7257103292227],[-79.70377514554379,43.673910971912925],[-79.6952102468853,43.66541620141291],[-79.67157942959125,43.70829731609276],[-79.7486399845987,43.76524849192122]]]},"properties":{"FED_NUM":35010,"ED_NAMEE":"Brampton—Chinguacousy Park","province_code":"ON"}},
{"type":"Feature","geometry":{"type":"Polygon","coordinates":[[[-79.72735719670966,43.81960389787014],[-79.7486399845987,43.76524849192122],[-79.67157942959125,43.70829731609276],[-79.63047380109238,43.736396590848756],[-79.63930240562541,43.749845708010284],[-79.67866791658301,43.819303402549714],[-79.69521541985631,43.84771811971449],[-79.72735719670966,43.81960389787014]]]},"properties":{"FED_NUM":35011,"ED_NAMEE":"Brampton East","province_code":"ON"}},
{"type":"Feature","geometry":{"type":"Polygon","coordinates":[[[-123.30385785396562,49.14231168333222],[-123.13670439606992,49.14088560805016],[-123.11736776481905,49.203780910389284],[-123.14012995143968,49.21933190933827],[-123.22594391104607,49.228871505707694],[-123.29942268192693,49.25917547212349],[-123.30385785396562,49.14231168333222]]]},"properties":{"FED_NUM":59027,"ED_NAMEE":"Richmond Centre—Marpole","province_code":"BC"}},
{"type":"Feature","geometry":{"type":"Polygon","coordinates":[[[-123.30385785396562,49.14231168333222],[-123.29990187388023,49.103718957304444],[-123.22920643484524,49.130600384957255],[-123.09664642860514,49.090136443608564],[-123.08583662661385,49.118110655230346],[-122.95690884107361,49.17517188110418],[-122.95742637302172,49.190120828424874],[-123.09125959434616,49.20529939149879],[-123.11736776481905,49.203780910389284],[-123.13670439606992,49.14088560805016],[-123.30385785396562,49.14231168333222]]]},"properties":{"FED_NUM":59028,"ED_NAMEE":"Richmond East—Steveston","province_code":"BC"}},
{"type":"Feature","geometry":{"type":"Polygon","coordinates":[[[-123.50001643807107,48.575594648524685],[-123.44784118734029,48.55577680005003],[-123.35118235722143,48.45032870705809],[-123.30910781721103,48.498980967355536],[-123.18901178379178,48.502836901571285],[-123.21797258720565,48.54745121185107],[-123.26836475914345,48.693569420563094],[-123.00849174495572,48.76710041154993],[-123.00848896213085,48.83121442084641],[-123.3185514123976,49.00006582471861],[-123.35712180300482,49.00278449737472],[-123.56840098944238,49.01825724689618],[-123.60652788726446,48.99993013395448],[-123.62510968677373,48.889457251001964],[-123.57739608405053,48.84602324905795],[-123.55289269818827,48.77824848841523],[-123.56503784497805,48.754156119349226],[-123.51283697238428,48.70160826999769],[-123.50001643807107,48.575594648524685]]]},"properties":{"FED_NUM":59029,"ED_NAMEE":"Saanich—Gulf Islands","province_code":"BC"}},
{"type":"Feature","geometry":{"type":"Polygon","coordinates":[[[-97.2296161784788,49.93300538614661],[-97.20292926564356,49.87685352160037],[-97.12691085200582,49.88585982557126],[-97.10860724631695,49.90269422043979],[-97.12664031856791,49.91323831572705],[-97.2296161784788,49.93300538614661]]]},"properties":{"FED_NUM":46010,"ED_NAMEE":"Winnipeg Centre","province_code":"MB"}},
{"type":"Feature","geometry":{"type":"Polygon","coordinates":[[[-97.2296161784788,49.93300538614661],[-97.12664031856791,49.91323831572705],[-97.11006466125616,49.92598915037768],[-97.16001438873097,49.939105413504414],[-97.18387300801925,49.97546110872983],[-97.2296161784788,49.93300538614661]]]},"properties":{"FED_NUM":46011,"ED_NAMEE":"Winnipeg North","province_code":"MB"}},
{"type":"Feature","geometry":{"type":"Polygon","coordinates":[[[-97.21945731308479,49.800497690376105],[-97.2198700888774,49.71363749141845],[-97.08291711718154,49.75301387165137],[-97.04866290273576,49.792512803067105],[-97.09281250420176,49.83837210332713],[-97.14303586749678,49.82205151554675],[-97.21945731308479,49.800497690376105]]]},"properties":{"FED_NUM":46012,"ED_NAMEE":"Winnipeg South","province_code":"MB"}},
{"type":"Feature","geometry":{"type":"Polygon","coordinates":[[[-97.12691085200582,49.88585982557126],[-97.20292926564356,49.87685352160037],[-97.23429280599044,49.81448368730132],[-97.21945731308479,49.800497690376105],[-97.14303586749678,49.82205151554675],[-97.12691085200582,49.88585982557126]]]},"properties":{"FED_NUM":46013,"ED_NAMEE":"Winnipeg South Centre","province_code":"MB"}},
{"type":"Feature","geometry":{"type":"Polygon","coordinates":[[[-97.18391818674046,50.06385379277835],[-97.73509119695,50.06380348942811],[-97.7320717646385,50.043182458351886],[-97.6025758190569,50.012332591932434],[-97.44411542807758,49.92329533565001],[-97.45384454720237,49.80564504456993],[-97.23429280599044,49.81448368730132],[-97.20292926564356,49.87685352160037],[-97.2296161784788,49.93300538614661],[-97.18387300801925,49.97546110872983],[-97.18391818674046,50.06385379277835]]]},"properties":{"FED_NUM":46014,"ED_NAMEE":"Winnipeg West","province_code":"MB"}},
{"type":"Feature","geometry":{"type":"Polygon","coordinates":[[[-79.72735719670966,43.81960389787014],[-79.7816580184333,43.85949679372137],[-79.9229076969546,43.732638891687046],[-79.93741578855045,43.710982994581435],[-79.91560419892564,43.69471729074481],[-79.88887089611161,43.674890594634824],[-79.83017376326328,43.72885994804631],[-79.7866863087352,43.705839004596235],[-79.7650444293205,43.7257103292227],[-79.7486399845987,43.76524849192122],[-79.72735719670966,43.81960389787014]]]},"properties":{"FED_NUM":35012,"ED_NAMEE":"Brampton North—Caledon","province_code":"ON"}},
{"type":"Feature","geometry":{"type":"Polygon","coordinates":[[[-79.8023697186119,43.68193429676115],[-79.85227570948837,43.64787910420805],[-79.7903567514558,43.60223143858834],[-79.74586882553439,43.62872341487474],[-79.6952102468853,43.66541620141291],[-79.70377514554379,43.673910971912925],[-79.74374101328544,43.65641529047523],[-79.8023697186119,43.68193429676115]]]},"properties":{"FED_NUM":35013,"ED_NAMEE":"Brampton South","province_code":"ON"}},
{"type":"Feature","geometry":{"type":"Polygon","coordinates":[[[-79.88887089611161,43.674890594634824],[-79.85227570948837,43.64787910420805],[-79.8023697186119,43.68193429676115],[-79.7866863087352,43.705839004596235],[-79.83017376326328,43.72885994804631],[-79.88887089611161,43.674890594634824]]]},"properties":{"FED_NUM":35014,"ED_NAMEE":"Brampton West","province_code":"ON"}},
{"type":"Feature","geometry":{"type":"Polygon","coordinates":[[[-80.43645260586935,43.1794063063517],[-80.60874540819337,43.15163401281325],[-80.5434229928167,42.984863201617785],[-80.24370921226647,43.03214540318994],[-80.0555114471558,42.963390681404405],[-79.97640789333792,43.07970482913113],[-79.98432309550938,43.13200039484793],[-80.178083846227,43.20209217560211],[-80.2612572943194,43.20830490452161],[-80.3192490065148,43.19852531163705],[-80.36088600100862,43.15389470867526],[-80.42181610220622,43.14356609825045],[-80.43645260586935,43.1794063063517]]]},"properties":{"FED_NUM":35015,"ED_NAMEE":"Brantford—Brant South—Six Nations","province_code":"ON"}},
{"type":"Feature","geometry":{"type":"Polygon","coordinates":[[[-81.81676315828474,45.36155552212489],[-81.80208785691777,45.30938939534559],[-81.74523011927306,45.25021139398093],[-81.74479261895775,45.217214431210984],[-81.69009762619598,45.138350518699866],[-81.60295765015144,45.04687442722726],[-81.55432721862583,45.01020164502735],[-81.45319757882123,44.999455467297274],[-81.444392577497,44.95043223225578],[-81.37186841597368,44.79748998136124],[-81.3372518871458,44.75785064831115],[-81.35372475014745,44.687361607329954],[-81.35335717488326,44.61469808221752],[-81.39672439936521,44.54030024836792],[-81.32882313675734,44.50415996737821],[-81.32330648716822,44.45858916388684],[-81.26650961596575,44.259100302190035],[-81.06943911066075,44.288339603541814],[-80.98911870062209,43.986736693949574],[-80.83582895004794,44.00457664132937],[-80.82747196599652,43.96818012091284],[-80.56856991469834,43.99816039250171],[-80.43842851805901,44.0259893924171],[-80.37495988403971,44.03927560068776],[-80.39817789883159,44.13514213292343],[-80.36099600783952,44.167382541230104],[-80.41119190730271,44.21461440061597],[-80.2290779021495,44.253419190915416],[-80.26636219331517,44.416033990392],[-80.46372608566864,44.372760796956875],[-80.59918520750244,44.972717423420235],[-81.07103149630174,45.360702114017556],[-81.81676315828474,45.36155552212489]]]},"properties":{"FED_NUM":35016,"ED_NAMEE":"Bruce—Grey—Owen Sound","province_code":"ON"}},
{"type":"Feature","geometry":{"type":"Polygon","coordinates":[[[-79.86807340719766,43.35279710220958],[-79.89235368146879,43.293818368908106],[-79.79802402566747,43.298330292132256],[-79.79316922458749,43.30113071419218],[-79.7969231636493,43.317867609329305],[-79.72035172341107,43.368931116721356],[-79.75651159409811,43.39541399330991],[-79.78804121163901,43.36653160736119],[-79.83332310954172,43.38334548920132],[-79.86807340719766,43.35279710220958]]]},"properties":{"FED_NUM":35017,"ED_NAMEE":"Burlington","province_code":"ON"}},
{"type":"Feature","geometry":{"type":"Polygon","coordinates":[[[-76.35397110689236,45.410557633376115],[-76.21073448445995,45.30296449200553],[-75.94113140684354,45.08015511071655],[-75.9531279054827,45.07239810360869],[-75.81954218537322,44.962213116484925],[-75.8100987535961,44.97668327727414],[-75.59498419454134,45.084348202758484],[-75.35318540996224,45.18207449368554],[-75.42594482000887,45.31246569363647],[-75.35858439288491,45.33653669480497],[-75.5650893074953,45.37394779115564],[-75.58507201854505,45.38499872017025],[-75.56786640210407,45.322666294043316],[-75.60392329697684,45.286509706611426],[-75.69622887734893,45.334236312885295],[-75.70305831258051,45.24463357341807],[-75.74901210963255,45.22651175932508],[-75.80438968646313,45.28056400537699],[-75.8018230548281,45.31295762746701],[-75.86437219908188,45.27068909938133],[-75.89558361103,45.293536796331146],[-75.96423298972324,45.2501531896695],[-76.04504731960219,45.31093019253357],[-76.100722898696,45.3214550091638],[-75.93111780127657,45.43183325083371],[-75.98716460661814,45.4796453086377],[-76.08987718683801,45.51385244538715],[-76.20100638900729,45.51887913515099],[-76.24508393215224,45.46860894119558],[-76.29621681486715,45.4645315628148],[-76.35397110689236,45.410557633376115]]]},"properties":{"FED_NUM":35020,"ED_NAMEE":"Carleton","province_code":"ON"}},
{"type":"Feature","geometry":{"type":"Polygon","coordinates":[[[-82.48455890110782,42.34415444361147],[-82.42991941137261,42.29712949688386],[-82.43702309771841,42.19371310971481],[-82.45789981706535,42.165361491413805],[-82.6357375852625,42.171681097006676],[-82.6605759024819,41.83473685277847],[-82.71733402997577,41.81160150618551],[-82.76101405726287,41.812078320297665],[-82.95870736209339,41.855286442962935],[-83.00000000011266,41.830582202561146],[-82.68019868147098,41.67694922128306],[-82.5000000020435,41.67705510495321],[-82.50000001080281,41.968787368776894],[-82.46903987853425,42.00003825214869],[-82.46531971430863,42.059860872037795],[-82.35362114162571,42.09067843965705],[-82.04683457900181,42.25004312990866],[-81.85446708670764,42.25008878350174],[-81.78619942888999,42.2612608548638],[-81.81047328156582,42.307646697143596],[-81.6242200009783,42.435905897766055],[-81.83465275010691,42.608014336286494],[-81.83506290719322,42.650961506684745],[-82.00877366271116,42.650657363980805],[-82.02398455249616,42.62461786594366],[-82.48245439754317,42.6314139897482],[-82.4662415188078,42.5842448804309],[-82.42019441399573,42.572319400819275],[-82.43469481297612,42.49029832963848],[-82.48016219156092,42.460765974713915],[-82.48455890110782,42.34415444361147]]]},"properties":{"FED_NUM":35021,"ED_NAMEE":"Chatham-Kent—Leamington","province_code":"ON"}},
{"type":"Feature","geometry":{"type":"Polygon","coordinates":[[[-79.5243306361918,51.47133183850236],[-79.63915699404922,51.40706651284546],[-79.68170158328148,51.40562809434086],[-79.6861283825547,51.34884199144657],[-79.7454584903926,51.329193593008576],[-79.68990170090434,51.285490908259476],[-79.79017589168538,51.15987670617252],[-79.85938930742424,51.16537048956394],[-79.92435201706161,51.19219339990705],[-79.97808899385801,51.238778498389266],[-80.05165400534273,51.25701891214283],[-80.1134289792138,51.290810610247455],[-80.31436962010818,51.31534019160032],[-80.38513960248957,51.33866889719209],[-80.43561058956384,51.40719779743754],[-80.45022408586884,51.494702600792856],[-80.51263178953268,51.54764039577208],[-80.5821601768041,51.713066310522954],[-80.69485520804326,51.82107589627857],[-80.8803369051287,51.89522680151411],[-80.97231920053261,52.001695201467385],[-81.09457278721351,52.057578801694945],[-81.16122811280474,52.04458691300481],[-81.34038090470085,52.098930013419654],[-81.42958008963541,52.174197788936944],[-81.44633251597561,52.23278911216088],[-81.50054544765119,52.2828436978571],[-81.54392051154583,52.36340700825926],[-81.52526918846611,52.42316260776041],[-81.56238880613739,52.46264870125597],[-81.64280938680791,52.495628988455934],[-81.76012921118371,52.60633731326694],[-81.85981459509681,52.65311548884087],[-81.91792571599744,52.7040067045722],[-81.94339300375567,52.777208487647634],[-82.10967061128123,52.89111089942819],[-82.23588129102998,52.92596188920827],[-82.27878529110943,53.009686899779695],[-82.28302538584383,53.10019171159039],[-82.2520639980639,53.18049378954053],[-82.2160267529045,53.216709873463394],[-82.11225051626604,53.265205792842586],[-82.11046490436843,53.30633748857585],[-82.16184718693559,53.45754719009204],[-82.20453898165937,53.550767494820946],[-82.2001015823017,53.65324189651623],[-82.11985679663718,53.774720205968215],[-82.12431500237301,53.82733049716296],[-82.20421507657423,53.99581080784435],[-82.25524451428426,54.06374730349611],[-82.34611757632669,54.12757520933541],[-82.40764431309714,54.19254960898962],[-82.43242401763287,54.277092114389845],[-82.4239256877192,54.34603480475002],[-82.34337940634539,54.49939628951172],[-82.32349230379285,54.505709111131694],[-82.28836810005473,54.654426498487446],[-82.19536019778124,54.80431239215875],[-82.21290828608468,54.874474392886476],[-82.25158012076935,54.8759758956368],[-82.27176909943942,55.049919705155155],[-82.25258720009616,55.10965909303114],[-82.41529100481279,55.10876859477995],[-82.50991958112003,55.149670594680174],[-82.55345289145919,55.13215530582142],[-82.7152745990428,55.16154050624027],[-82.75138638154276,55.13151678536127],[-82.81331501607765,55.1301787055528],[-82.88046497896964,55.157386304914525],[-82.92166939094423,55.210460790660015],[-82.97331438329044,55.22634659563281],[-83.15358597760044,55.19550509888564],[-83.22038870375093,55.2116777949582],[-83.33754678939623,55.198708901875165],[-83.41774951217118,55.22255410966495],[-83.48230048731016,55.2194103017087],[-83.55737118803196,55.247222886783646],[-83.67216337891443,55.26946590859864],[-83.7466673006605,55.25222829238457],[-83.88329239291697,55.294106207609815],[-83.97611540608021,55.28727930370353],[-84.07867290027133,55.2502023112398],[-84.17442510796212,55.27457330913211],[-84.38920639732702,55.26355031276068],[-84.51219901176641,55.232128091681936],[-84.79457341593279,55.23532869299131],[-84.97230331320023,55.27969749893336],[-85.09576778427979,55.260382597746364],[-85.13198571156288,55.33192449026483],[-85.20040481501461,55.34310280859883],[-85.22994200827982,55.372789399121025],[-85.35286280348444,55.384807690687865],[-85.43389350579872,55.417744293017165],[-85.57599448395553,55.506002605919456],[-85.64389328334566,55.55796701140076],[-85.77313640497228,55.59364850948666],[-85.9670626116521,55.661312507087715],[-86.2694896822508,55.708856888565386],[-86.37489790323366,55.76426071283954],[-86.54548671146979,55.80630893727278],[-86.55013643069972,54.743802018720906],[-86.63714101257865,54.77409359521315],[-86.7719202392977,54.77159919825531],[-86.97367266156694,54.736735834899875],[-87.13705179577168,54.74268251067222],[-87.29698775565753,54.732362201257075],[-87.30846585245092,54.71752915853495],[-87.26985425863921,54.60565530038781],[-87.22464734890868,54.53280350730082],[-87.21733884900827,54.47775884279167],[-87.14655823676358,54.39735852760554],[-87.14391893037664,54.341272615250354],[-87.34201250328573,54.26188582255969],[-87.3003119152891,54.222550431431266],[-87.19308563299104,54.26405293283435],[-87.1655350496637,54.20343898419401],[-87.17437599430019,54.1710419562244],[-87.08083417565989,54.000344077867325],[-86.5524481630027,54.00112815011619],[-86.5524226443252,53.00006399973504],[-86.55960369690443,52.49731913748099],[-86.54795249818743,51.51957651153218],[-86.48394863766185,51.53915266478239],[-86.38652748098023,51.6217870456329],[-86.40189860932122,51.69235906294496],[-86.38377290283029,51.728348114822325],[-86.3005452595342,51.76735062934881],[-86.25236610271725,51.77334678709344],[-86.14615069754417,51.75403767523962],[-86.10636959684747,51.72757511302236],[-85.9877390001788,51.708094372193926],[-85.84812174188177,51.70585316315186],[-85.85002607479052,51.62896132111453],[-85.71278222677711,51.63505303242192],[-85.68134553179937,51.64718740710487],[-85.49999982453394,51.659617208971],[-85.46008570456009,51.65093652802512],[-85.40846362078388,51.59286308977058],[-85.33675408610871,51.562722797675654],[-85.31160309528016,51.52560916554059],[-85.2413188509365,51.51399054099452],[-85.13540514423681,51.42165533495483],[-85.05045008769221,51.395690580260435],[-85.03660822757499,51.31420958738577],[-84.97812816572629,51.28084073155879],[-84.89936539822287,51.273991465788924],[-84.7853522303663,51.191006325895835],[-84.71013063619301,51.181355719046856],[-84.62713483108541,51.15244251388933],[-84.59046393357667,51.12107831376381],[-84.47997505314419,51.10855369260429],[-84.49975498632443,51.081775477137924],[-84.56722912953757,51.07551945152028],[-84.60919073067106,50.99927987456724],[-84.56687990307303,50.90411468819713],[-84.56353492218976,50.8395033614628],[-84.444301086716,50.78565141957303],[-84.43602734214215,50.69838481952328],[-84.49215462668231,50.59118573928363],[-84.501576610536,50.51210864184999],[-84.38192006353331,50.41231229659568],[-84.37695394746169,50.3627414416794],[-84.48948816515798,50.34169938695668],[-84.54312183913461,50.28246575981985],[-84.66292551796761,50.246707659099606],[-84.68896755573049,50.22578730536596],[-84.68569494622231,49.708695368033695],[-84.48557170037202,49.709364759053585],[-84.48428430369869,49.4513972621274],[-84.01444215981452,49.44929187573751],[-84.01473937961403,48.336096009524006],[-83.93929603880173,48.33248851616425],[-83.91419975446576,48.30310601111906],[-83.9920324302566,48.29070752134241],[-84.0147478283969,48.30552399288785],[-84.0163834607918,47.93410185766351],[-83.97374497604017,47.93410277654283],[-83.97492747709042,47.23615984072429],[-83.2753816717972,47.23557134734467],[-82.60301793769587,47.23577228200776],[-82.59986900523516,47.59338662121562],[-82.6005428372558,48.097832277641594],[-81.85689418208865,48.10390039919159],[-81.2311405505366,48.10252371508958],[-81.07363982685465,48.10345090001177],[-81.07343468711129,47.32176117052806],[-80.3984318284306,47.32037323427484],[-80.4061798746642,47.94156395819335],[-79.88865065109236,47.93865202961615],[-79.76137536902945,47.9280490065261],[-79.51748589338352,47.92687405630742],[-79.51805788248961,49.008060579899116],[-79.51791005121005,51.009634259662384],[-79.51584871321637,51.460677607705435],[-79.5243306361918,51.47133183850236]]]},"properties":{"FED_NUM":35044,"ED_NAMEE":"Kapuskasing—Timmins—Mushkegowuk","province_code":"ON"}},
{"type":"Feature","geometry":{"type":"Polygon","coordinates":[[[-95.15279423929513,50.3957728419764],[-95.15395734318327,49.38551483790502],[-95.05812261696988,49.35305859200934],[-94.9575488103581,49.370279792277266],[-94.8540554577599,49.3243333341793],[-94.8230145523137,49.28790723417338],[-94.69747244930316,49.28575763655976],[-94.6986512837455,49.36611608728947],[-94.56163330466026,49.366563325046194],[-94.55943013604224,49.28373052072918],[-94.29114939877101,49.283023996421434],[-94.20381521969865,49.272332307021316],[-94.20296885401098,49.2002629559379],[-94.09284924413755,49.20099194913631],[-94.0948132744896,49.10849573012963],[-94.17964335954586,49.08996493347203],[-94.22875128527828,49.09617670398854],[-94.22962141070941,49.00002419762859],[-93.83000854259019,49.00005988985519],[-93.82948609285117,49.10745110824102],[-92.93409467297285,49.10578452489454],[-92.93700220036803,49.01935626548645],[-91.61556663275037,49.019701664799065],[-90.96537228907674,49.01955681876002],[-90.96562070620591,50.01320432743572],[-90.9643973224683,50.06325583383099],[-90.63377403353876,50.0614108755457],[-90.16986151886822,50.06348397880688],[-90.16703824776648,51.13366641039595],[-90.04674955911628,51.131684039088135],[-89.94673424372637,51.17477071880425],[-89.87919044169051,51.174097613795766],[-89.79418179621966,51.216572923888364],[-89.68227975559161,51.22675602516877],[-89.5576321001241,51.27983453195295],[-89.48087940614217,51.334219259155724],[-89.30118016276343,51.43046069841209],[-89.186110695575,51.430421248650184],[-89.18656687858628,51.452134565973225],[-89.10755147726668,51.52798875219465],[-88.99999981749727,51.50975499120182],[-88.9999405495992,53.00006393070772],[-88.39456213521746,53.00034813247069],[-87.50270783243299,52.99992156160216],[-87.39689091595883,53.08444211623469],[-87.37542822619224,53.12498742449317],[-87.25287265586661,53.11843913368715],[-87.25208822012351,52.9999238295603],[-86.5524226443252,53.00006399973504],[-86.5524481630027,54.00112815011619],[-87.08083417565989,54.000344077867325],[-87.17437599430019,54.1710419562244],[-87.1655350496637,54.20343898419401],[-87.19308563299104,54.26405293283435],[-87.3003119152891,54.222550431431266],[-87.34201250328573,54.26188582255969],[-87.14391893037664,54.341272615250354],[-87.14655823676358,54.39735852760554],[-87.21733884900827,54.47775884279167],[-87.22464734890868,54.53280350730082],[-87.26985425863921,54.60565530038781],[-87.30846585245092,54.71752915853495],[-87.29698775565753,54.732362201257075],[-87.13705179577168,54.74268251067222],[-86.97367266156694,54.736735834899875],[-86.7719202392977,54.77159919825531],[-86.63714101257865,54.77409359521315],[-86.55013643069972,54.743802018720906],[-86.54548671146979,55.80630893727278],[-86.67331841896177,55.83363119770295],[-86.90124549527677,55.91407229214922],[-87.02302038943073,55.91568599139253],[-87.21298862130772,55.932651297923215],[-87.37304039393737,55.989975105124685],[-87.4807260010434,56.01842150542948],[-87.47221989711609,56.04862029893924],[-87.57853262083556,56.07631459672936],[-87.63740008891511,56.11231260013127],[-87.77669339402264,56.266647091835445],[-87.83213732382858,56.34160029716195],[-87.9236769949723,56.391651086980254],[-87.97910988212556,56.473071301634285],[-88.18078449750254,56.512080500667246],[-88.35219020437532,56.56735358963853],[-88.44391219191716,56.60874128796253],[-88.50806378019834,56.65676119718193],[-88.66893568221255,56.70195760796195],[-88.69036092372582,56.745446590978446],[-88.81297641833177,56.801182895558505],[-88.81677607737454,56.8378540022556],[-88.87827458612249,56.86145859398831],[-88.97957690400347,56.851148447076916],[-90.15292343307034,56.133763646290376],[-90.80225034836283,55.72039433745132],[-91.64779319163776,55.15848486143397],[-91.99997009144784,54.90600270743444],[-92.18869236422618,54.774903599422146],[-92.65857365416525,54.4533788823797],[-93.1896747713325,54.074774270260136],[-93.62955353161755,53.7502026962942],[-93.95844503022926,53.55369426662753],[-94.26267121459966,53.381424001054405],[-95.15315109619928,52.84057310607324],[-95.15279423929513,50.3957728419764]]]},"properties":{"FED_NUM":35045,"ED_NAMEE":"Kenora—Kiiwetinoong","province_code":"ON"}},
{"type":"Feature","geometry":{"type":"Polygon","coordinates":[[[-76.71279459664213,44.35179371141862],[-76.64409809975103,44.2503231068787],[-76.52473737456344,44.05517251811424],[-76.5000015317894,44.01523808822624],[-76.43874526958305,44.094129833632095],[-76.35269050872854,44.13438143033772],[-76.31264738230648,44.19912227339398],[-76.2454193458431,44.20391746619427],[-76.16426276239275,44.23988564997217],[-76.16181222080091,44.280743337220905],[-76.23349831162611,44.30522848241012],[-76.25210899439351,44.4802844989967],[-76.2957209009465,44.448157042443206],[-76.33461175432359,44.37872167802568],[-76.3982848172831,44.346074514818504],[-76.56820027455738,44.33868915314822],[-76.5682122523082,44.357325476958366],[-76.71279459664213,44.35179371141862]]]},"properties":{"FED_NUM":35046,"ED_NAMEE":"Kingston and the Islands","province_code":"ON"}},
{"type":"Feature","geometry":{"type":"Polygon","coordinates":[[[-79.7755043990594,43.98975751198285],[-79.69521541985631,43.84771811971449],[-79.67866791658301,43.819303402549714],[-79.59878826214144,43.836548093123675],[-79.54617666919899,43.828256086342705],[-79.48306698762174,43.842635604922705],[-79.46276210004855,43.865913894605825],[-79.4673525085619,43.88411169464893],[-79.49949149997965,44.01647049929578],[-79.510808109807,44.06732880185203],[-79.55688086326437,44.0757496607233],[-79.64945894623,44.017733488642726],[-79.7755043990594,43.98975751198285]]]},"properties":{"FED_NUM":35047,"ED_NAMEE":"King—Vaughan","province_code":"ON"}},
{"type":"Feature","geometry":{"type":"Polygon","coordinates":[[[-80.47925020874166,43.50384352629294],[-80.50521991668424,43.46145099944993],[-80.54281307051,43.442870791522715],[-80.50282059073352,43.42330619280122],[-80.3921694292768,43.45020544074896],[-80.47925020874166,43.50384352629294]]]},"properties":{"FED_NUM":35048,"ED_NAMEE":"Kitchener Centre","province_code":"ON"}},
{"type":"Feature","geometry":{"type":"Polygon","coordinates":[[[-80.55754341343585,43.689596005449594],[-80.59509018981873,43.66203890184202],[-80.6080118421581,43.589102236577745],[-80.75454581099257,43.64840470021919],[-80.86903649373691,43.498048707169],[-80.7940832549096,43.46675957662434],[-80.7376463032597,43.40795908908501],[-80.73578671211521,43.35333740486862],[-80.73491998599857,43.31098099655589],[-80.5036325960373,43.34806839612214],[-80.48144950256699,43.35802799824949],[-80.50282059073352,43.42330619280122],[-80.54281307051,43.442870791522715],[-80.57410382246917,43.432659873832975],[-80.62618420668596,43.47974709297645],[-80.48246441237227,43.53057344853613],[-80.47925020874166,43.50384352629294],[-80.3921694292768,43.45020544074896],[-80.30602629098594,43.47206619264736],[-80.37395268577453,43.532822997024596],[-80.38301450081994,43.56359640374062],[-80.55754341343585,43.689596005449594]]]},"properties":{"FED_NUM":35049,"ED_NAMEE":"Kitchener—Conestoga","province_code":"ON"}},
{"type":"Feature","geometry":{"type":"Polygon","coordinates":[[[-77.13748229534761,45.099260478258266],[-77.06578720493037,44.9625320019328],[-77.22135925820832,44.919541957158515],[-77.16806000474301,44.763564965202264],[-77.11816285345355,44.777009555676855],[-77.03219156421642,44.61195962135855],[-76.92464823183404,44.638479998563334],[-76.71279459664213,44.35179371141862],[-76.5682122523082,44.357325476958366],[-76.56820027455738,44.33868915314822],[-76.3982848172831,44.346074514818504],[-76.33461175432359,44.37872167802568],[-76.2957209009465,44.448157042443206],[-76.25210899439351,44.4802844989967],[-76.36381115206237,44.57285669372925],[-76.52566459620745,44.721195835666656],[-76.40232353928927,44.79460182741008],[-76.29119048830646,44.70411781759992],[-76.22045682642947,44.754428765367486],[-76.1765292217819,44.832177607866676],[-76.07291645016171,44.893037205680045],[-75.99666521392872,44.88935373447192],[-75.95069718266528,44.86798003951816],[-75.88525477419772,44.87131443700593],[-75.81954218537322,44.962213116484925],[-75.9531279054827,45.07239810360869],[-75.94113140684354,45.08015511071655],[-76.21073448445995,45.30296449200553],[-76.35397110689236,45.410557633376115],[-76.4830923052376,45.322816011747655],[-76.58383751117418,45.26393262092256],[-76.76980018022773,45.14228562817973],[-76.81473035719,45.221399497384354],[-76.89451533946892,45.19351447370206],[-76.92937299390262,45.21103852348672],[-76.98120117168818,45.18299382368722],[-76.97068421799405,45.14532242339318],[-77.13748229534761,45.099260478258266]]]},"properties":{"FED_NUM":35051,"ED_NAMEE":"Lanark—Frontenac","province_code":"ON"}},
{"type":"Feature","geometry":{"type":"Polygon","coordinates":[[[-75.81954218537322,44.962213116484925],[-75.88525477419772,44.87131443700593],[-75.95069718266528,44.86798003951816],[-75.99666521392872,44.88935373447192],[-76.07291645016171,44.893037205680045],[-76.1765292217819,44.832177607866676],[-76.22045682642947,44.754428765367486],[-76.29119048830646,44.70411781759992],[-76.40232353928927,44.79460182741008],[-76.52566459620745,44.721195835666656],[-76.36381115206237,44.57285669372925],[-76.25210899439351,44.4802844989967],[-76.23349831162611,44.30522848241012],[-76.16181222080091,44.280743337220905],[-76.09691165716957,44.299810285795814],[-76.00121454460286,44.347936774081894],[-75.91283251341167,44.36779052807909],[-75.82137084391282,44.432027011481914],[-75.76691314485782,44.51525792624127],[-75.504909272807,44.70536488202987],[-75.35724024904705,44.79810089980476],[-75.49597149035614,44.97006719574591],[-75.59498419454134,45.084348202758484],[-75.8100987535961,44.97668327727414],[-75.81954218537322,44.962213116484925]]]},"properties":{"FED_NUM":35052,"ED_NAMEE":"Leeds—Grenville—Thousand Islands—Rideau Lakes","province_code":"ON"}},
{"type":"Feature","geometry":{"type":"Polygon","coordinates":[[[-81.26050739427544,42.956846608875544],[-81.25801808972989,42.94071041119437],[-81.24787560478187,42.92323530489448],[-81.11344695305559,42.94455338953084],[-81.13582464707952,43.040518561031625],[-81.17584977583905,43.05789881116426],[-81.22703029165008,43.04312289839812],[-81.19866934637066,42.985925115819825],[-81.26050739427544,42.956846608875544]]]},"properties":{"FED_NUM":35054,"ED_NAMEE":"London—Fanshawe","province_code":"ON"}},
{"type":"Feature","geometry":{"type":"Polygon","coordinates":[[[-120.05479757827868,49.855706224310914],[-120.13017159292055,49.84582654421365],[-120.21338723793609,49.860527563946],[-120.33005879886791,49.91201160871088],[-120.39014537155599,49.873890744282726],[-120.38863736992505,49.84911137812682],[-120.48571062269046,49.772231345064384],[-120.60376780027914,49.770770501967625],[-120.60433288796686,49.74957950774427],[-120.75988518888958,49.74972609409011],[-120.77179116853851,49.76339109674993],[-120.94845229851403,49.76058055390585],[-120.96240832746015,49.67347949690803],[-120.95950302271704,49.642209132044876],[-121.03788250372108,49.58691195413856],[-121.04771034450361,49.53187218665029],[-121.08187464222206,49.51416762052522],[-121.05377626403924,49.47122850176529],[-121.0992668283446,49.4410877417818],[-121.09804393142032,49.353909473111884],[-121.04524265512973,49.33073445512307],[-121.00141735512854,49.27824238978745],[-120.93612029124156,49.27597720051633],[-120.90578885427533,49.3056752982379],[-120.82397134237584,49.29497116483167],[-120.82076573616285,49.24732318926948],[-120.89127772996147,49.206174740619694],[-120.9031838325458,49.175138736728655],[-120.85798331803532,49.133953624939636],[-120.96311148240419,49.0948356584599],[-120.895078156786,49.07816044496712],[-120.82569932186057,49.02546256835713],[-120.84840827446455,49.00007714682964],[-120.3699673590558,49.00008067861271],[-119.5359820288272,49.00004030607803],[-119.00848174086666,49.000010600167165],[-118.49999998681653,49.00000000882153],[-117.72157710644414,49.000711957543906],[-117.75923930032555,49.05910560484091],[-117.73715918925241,49.140643991802804],[-117.67427467372688,49.17504159053164],[-117.49396124076011,49.17548721821253],[-117.4908738039663,49.34899073598166],[-117.55493492584093,49.34870789066116],[-117.51695940987399,49.4359233188413],[-117.60150503767531,49.4184271039769],[-117.69158626887439,49.418141855786075],[-117.75186015468562,49.49789971223045],[-117.82329031718126,49.50874020853305],[-117.84706761373525,49.53923190644995],[-117.93513598947936,49.53299720503676],[-118.01538290262594,49.570565342662114],[-118.0034236964495,49.69211580369206],[-118.09971752474678,49.70269891294753],[-118.15539166076756,49.726405530042605],[-118.23059564306445,49.71829886560679],[-118.26463130133736,49.804471838183765],[-118.30457456686361,49.81233487721734],[-118.51021317089777,49.81255700649985],[-118.50541555405603,49.73923210694372],[-118.56869155104,49.704220837007554],[-118.57887115627543,49.63317458560594],[-118.62009698147523,49.562671380814336],[-118.70176053720436,49.49089660162312],[-118.71594698548041,49.37683946650736],[-119.23639360695698,49.34141023274578],[-119.30035751782964,49.38570747316102],[-119.30207491895631,49.52174946459298],[-119.32178017399619,49.530460336673265],[-119.37590573758658,49.67903282753317],[-119.4270334807902,49.6753879926475],[-119.4858974774586,49.74639297553832],[-119.55662402031761,49.760186026119136],[-119.71955191142303,49.76524900324439],[-119.73819690990275,49.72001430979246],[-119.64250809019993,49.63344761619808],[-119.60349335707785,49.5555765508949],[-119.68287621615626,49.561460956820355],[-119.7532285150529,49.58358153675798],[-119.77731728238574,49.51491202127751],[-119.73894673611258,49.47147061288017],[-119.90013561542698,49.47170425416928],[-119.94961917247295,49.528885174807],[-120.03328156805512,49.52151541210889],[-120.03160981115857,49.594839701670224],[-120.09922463326428,49.64614119686901],[-120.03024758549101,49.67024823049057],[-119.97519402463897,49.667632594835716],[-119.97948820100329,49.77320249522865],[-119.9670072974432,49.81220896086459],[-120.05479757827868,49.855706224310914]]]},"properties":{"FED_NUM":59030,"ED_NAMEE":"Similkameen—South Okanagan—West Kootenay","province_code":"BC"}},
{"type":"Feature","geometry":{"type":"Polygon","coordinates":[[[-139.05220104118416,60.00004064829171],[-138.79082343296542,59.92299071622354],[-138.70578523037904,59.906239996530374],[-138.6562993296912,59.79922408197516],[-138.60542550811195,59.757690149007],[-137.8780439386827,59.38144171654231],[-137.602069213002,59.24072505569871],[-137.49931352014508,58.98313853375383],[-137.52672886439262,58.90659879357986],[-137.44656238465572,58.908661738478244],[-137.28840773955167,58.99948195419732],[-136.99963448320625,59.091363957704516],[-136.8246700387305,59.159801425258266],[-136.5819921480745,59.16554119421348],[-136.467494610245,59.284562064554244],[-136.47624805225638,59.46419270875053],[-136.3977353084412,59.44717703251384],[-136.30143606390348,59.46583769060701],[-136.23628501754607,59.52671140427604],[-136.24140605065026,59.55910280316626],[-136.35571247559093,59.6006730391463],[-136.1952510867673,59.63881268526756],[-135.94568892689426,59.66362239886283],[-135.47900520794403,59.79861259790228],[-135.37702283652015,59.74292598142667],[-135.23470735827175,59.695949914723954],[-135.22181480394417,59.664146868385025],[-135.1175459484601,59.62338338990639],[-135.02770806232834,59.56391807181976],[-135.02798883695039,59.476302304833695],[-135.09752762584296,59.427003110849874],[-134.98924636318856,59.38787571323676],[-135.03020196243008,59.34835109274308],[-134.95893515335587,59.28108635025568],[-134.69929969859368,59.248388766462526],[-134.67794727745962,59.19280431345722],[-134.5697992889627,59.13350376644155],[-134.48478307227998,59.13338713557881],[-134.38537490218127,59.04139666896225],[-134.40760749037088,58.97844545363316],[-134.3122785959805,58.96139114003919],[-134.3373829036346,58.92033537187249],[-134.25643375791068,58.8590724534729],[-134.00258580931205,58.77409484841091],[-133.84133308491866,58.73014897241463],[-133.69947134485633,58.609113612373996],[-133.3817976969063,58.43255160495014],[-133.46127439842485,58.38987267252139],[-133.35407056742577,58.28339962651329],[-133.17239918952725,58.151641312840574],[-133.0695431654581,58.0000524255032],[-132.8680683848222,57.8445873142641],[-132.75944309070232,57.707526446802845],[-132.68674278078453,57.64296648646648],[-132.56357904462467,57.50682642212994],[-132.36958172869134,57.35142412654577],[-132.24462075162975,57.212012754635445],[-132.36930758793568,57.091422051219354],[-132.0459265601024,57.04404365265748],[-132.12114693725243,56.86690115495519],[-131.87075825999014,56.80624978634921],[-131.9018382364341,56.75436068036211],[-131.85745704860335,56.70177345478594],[-131.83363167973684,56.59877516228304],[-131.5817548162275,56.61237151128175],[-131.4673848881221,56.551073038850426],[-131.16415733714277,56.447285411220854],[-131.08720274545198,56.4063531759673],[-130.7813902988189,56.368061290918575],[-130.65623639614785,56.2833948810417],[-130.58551316431422,56.255445850770094],[-130.465112269624,56.241474172826884],[-130.41972424022055,56.13887662653609],[-130.24124059138543,56.09580747987724],[-130.1037011064316,56.1220237296221],[-130.00213909421873,56.006610749155996],[-130.0325785445411,55.86873619740255],[-130.0847604475787,55.811671384920075],[-130.1513079444574,55.7673181234612],[-130.17167863064282,55.70478529429567],[-130.12481680693574,55.67858992693737],[-130.14764173605195,55.590728523128966],[-130.11174849683158,55.500068932575886],[-130.03847136051454,55.4497857626423],[-130.0257833468959,55.338524127392624],[-129.97401054570685,55.284921471793304],[-130.10515682838746,55.190721486234025],[-130.2004421480709,55.04639955310944],[-130.34671716198557,54.918666530365],[-130.56793840502607,54.79227890949923],[-130.65906328713805,54.76395020259656],[-130.61678154224185,54.70849899013823],[-132.68123044303206,54.661474248687185],[-133.2439579746638,54.645918437847214],[-133.24726136488312,54.16545704906192],[-133.24396018063533,53.7972258745758],[-133.22014614876528,53.675439764905455],[-133.12527141580048,53.41780849048175],[-133.02154995613043,53.167660274923406],[-132.9568906983947,52.99426422637674],[-132.75827349513227,52.7500095357504],[-132.50000001988062,52.75000000638149],[-132.50000000929774,52.5601442307627],[-132.31331112489073,52.393574268189425],[-132.19706534217016,52.307774102585796],[-132.06716280325344,52.223346028994264],[-131.93867055237206,52.15121554282556],[-131.6136975077349,52.02133510224208],[-131.49867735132398,51.99193840076859],[-131.21754607544784,51.94066778263527],[-131.07117648117796,51.89068189639811],[-130.97516460086334,51.88862996081653],[-130.75277775575,51.92784485475341],[-130.45696237464443,51.96909306743851],[-130.51652099771204,52.12221262048204],[-130.71201043739717,52.389881617932126],[-130.7901321368898,52.47005379675731],[-130.88734942834046,52.60676220758559],[-130.97058225935785,52.74367286770279],[-131.0399904828126,52.89734184843428],[-131.03801324803442,53.03174898784748],[-130.97654380824096,53.118185403474726],[-130.8365113408299,53.20229505017411],[-130.73574363064978,53.28672340046025],[-130.6997922316564,53.36643956186424],[-130.60572787684967,53.276279442951626],[-130.51501654798824,53.21411448868292],[-130.3762989843708,53.136103853841306],[-130.19270510454632,53.055286914119435],[-129.94536115121082,52.98352451645049],[-129.72181854321536,52.793370009514355],[-129.6595663079065,52.72772649008942],[-129.5400306727919,52.53734950525242],[-129.4875893235556,52.49271242881625],[-129.3953922504429,52.443240574213185],[-129.32537739082662,52.4305934607226],[-128.9458774357293,52.40050953080946],[-128.84924462050185,52.385555135646904],[-128.8043687002594,52.363514008397274],[-128.74928166745423,52.193254730150166],[-128.81956529651316,52.12822944875601],[-128.8222070546488,52.000063510363],[-129.0681221265657,52.0000593987375],[-129.05789074875574,51.93529733173014],[-129.00000000292866,51.821095616969664],[-129.0000000136911,51.200521603526845],[-129.0168061711504,51.1141418524592],[-129.08438376884843,50.965575131789194],[-127.99375253351612,51.080902267926604],[-127.91214400285686,51.20020186352608],[-127.84173420428769,51.383378559987406],[-127.84404412862794,51.50861701327346],[-127.92314775563781,51.67570835221959],[-127.95128738483768,51.7931596319525],[-127.92672808757823,51.99734812774897],[-125.77758605017947,52.00053340835614],[-125.72082804693662,52.008499986792486],[-125.67857356867961,51.94317143658858],[-125.61162566020718,51.90325500412399],[-125.57529156166594,51.9133632211428],[-125.61632122050064,51.98786005622163],[-125.57960170978933,52.055573320998114],[-125.65909722623117,52.06056285432661],[-125.66884336766148,52.122034350121446],[-125.59922426991032,52.15846994357722],[-125.4827276498086,52.177553677663205],[-125.45135843865239,52.20455320536074],[-125.502667660641,52.229262054790624],[-125.4774697487619,52.28009560615594],[-125.43940268730788,52.276159462855944],[-125.38280981026622,52.32956318335916],[-125.35864715049301,52.3806941469731],[-125.4893822209494,52.43196510062915],[-125.45601831964866,52.47154138338926],[-125.6204587680345,52.511151928928996],[-125.73517764311806,52.479838752172554],[-125.79935912825843,52.52523375760688],[-125.88492910903967,52.628168922087454],[-125.98799414203104,52.61930196645117],[-126.04678464313518,52.58157272768158],[-126.13602534040115,52.576913457822535],[-126.19778243735544,52.49996820644337],[-126.27040579190995,52.541211113883854],[-126.35884190165253,52.53504940216994],[-126.4456740691872,52.65416824869125],[-126.36112167277788,52.70693424338546],[-126.33353332240917,52.75160063448038],[-126.3356561494513,52.829532510485194],[-126.41615760962874,52.794229568955394],[-126.53027968673224,52.775151522048866],[-126.55351406805539,52.81525261949829],[-126.60111948731561,52.81297916064833],[-126.63919710165807,52.84600862245644],[-126.58734841708925,52.879381377318595],[-126.64606287307232,52.94192569695277],[-126.6091099184719,53.00027962206904],[-125.75080574921164,53.00039502124346],[-125.0003347654213,53.00028240219797],[-124.99631284524318,53.241811028404165],[-124.98383183470565,53.431527792418244],[-124.89881610268756,53.43530616272849],[-124.80588500868832,53.369095260201746],[-124.73662227434279,53.354623212858],[-124.6473416253794,53.40755032624703],[-124.6288479618819,53.386032330252355],[-124.52328845923438,53.40236854809754],[-124.55209992863296,53.46234849701866],[-124.50063060713782,53.52859111648154],[-124.50020066399065,53.894729668609706],[-124.43626860332982,53.896511764811194],[-124.43645941991537,53.99843339127122],[-124.36618531550174,53.99814008680907],[-124.35328531845529,54.07057379976806],[-124.36725417525611,54.12811945101133],[-124.46668057511909,54.12814162976874],[-124.4660306514113,54.23263546100637],[-124.40030043424397,54.26944534630621],[-124.34870306680003,54.26490320474298],[-124.27261528448238,54.29272143108128],[-124.19872998514369,54.29363549626975],[-123.96446209951944,54.209569007544246],[-123.52035758347796,54.15440079042358],[-123.52049399862702,54.252469344142476],[-123.55439168747743,54.30624498798318],[-123.64425645530103,54.330122631269816],[-123.74117133876483,54.32178894478464],[-123.81941191928027,54.33653234422324],[-123.8530539552605,54.375642117412276],[-123.93342439718003,54.379826601163415],[-123.98647868544458,54.42951075670113],[-123.8480443623622,54.51248667497159],[-123.8196777845073,54.58081031918936],[-123.78005612426705,54.59261603356505],[-123.77849891793473,54.659125925805085],[-123.88051867799437,54.738196455006936],[-123.94815587851822,54.76749767420972],[-123.92672559545035,54.86212037309232],[-124.02311564676965,54.86793856347532],[-124.05127173017844,54.9507771919899],[-123.98008222743952,55.0122102130558],[-123.8105547493105,55.03760636758614],[-123.7942119512043,54.99541572399553],[-123.69061074450407,54.92312797812554],[-123.6198357425944,54.955039392712195],[-123.55047147292416,54.95823794954513],[-123.51537617509379,55.01714432292002],[-123.41556590998319,55.03289062972824],[-123.3962729076122,55.1029772769956],[-123.41866114508058,55.148033394327214],[-123.39225944186195,55.17108644701861],[-123.41332591528598,55.23493057798041],[-123.49420887630231,55.31396542356452],[-123.6458930395885,55.30652898373608],[-123.74207794544623,55.28750708918681],[-123.85178867655006,55.33953347731592],[-123.9067580671361,55.42907520492787],[-123.88451218495743,55.503715096451444],[-123.92837814181847,55.55437952834335],[-124.05035329167049,55.54131676058539],[-124.0926289821648,55.568813960793506],[-124.12301102811318,55.63971952660531],[-124.19229073060062,55.68315440142892],[-124.3083326841365,55.70586372098787],[-124.35726747652392,55.786708963275494],[-124.33361620127232,55.832156626609304],[-124.37402457896978,55.87897885190265],[-124.39912690529859,55.950548525122976],[-124.49763221997313,56.06725261262531],[-124.48399810155564,56.13000291512604],[-124.66101716000112,56.11611630821409],[-124.71546395694237,56.13380027560338],[-124.8328527171823,56.22353757664541],[-124.92350692055068,56.244372900751884],[-125.04165338959719,56.203104386953235],[-125.06366117060786,56.26306861566119],[-125.11909586907312,56.30359588703347],[-125.18902778044969,56.29474285075845],[-125.2454638374759,56.25056431001159],[-125.4037737473765,56.252948387298424],[-125.57478856211851,56.16899164858533],[-125.65318908835465,56.16916435213168],[-125.6566276022843,56.2285852385992],[-125.86563951842997,56.145203938118165],[-125.95550025483512,56.14292791289073],[-125.980621996382,56.245629395315724],[-126.11632286831005,56.271922217156444],[-126.19583645209975,56.3503554220916],[-126.10036232692715,56.39261806088012],[-126.10187289898448,56.42543834122201],[-126.19308306150411,56.481046651517346],[-126.14192543268359,56.529500951938864],[-126.14302735297834,56.57667750455579],[-126.23126880821562,56.64730084259066],[-126.33150951256529,56.6773695338588],[-126.4176703836174,56.65477854412565],[-126.48831323541312,56.66469420971162],[-126.67483776965263,56.771759211214366],[-126.71722302855083,56.76634251590419],[-126.81148711071687,56.68032254114871],[-126.90227497184394,56.69247664423593],[-126.99288282207384,56.632224676136154],[-127.10107534159349,56.61353576156343],[-127.1288636813378,56.62639718324216],[-127.22228546377113,56.74590304137717],[-127.41585663280448,56.676814718754635],[-127.53273830708575,56.74067010627068],[-127.52331490084097,56.77304956589332],[-127.60335234314127,56.833985184825515],[-127.60380666995508,56.888779575525085],[-127.5447878981244,56.93135470028775],[-127.56117430689234,56.97717457998434],[-127.67709542173283,56.976777662996874],[-127.73286907871753,57.019632087964006],[-127.73034937549623,57.10996592041438],[-127.69695564027244,57.14090119441488],[-127.5215361126093,57.17068136985821],[-127.46726998070551,57.21003140661284],[-127.49123615890281,57.303443076349865],[-127.48027220143014,57.33569304158129],[-127.37426531915769,57.41819428059876],[-127.30290313290186,57.44667194307134],[-127.34188682545269,57.54904730192253],[-127.27191057780881,57.60318716870185],[-127.18140489294298,57.597660680795784],[-127.1501462734217,57.53589891160302],[-127.05704518574962,57.50727249946099],[-126.98797135294816,57.52995722313333],[-126.79613810572357,57.56586074193656],[-126.8701302296841,57.64011713170455],[-126.8525134621339,57.68816644837666],[-126.91819229356237,57.69872076484317],[-126.98126723759275,57.76080983136597],[-126.95909120290044,57.79708139810007],[-126.86915363009433,57.785327601417215],[-126.88795656467421,57.86731939438125],[-126.97059238666232,57.93311986034088],[-126.9509398040247,57.98944676072472],[-126.70305576113401,58.02710422002701],[-126.60412412325732,57.960207413308716],[-126.38525079443244,57.92619212482132],[-126.31593371748461,57.86191574706094],[-126.26871181242385,57.85570431109696],[-126.22874815912749,57.93374019867219],[-126.18290926209492,57.94455961757676],[-126.07794258643199,57.91366828290671],[-126.04409116648822,57.96693863179469],[-125.91639514807454,57.9806826955635],[-125.79735616036393,57.96604646765125],[-125.74735831650453,57.86554872756951],[-125.69960128177411,57.868270137638774],[-125.65344340332031,57.92222100443363],[-125.59382799487831,57.91425245590262],[-125.48897578289308,57.94119150561587],[-125.4510323631316,57.9715627014063],[-125.25083079397784,58.00541789281839],[-125.20390712165884,58.022356292653654],[-125.09470079818072,58.019101980814234],[-124.98234871716555,57.98142477462115],[-124.91906686116565,58.073971548630574],[-124.86096492518999,58.124890386596746],[-124.88395537530296,58.16431677605299],[-124.82970496373913,58.207061364016006],[-124.92626696078914,58.253214110298444],[-124.95186697741116,58.230835516422886],[-125.20129913933508,58.23926415908434],[-125.28862133809412,58.30289376820118],[-125.32853319011902,58.27777076094168],[-125.43934674464143,58.341134539738185],[-125.48049818883524,58.308653137441794],[-125.551842692819,58.31955345261624],[-125.71739303146832,58.307275908899754],[-125.82296812389761,58.36940409508195],[-125.85745432967734,58.4126574428304],[-125.93089005764357,58.395287849121175],[-126.0600971204474,58.42048420714274],[-126.07055007571049,58.44941680309335],[-126.2075936221803,58.49342354983326],[-126.28482571545626,58.54931885066194],[-126.30289601714831,58.59835136871178],[-126.48676978381656,58.605044583075454],[-126.60559181916673,58.58515322388006],[-126.74386777760152,58.667261445074324],[-126.90668012921434,58.661166454461004],[-126.83439598824572,58.72210944581594],[-126.94867705604959,58.80897347396406],[-127.0213849254226,58.806628821762644],[-127.05941939565632,58.85060176809486],[-126.9434632959027,58.97177157538337],[-126.97856134837386,59.04981120302038],[-126.97214828278015,59.10299484912395],[-127.02763400741516,59.13295183476855],[-127.11320357873836,59.12046249326936],[-127.17093650941905,59.1401972268464],[-127.22739097444234,59.242196257578556],[-127.27970592304145,59.282168797269314],[-127.34264568959883,59.37866314229201],[-127.49398869233785,59.53008095772981],[-127.53267728460456,59.534416931412885],[-127.59267264941367,59.59704074982722],[-127.72766554342155,59.629975213230146],[-127.79785007139817,59.6951322079006],[-127.80272594142244,59.785446060663524],[-127.76918761410914,59.82823856708916],[-127.66063564693576,59.85503454519777],[-127.72860753660228,59.89570745245874],[-127.72500008774587,60.00002215012345],[-128.4999999960547,59.9999999909254],[-128.99999996852816,59.99999999944769],[-129.75000000875957,59.99999999277207],[-130.49999999012113,59.99999998747026],[-131.50000001453802,59.99999999911767],[-132.50000000977445,59.99999998934159],[-133.50000002098523,60.0000000057602],[-133.9999999784832,60.00000000153573],[-134.7500000033073,59.999999987958326],[-135.5000000095548,59.99999999012402],[-136.50000001039558,59.99999998880476],[-137.49999997394303,60.0000000013562],[-138.5000000344215,60.00000000138729],[-139.05220104118416,60.00004064829171]]]},"properties":{"FED_NUM":59031,"ED_NAMEE":"Skeena—Bulkley Valley","province_code":"BC"}},
{"type":"Feature","geometry":{"type":"Polygon","coordinates":[[[-122.95891751027298,49.002423437591894],[-122.6816286361218,49.002208088666805],[-122.6800258057965,49.08388030518576],[-122.6798160969781,49.10439001733133],[-122.81784638630704,49.10455981778015],[-122.86778883016713,49.10817201093796],[-122.89036223277955,49.06220802209274],[-122.95891751027298,49.002423437591894]]]},"properties":{"FED_NUM":59032,"ED_NAMEE":"South Surrey—White Rock","province_code":"BC"}},
{"type":"Feature","geometry":{"type":"Polygon","coordinates":[[[-122.91219619899155,49.194062607966494],[-122.89026749841145,49.16320840184142],[-122.82342528839965,49.16291280337197],[-122.79758172903786,49.20107499191257],[-122.81201860429164,49.219571253793475],[-122.8759438526373,49.22020822660603],[-122.91219619899155,49.194062607966494]]]},"properties":{"FED_NUM":59033,"ED_NAMEE":"Surrey Centre","province_code":"BC"}},
{"type":"Feature","geometry":{"type":"Polygon","coordinates":[[[-122.89026749841145,49.16320840184142],[-122.86778883016713,49.10817201093796],[-122.81784638630704,49.10455981778015],[-122.82330921764698,49.1262046019626],[-122.82342528839965,49.16291280337197],[-122.89026749841145,49.16320840184142]]]},"properties":{"FED_NUM":59034,"ED_NAMEE":"Surrey Newton","province_code":"BC"}},
{"type":"Feature","geometry":{"type":"Polygon","coordinates":[[[-123.16424854650262,49.28230296769921],[-123.14985564192335,49.28221997127066],[-123.10464967030914,49.269286545635005],[-123.10247183809376,49.297782380887845],[-123.13838718386047,49.31571756139259],[-123.16424854650262,49.28230296769921]]]},"properties":{"FED_NUM":59035,"ED_NAMEE":"Vancouver Centre","province_code":"BC"}},
{"type":"Feature","geometry":{"type":"Polygon","coordinates":[[[-110.00494638756535,52.404948012022984],[-109.00166640862923,52.405713305929325],[-108.16232090657856,52.40595548579338],[-108.16249970116046,52.376831004402675],[-108.06077919167738,52.376861288215515],[-107.97163957490439,52.362436814148566],[-107.97106581038308,52.52220882555701],[-107.99493026686169,52.572241360071466],[-107.87535580823733,52.566968124334984],[-107.89069221622269,52.66762880639841],[-107.89082969286619,52.929377055766516],[-107.74544943175405,52.92981632741498],[-107.76004809988875,53.016380692510694],[-107.76005879334147,53.19077480765032],[-107.02566488056915,53.19236887724933],[-107.02620321410251,53.366471404352765],[-107.03862168171828,53.453350408292536],[-107.18537498241727,53.45343570968315],[-107.18519515577545,53.549723416592265],[-107.21864879261891,53.67808751299982],[-107.18531815201848,53.71520303487462],[-107.93995667936254,53.71522528733306],[-107.9398637560164,53.80237405121981],[-107.79125735559693,53.80226424158859],[-107.79149746373233,53.976904813215455],[-107.34496713919212,53.97658139865358],[-107.35301127163066,54.14935532073917],[-107.95458228252484,54.15059435723474],[-107.95182383215668,54.41340632948326],[-107.96894499225608,54.41357572655771],[-107.97004424108087,54.58725507919009],[-108.42376549027696,54.587278715683794],[-108.42339514988834,54.67424962006044],[-108.59882865021967,54.67497999760424],[-108.5996498368309,54.5880141538413],[-108.64825445879158,54.587970532322274],[-108.64886399164348,54.515817256826864],[-108.80189335765355,54.515827800504866],[-108.80215161719876,54.486134111583226],[-109.1548577303295,54.485190758997184],[-109.15441496212243,54.49989061372604],[-109.53208438614335,54.500185437140644],[-109.60737221159097,54.51451684439025],[-109.63345459549996,54.55825889681884],[-109.78406110714205,54.557879720818434],[-109.85778001768968,54.58546582677613],[-109.91152554849691,54.64520459431472],[-110.00569222639342,54.649807500091754],[-110.00560668207092,54.23869012728138],[-110.0051626000579,52.85733784557581],[-110.00494638756535,52.404948012022984]]]},"properties":{"FED_NUM":47001,"ED_NAMEE":"Battlefords—Lloydminster—Meadow Lake","province_code":"SK"}},
{"type":"Feature","geometry":{"type":"Polygon","coordinates":[[[-108.16249970116046,52.376831004402675],[-108.14516588482637,52.31842471323272],[-108.14537849906294,52.230978697187666],[-107.71474369095445,52.23089058870982],[-107.71633212151619,52.1435129383065],[-107.28897501876651,52.14383570712327],[-107.28841920478932,51.968990153106716],[-107.27961199545338,51.88169220368608],[-106.75457508861813,51.881585503829676],[-106.75074343260535,51.9282148950371],[-106.79547192579028,51.96899622132692],[-106.42939848728709,51.96914200161967],[-106.42933091181885,51.88186899028187],[-106.00468637505885,51.881826534436286],[-106.0027555818689,52.14384169980728],[-105.153645298619,52.14379649351301],[-105.14787880460845,52.11466479051132],[-105.05185830402706,52.11463829998918],[-105.05181911328029,52.14377729365898],[-104.57801307850725,52.14389696084715],[-104.57787469437977,52.31843218953721],[-104.59688831033218,52.318426711299786],[-104.5978208403684,52.666879860856746],[-104.61666206241887,52.66702907365131],[-104.61618570050871,52.92917661172415],[-104.92746221987345,52.929154002664895],[-105.07377737961887,52.93371323585499],[-105.0738684628686,52.97777245957264],[-105.22060158959239,52.97849461447588],[-105.21988988691083,52.92924230832265],[-105.79201780009947,52.92924260609806],[-105.92704791658393,52.901685750320276],[-106.00336543453838,52.913344383222615],[-106.0041286701046,52.97787256550429],[-106.1252009903944,52.963252325275455],[-106.1668679111297,53.04002858912489],[-106.29489182166382,53.0167501033545],[-106.38417137654841,53.03205103981285],[-106.26814494607798,53.103535507674486],[-106.44279849529455,53.10671090202742],[-106.44233221807411,53.191393395689964],[-106.71069222478131,53.19189689180696],[-106.72399508913492,53.10433639845134],[-106.86748670576513,53.104614172875344],[-106.86858062593546,53.177224673433344],[-107.02566488056915,53.19236887724933],[-107.76005879334147,53.19077480765032],[-107.76004809988875,53.016380692510694],[-107.74544943175405,52.92981632741498],[-107.89082969286619,52.929377055766516],[-107.89069221622269,52.66762880639841],[-107.87535580823733,52.566968124334984],[-107.99493026686169,52.572241360071466],[-107.97106581038308,52.52220882555701],[-107.97163957490439,52.362436814148566],[-108.06077919167738,52.376861288215515],[-108.16249970116046,52.376831004402675]],[[-106.70028042057449,52.09327080148456],[-106.78928894832357,52.09998565682899],[-106.82439136303681,52.15089007218335],[-106.71182861674548,52.15860437177721],[-106.70649848575813,52.23121667043252],[-106.60572437615636,52.207806141563076],[-106.53894103319895,52.19454774847978],[-106.50373231068143,52.14381361066407],[-106.5317809046295,52.09547356952284],[-106.60287248008525,52.06952608583529],[-106.70028042057449,52.09327080148456]]]},"properties":{"FED_NUM":47002,"ED_NAMEE":"Carlton Trail—Eagle Creek","province_code":"SK"}},
{"type":"Feature","geometry":{"type":"Polygon","coordinates":[[[-110.00569222639342,54.649807500091754],[-109.91152554849691,54.64520459431472],[-109.85778001768968,54.58546582677613],[-109.78406110714205,54.557879720818434],[-109.63345459549996,54.55825889681884],[-109.60737221159097,54.51451684439025],[-109.53208438614335,54.500185437140644],[-109.15441496212243,54.49989061372604],[-109.1548577303295,54.485190758997184],[-108.80215161719876,54.486134111583226],[-108.80189335765355,54.515827800504866],[-108.64886399164348,54.515817256826864],[-108.64825445879158,54.587970532322274],[-108.5996498368309,54.5880141538413],[-108.59882865021967,54.67497999760424],[-108.42339514988834,54.67424962006044],[-108.42376549027696,54.587278715683794],[-107.97004424108087,54.58725507919009],[-107.96894499225608,54.41357572655771],[-107.95182383215668,54.41340632948326],[-107.95458228252484,54.15059435723474],[-107.35301127163066,54.14935532073917],[-106.7513912924196,54.14884894634842],[-106.75289338592968,54.324942863080345],[-106.01418688234801,54.32905760470964],[-105.99999991004223,54.31222491068115],[-106.00406363653394,53.97629600700156],[-105.12671048764928,53.977549196827745],[-105.12974823584094,53.80214549144759],[-104.40670172343842,53.800565309372885],[-103.64281810999739,53.801549194325574],[-103.6282674471979,53.62840388900927],[-103.43251989214967,53.64076859844239],[-103.38984669077296,53.686522643116895],[-103.21090028305986,53.728396810823284],[-103.15727710877756,53.71951830047715],[-103.03655110796134,53.774946227521085],[-103.03552608536822,53.365609259798],[-103.02512272639837,53.297964307962545],[-102.96794816996712,53.23055064292454],[-102.9146138146065,53.19260563294719],[-103.0267342935224,53.19160583949689],[-103.02300878045723,52.929812121024874],[-102.39582225318351,52.92940879549257],[-102.30569358773857,53.0517984971906],[-102.25605149955528,53.07538270730909],[-102.14317539696607,53.2049840043316],[-102.09753539647075,53.29779600824658],[-102.07381879839295,53.433511606937074],[-102.08651329933424,53.52232239979272],[-102.12524109634005,53.58562850896758],[-102.10218760678013,53.62061699991019],[-101.98753570623612,53.628902107630566],[-101.83759791670018,53.709811566786904],[-101.77066399919588,53.71091002638326],[-101.77132275803072,54.064402462049706],[-101.81043452049784,54.06440581903857],[-101.81046130903626,54.41353989486042],[-101.84748426351909,54.413563899124966],[-101.84743666257437,54.76252306686372],[-101.88531837552485,54.76252586495748],[-101.88526563857575,55.1115966562412],[-101.92436060643085,55.11209059084167],[-101.92422703066084,55.46021659221415],[-101.96395494363108,55.46042009077962],[-101.96387163013297,55.80946849800099],[-102.00412938852959,55.80935007512397],[-102.0076091416903,56.50015461829328],[-102.00502447835598,57.178054225047504],[-102.00738974793842,59.7517794130704],[-102.00000001273936,59.9999999980882],[-102.74999997876145,60.00000000472061],[-103.25000000675897,59.999999997180915],[-104.00000001764333,59.999999986234364],[-104.99999998272204,59.99999999226129],[-105.50000001034637,60.00000000045493],[-106.49999997858464,60.00000000552829],[-107.25000002000205,59.99999998731603],[-108.00000001585002,59.99999999113733],[-108.75000001261978,59.99999999561313],[-109.50000001988234,59.99999999954609],[-110.00000001796553,59.999999999303796],[-110.00006204876426,55.331232447883146],[-110.00569222639342,54.649807500091754]]]},"properties":{"FED_NUM":47003,"ED_NAMEE":"Desnethé—Missinippi—Churchill River","province_code":"SK"}},
{"type":"Feature","geometry":{"type":"Polygon","coordinates":[[[-106.75457508861813,51.881585503829676],[-106.73578480682114,51.813245033716846],[-106.7945535674903,51.72925172641819],[-106.83032908978753,51.702733138609844],[-106.93700098555713,51.67558156706528],[-107.06868429324604,51.562710138510376],[-107.07876677020631,51.42618186093252],[-106.99962256554412,51.40248505650968],[-106.96178148629497,51.32175020151505],[-106.92526288913216,51.31401252355324],[-106.84758972895453,51.256624782171954],[-106.81079807221937,51.18843773911812],[-106.74388063584547,51.13858769067004],[-106.65234044465717,51.11479212190169],[-106.63428656186423,51.09073445915102],[-106.71752252430882,51.0512442890757],[-106.85680121073968,51.03151952129137],[-106.88614886664308,51.01685236751232],[-106.9134005129545,50.92973231422927],[-106.96554991331742,50.89216023483791],[-106.95013246954208,50.83118118762454],[-106.97372785905308,50.80932282438341],[-106.97537841076706,50.65955531090982],[-106.8347461020175,50.659975723234524],[-106.82923391183584,50.572087003540766],[-106.82395318744771,50.22255780099203],[-106.82413339968207,49.87286500390314],[-106.81710898532393,49.78540830781539],[-106.41051818016057,49.78553119946357],[-105.93626831089821,49.78491010695114],[-105.25311681157477,49.784728397257524],[-104.44547284746994,49.7845954545582],[-104.4634325894598,49.87215040366187],[-104.4634291155123,50.22200100358232],[-104.48053131191045,50.22199781186888],[-104.48049497875823,50.396786199391485],[-104.49871577106533,50.40597219217792],[-104.57060372810128,50.414186150584904],[-104.6179509380401,50.39741050324125],[-104.68675469740164,50.39687950778883],[-104.6868550533779,50.44357620842645],[-104.77839806661949,50.434398023568306],[-104.77840289993082,50.46953702375476],[-104.72107861374323,50.48421688412327],[-104.72100163266362,50.513346041864935],[-104.64080641370865,50.50810280721826],[-104.61818982117158,50.54256500989398],[-104.61639260817985,50.7758842101982],[-104.50055399149647,50.86690300573395],[-104.51935130584253,50.921118105771995],[-104.51924231213587,51.27045520798343],[-104.53783429590666,51.270476112752156],[-104.53832261007219,51.6198363500056],[-104.55710860255996,51.61984548031083],[-104.55689398179561,51.78544661740265],[-104.52175726276391,51.802651439914975],[-104.48439347492894,51.881446782431674],[-104.55671330247237,51.88164109550877],[-104.55674629174304,51.96391918771975],[-104.57800578379577,51.969131207087834],[-104.57801307850725,52.14389696084715],[-105.05181911328029,52.14377729365898],[-105.05185830402706,52.11463829998918],[-105.14787880460845,52.11466479051132],[-105.153645298619,52.14379649351301],[-106.0027555818689,52.14384169980728],[-106.00468637505885,51.881826534436286],[-106.42933091181885,51.88186899028187],[-106.42939848728709,51.96914200161967],[-106.79547192579028,51.96899622132692],[-106.75074343260535,51.9282148950371],[-106.75457508861813,51.881585503829676]]]},"properties":{"FED_NUM":47004,"ED_NAMEE":"Moose Jaw—Lake Centre—Lanigan","province_code":"SK"}},
{"type":"Feature","geometry":{"type":"Polygon","coordinates":[[[-107.35301127163066,54.14935532073917],[-107.34496713919212,53.97658139865358],[-107.79149746373233,53.976904813215455],[-107.79125735559693,53.80226424158859],[-107.9398637560164,53.80237405121981],[-107.93995667936254,53.71522528733306],[-107.18531815201848,53.71520303487462],[-107.21864879261891,53.67808751299982],[-107.18519515577545,53.549723416592265],[-107.18537498241727,53.45343570968315],[-107.03862168171828,53.453350408292536],[-107.02620321410251,53.366471404352765],[-107.02566488056915,53.19236887724933],[-106.86858062593546,53.177224673433344],[-106.86748670576513,53.104614172875344],[-106.72399508913492,53.10433639845134],[-106.71069222478131,53.19189689180696],[-106.44233221807411,53.191393395689964],[-106.44279849529455,53.10671090202742],[-106.26814494607798,53.103535507674486],[-106.38417137654841,53.03205103981285],[-106.29489182166382,53.0167501033545],[-106.1668679111297,53.04002858912489],[-106.1252009903944,52.963252325275455],[-106.0041286701046,52.97787256550429],[-106.00336543453838,52.913344383222615],[-105.92704791658393,52.901685750320276],[-105.79201780009947,52.92924260609806],[-105.21988988691083,52.92924230832265],[-105.22060158959239,52.97849461447588],[-105.0738684628686,52.97777245957264],[-105.07377737961887,52.93371323585499],[-104.92746221987345,52.929154002664895],[-104.61618570050871,52.92917661172415],[-104.61666206241887,52.66702907365131],[-104.5978208403684,52.666879860856746],[-103.74517881064011,52.667320392361574],[-103.74477252013703,53.01640230792495],[-103.75830798362611,53.01901660335288],[-103.75832509789267,53.365499105651175],[-103.7744361139063,53.365503800865575],[-103.77462753427035,53.51398113984695],[-103.67406666353845,53.54635272478163],[-103.69324748718202,53.58966378441679],[-103.6282674471979,53.62840388900927],[-103.64281810999739,53.801549194325574],[-104.40670172343842,53.800565309372885],[-105.12974823584094,53.80214549144759],[-105.12671048764928,53.977549196827745],[-106.00406363653394,53.97629600700156],[-105.99999991004223,54.31222491068115],[-106.01418688234801,54.32905760470964],[-106.75289338592968,54.324942863080345],[-106.7513912924196,54.14884894634842],[-107.35301127163066,54.14935532073917]]]},"properties":{"FED_NUM":47005,"ED_NAMEE":"Prince Albert","province_code":"SK"}},
{"type":"Feature","geometry":{"type":"Polygon","coordinates":[[[-104.64080641370865,50.50810280721826],[-104.72100163266362,50.513346041864935],[-104.72107861374323,50.48421688412327],[-104.77840289993082,50.46953702375476],[-104.77839806661949,50.434398023568306],[-104.6868550533779,50.44357620842645],[-104.68675469740164,50.39687950778883],[-104.6179509380401,50.39741050324125],[-104.61801379132824,50.44723519222276],[-104.66397258202508,50.470957590771846],[-104.64080641370865,50.50810280721826]]]},"properties":{"FED_NUM":47006,"ED_NAMEE":"Regina—Lewvan","province_code":"SK"}},
{"type":"Feature","geometry":{"type":"Polygon","coordinates":[[[-104.64080641370865,50.50810280721826],[-104.66397258202508,50.470957590771846],[-104.61801379132824,50.44723519222276],[-104.50341625619407,50.471943958026095],[-104.49871577106533,50.40597219217792],[-104.48049497875823,50.396786199391485],[-103.55233742210449,50.39638448559255],[-103.24350301721711,50.396891307892346],[-103.24352935692374,50.52942168473308],[-103.26122681668049,50.591726394487324],[-103.26118371705651,50.8443603047547],[-102.91256461725841,50.915109293280054],[-102.94257531409694,50.97268970424465],[-103.27021598439643,51.090158212090145],[-103.26915482117442,51.2971015251462],[-103.28020029415141,51.387011804717474],[-103.70428651582728,51.38728949247563],[-103.70434718342993,51.65229039650349],[-104.13208140435484,51.652288899319565],[-104.13239482498096,51.88194288877916],[-104.48439347492894,51.881446782431674],[-104.52175726276391,51.802651439914975],[-104.55689398179561,51.78544661740265],[-104.55710860255996,51.61984548031083],[-104.53832261007219,51.6198363500056],[-104.53783429590666,51.270476112752156],[-104.51924231213587,51.27045520798343],[-104.51935130584253,50.921118105771995],[-104.50055399149647,50.86690300573395],[-104.61639260817985,50.7758842101982],[-104.61818982117158,50.54256500989398],[-104.64080641370865,50.50810280721826]]]},"properties":{"FED_NUM":47007,"ED_NAMEE":"Regina—Qu'Appelle","province_code":"SK"}},
{"type":"Feature","geometry":{"type":"Polygon","coordinates":[[[-104.49871577106533,50.40597219217792],[-104.50341625619407,50.471943958026095],[-104.61801379132824,50.44723519222276],[-104.6179509380401,50.39741050324125],[-104.57060372810128,50.414186150584904],[-104.49871577106533,50.40597219217792]]]},"properties":{"FED_NUM":47008,"ED_NAMEE":"Regina—Wascana","province_code":"SK"}},
{"type":"Feature","geometry":{"type":"Polygon","coordinates":[[[-106.70028042057449,52.09327080148456],[-106.60287248008525,52.06952608583529],[-106.5317809046295,52.09547356952284],[-106.50373231068143,52.14381361066407],[-106.58686599418529,52.11476930315348],[-106.67839399349663,52.11479661134762],[-106.70028042057449,52.09327080148456]]]},"properties":{"FED_NUM":47009,"ED_NAMEE":"Saskatoon South","province_code":"SK"}},
{"type":"Feature","geometry":{"type":"Polygon","coordinates":[[[-79.99269958636036,43.56305440662986],[-80.08559119969696,43.62897720603711],[-80.16035631045429,43.5611074987569],[-80.034339194452,43.47105600814471],[-79.86807340719766,43.35279710220958],[-79.83332310954172,43.38334548920132],[-79.78804121163901,43.36653160736119],[-79.75651159409811,43.39541399330991],[-79.810952591268,43.43476620535712],[-79.80814621038247,43.4667737967278],[-79.88846551738338,43.52647869504],[-79.93908260779634,43.52464740152666],[-79.99269958636036,43.56305440662986]]]},"properties":{"FED_NUM":35018,"ED_NAMEE":"Burlington North—Milton West","province_code":"ON"}},
{"type":"Feature","geometry":{"type":"Polygon","coordinates":[[[-80.5036325960373,43.34806839612214],[-80.47154301322168,43.266802011894555],[-80.23843479478495,43.30653390225069],[-80.18760310175018,43.34323450074089],[-80.20467819885332,43.39751851019191],[-80.26957296971413,43.38734213145127],[-80.28308795616373,43.420974593083294],[-80.35868319595384,43.412143603842964],[-80.41390465728496,43.369825481867906],[-80.48144950256699,43.35802799824949],[-80.5036325960373,43.34806839612214]]]},"properties":{"FED_NUM":35019,"ED_NAMEE":"Cambridge","province_code":"ON"}},
{"type":"Feature","geometry":{"type":"Polygon","coordinates":[[[-79.46460033117452,43.69215403372855],[-79.46889015085168,43.67621353143794],[-79.42141008396206,43.64066768482541],[-79.41887741115157,43.64419381055822],[-79.42939621476144,43.670982002996624],[-79.4502679934409,43.695685386358],[-79.46460033117452,43.69215403372855]]]},"properties":{"FED_NUM":35022,"ED_NAMEE":"Davenport","province_code":"ON"}},
{"type":"Feature","geometry":{"type":"Polygon","coordinates":[[[-80.50282059073352,43.42330619280122],[-80.48144950256699,43.35802799824949],[-80.41390465728496,43.369825481867906],[-80.35868319595384,43.412143603842964],[-80.28308795616373,43.420974593083294],[-80.30602629098594,43.47206619264736],[-80.3921694292768,43.45020544074896],[-80.50282059073352,43.42330619280122]]]},"properties":{"FED_NUM":35050,"ED_NAMEE":"Kitchener South—Hespeler","province_code":"ON"}},
{"type":"Feature","geometry":{"type":"Polygon","coordinates":[[[-81.31036279417063,43.018502490499394],[-81.26050739427544,42.956846608875544],[-81.19866934637066,42.985925115819825],[-81.22703029165008,43.04312289839812],[-81.31036279417063,43.018502490499394]]]},"properties":{"FED_NUM":35053,"ED_NAMEE":"London Centre","province_code":"ON"}},
{"type":"Feature","geometry":{"type":"Polygon","coordinates":[[[-81.26050739427544,42.956846608875544],[-81.31036279417063,43.018502490499394],[-81.39061200077145,42.962761610764325],[-81.37804847618078,42.93436106735192],[-81.25801808972989,42.94071041119437],[-81.26050739427544,42.956846608875544]]]},"properties":{"FED_NUM":35055,"ED_NAMEE":"London West","province_code":"ON"}},
{"type":"Feature","geometry":{"type":"Polygon","coordinates":[[[-123.10464967030914,49.269286545635005],[-123.10123809982284,49.25657911358765],[-123.02348269735917,49.2582127932614],[-123.02348009311595,49.26555510536914],[-123.03873484772093,49.295454252126085],[-123.10247183809376,49.297782380887845],[-123.10464967030914,49.269286545635005]]]},"properties":{"FED_NUM":59036,"ED_NAMEE":"Vancouver East","province_code":"BC"}},
{"type":"Feature","geometry":{"type":"Polygon","coordinates":[[[-123.09125959434616,49.20529939149879],[-122.95742637302172,49.190120828424874],[-122.93788650049189,49.213447406610015],[-123.02347648754355,49.23229450762287],[-123.09071141683316,49.22544300558919],[-123.09125959434616,49.20529939149879]]]},"properties":{"FED_NUM":59037,"ED_NAMEE":"Vancouver Fraserview—South Burnaby","province_code":"BC"}},
{"type":"Feature","geometry":{"type":"Polygon","coordinates":[[[-123.14985564192335,49.28221997127066],[-123.14012995143968,49.21933190933827],[-123.11736776481905,49.203780910389284],[-123.09125959434616,49.20529939149879],[-123.09071141683316,49.22544300558919],[-123.10123809982284,49.25657911358765],[-123.10464967030914,49.269286545635005],[-123.14985564192335,49.28221997127066]]]},"properties":{"FED_NUM":59038,"ED_NAMEE":"Vancouver Granville","province_code":"BC"}},
{"type":"Feature","geometry":{"type":"Polygon","coordinates":[[[-106.67839399349663,52.11479661134762],[-106.58686599418529,52.11476930315348],[-106.50373231068143,52.14381361066407],[-106.53894103319895,52.19454774847978],[-106.60572437615636,52.207806141563076],[-106.63799149294509,52.189419895621505],[-106.64821910088135,52.13109188449438],[-106.67839399349663,52.11479661134762]]]},"properties":{"FED_NUM":47010,"ED_NAMEE":"Saskatoon—University","province_code":"SK"}},
{"type":"Feature","geometry":{"type":"Polygon","coordinates":[[[-106.60572437615636,52.207806141563076],[-106.70649848575813,52.23121667043252],[-106.71182861674548,52.15860437177721],[-106.82439136303681,52.15089007218335],[-106.78928894832357,52.09998565682899],[-106.70028042057449,52.09327080148456],[-106.67839399349663,52.11479661134762],[-106.64821910088135,52.13109188449438],[-106.63799149294509,52.189419895621505],[-106.60572437615636,52.207806141563076]]]},"properties":{"FED_NUM":47011,"ED_NAMEE":"Saskatoon West","province_code":"SK"}},
{"type":"Feature","geometry":{"type":"Polygon","coordinates":[[[-106.54115143371249,49.0000444599304],[-106.00000332477995,48.9994722253253],[-105.3445322872623,48.99942020293732],[-104.81099373436982,48.999182924575344],[-104.41004559139274,48.9995551098191],[-103.74121906375345,48.99942896925969],[-103.01041208403979,48.99932751772717],[-102.38834320697653,48.998961794338],[-102.00632643718954,48.99896566528249],[-101.36198980041672,48.99947410258721],[-101.36211111911014,49.17777859806319],[-101.39148032187211,49.17784703015581],[-101.39256410725272,49.53272258050829],[-101.41763515159265,49.53274480231261],[-101.41754598208186,49.886670107588145],[-101.44721949092316,49.89436900762627],[-101.44730600459808,50.06400026458489],[-101.44715800144124,50.24052438497516],[-101.47672111132782,50.24050443347098],[-101.47690022207739,50.485363768358674],[-101.56531557530974,50.49076793655444],[-101.63337055800311,50.51959543981435],[-101.70643826152349,50.515265040671196],[-101.78669188376935,50.47710633444826],[-101.8261737752835,50.52988025240204],[-101.93459126079907,50.51751864200376],[-102.01832366054482,50.55329925084475],[-102.06890066504057,50.5551747351352],[-102.24514710508313,50.50031502469794],[-102.36349622731535,50.539308233784844],[-102.50559188412926,50.532181756263775],[-102.61875238419535,50.56687523734709],[-102.72703559331002,50.63620016860674],[-102.79631593259354,50.65058016227709],[-102.91678279460767,50.641164448677635],[-103.03358635597893,50.584527653640656],[-103.117865994287,50.530632251636],[-103.24352935692374,50.52942168473308],[-103.24350301721711,50.396891307892346],[-103.55233742210449,50.39638448559255],[-104.48049497875823,50.396786199391485],[-104.48053131191045,50.22199781186888],[-104.4634291155123,50.22200100358232],[-104.4634325894598,49.87215040366187],[-104.44547284746994,49.7845954545582],[-105.25311681157477,49.784728397257524],[-105.93626831089821,49.78491010695114],[-106.41051818016057,49.78553119946357],[-106.41042077719554,49.262179660872825],[-106.50007642552605,49.2619754018893],[-106.50046404178121,49.17473741070112],[-106.54136831311543,49.17460780854384],[-106.54115143371249,49.0000444599304]]]},"properties":{"FED_NUM":47012,"ED_NAMEE":"Souris—Moose Mountain","province_code":"SK"}},
{"type":"Feature","geometry":{"type":"Polygon","coordinates":[[[-110.00502263037168,48.99969874172833],[-109.00000001446321,49.00000000623073],[-108.43937021246632,48.99954721566111],[-107.52020677693362,48.99947639356375],[-106.54115143371249,49.0000444599304],[-106.54136831311543,49.17460780854384],[-106.50046404178121,49.17473741070112],[-106.50007642552605,49.2619754018893],[-106.41042077719554,49.262179660872825],[-106.41051818016057,49.78553119946357],[-106.81710898532393,49.78540830781539],[-106.82413339968207,49.87286500390314],[-106.82395318744771,50.22255780099203],[-106.82923391183584,50.572087003540766],[-106.8347461020175,50.659975723234524],[-106.97537841076706,50.65955531090982],[-106.97372785905308,50.80932282438341],[-106.95013246954208,50.83118118762454],[-106.96554991331742,50.89216023483791],[-106.9134005129545,50.92973231422927],[-106.88614886664308,51.01685236751232],[-106.85680121073968,51.03151952129137],[-106.71752252430882,51.0512442890757],[-106.63428656186423,51.09073445915102],[-106.65234044465717,51.11479212190169],[-106.74388063584547,51.13858769067004],[-106.81079807221937,51.18843773911812],[-106.84758972895453,51.256624782171954],[-106.92526288913216,51.31401252355324],[-106.96178148629497,51.32175020151505],[-106.99962256554412,51.40248505650968],[-107.07876677020631,51.42618186093252],[-107.06868429324604,51.562710138510376],[-106.93700098555713,51.67558156706528],[-106.83032908978753,51.702733138609844],[-106.7945535674903,51.72925172641819],[-106.73578480682114,51.813245033716846],[-106.75457508861813,51.881585503829676],[-107.27961199545338,51.88169220368608],[-107.28841920478932,51.968990153106716],[-107.28897501876651,52.14383570712327],[-107.71633212151619,52.1435129383065],[-107.71474369095445,52.23089058870982],[-108.14537849906294,52.230978697187666],[-108.14516588482637,52.31842471323272],[-108.16249970116046,52.376831004402675],[-108.16232090657856,52.40595548579338],[-109.00166640862923,52.405713305929325],[-110.00494638756535,52.404948012022984],[-110.00514929525067,50.92121159800351],[-110.00303586778178,50.834670409871286],[-110.00492818842159,50.339002154054775],[-110.00502263037168,48.99969874172833]]]},"properties":{"FED_NUM":47013,"ED_NAMEE":"Swift Current—Grasslands—Kindersley","province_code":"SK"}},
{"type":"Feature","geometry":{"type":"Polygon","coordinates":[[[-104.57801307850725,52.14389696084715],[-104.57800578379577,51.969131207087834],[-104.55674629174304,51.96391918771975],[-104.55671330247237,51.88164109550877],[-104.48439347492894,51.881446782431674],[-104.13239482498096,51.88194288877916],[-104.13208140435484,51.652288899319565],[-103.70434718342993,51.65229039650349],[-103.70428651582728,51.38728949247563],[-103.28020029415141,51.387011804717474],[-103.26915482117442,51.2971015251462],[-103.27021598439643,51.090158212090145],[-102.94257531409694,50.97268970424465],[-102.91256461725841,50.915109293280054],[-103.26118371705651,50.8443603047547],[-103.26122681668049,50.591726394487324],[-103.24352935692374,50.52942168473308],[-103.117865994287,50.530632251636],[-103.03358635597893,50.584527653640656],[-102.91678279460767,50.641164448677635],[-102.79631593259354,50.65058016227709],[-102.72703559331002,50.63620016860674],[-102.61875238419535,50.56687523734709],[-102.50559188412926,50.532181756263775],[-102.36349622731535,50.539308233784844],[-102.24514710508313,50.50031502469794],[-102.06890066504057,50.5551747351352],[-102.01832366054482,50.55329925084475],[-101.93459126079907,50.51751864200376],[-101.8261737752835,50.52988025240204],[-101.78669188376935,50.47710633444826],[-101.70643826152349,50.515265040671196],[-101.63337055800311,50.51959543981435],[-101.56531557530974,50.49076793655444],[-101.47690022207739,50.485363768358674],[-101.47699491379566,50.59438750654104],[-101.50872882326925,50.59439335144742],[-101.5086946173135,50.94848513072231],[-101.53898869893348,50.94849531196202],[-101.53915270054473,51.30186450332162],[-101.57054393736755,51.301875888183176],[-101.57051507292394,51.65492175095389],[-101.57755508400511,51.96851810396432],[-101.60933504156246,51.968643550407165],[-101.6090547616692,52.31815802051906],[-101.63781265104969,52.31814946431162],[-101.63770525871647,52.66727392818674],[-101.67158804145532,52.667260578258016],[-101.67160376760631,53.0012531239847],[-101.70069426314092,53.01645077734199],[-101.70060567806502,53.36578111749404],[-101.73554368489773,53.36580844358123],[-101.73543094383803,53.7107065171811],[-101.77066399919588,53.71091002638326],[-101.83759791670018,53.709811566786904],[-101.98753570623612,53.628902107630566],[-102.10218760678013,53.62061699991019],[-102.12524109634005,53.58562850896758],[-102.08651329933424,53.52232239979272],[-102.07381879839295,53.433511606937074],[-102.09753539647075,53.29779600824658],[-102.14317539696607,53.2049840043316],[-102.25605149955528,53.07538270730909],[-102.30569358773857,53.0517984971906],[-102.39582225318351,52.92940879549257],[-103.02300878045723,52.929812121024874],[-103.0267342935224,53.19160583949689],[-102.9146138146065,53.19260563294719],[-102.96794816996712,53.23055064292454],[-103.02512272639837,53.297964307962545],[-103.03552608536822,53.365609259798],[-103.03655110796134,53.774946227521085],[-103.15727710877756,53.71951830047715],[-103.21090028305986,53.728396810823284],[-103.38984669077296,53.686522643116895],[-103.43251989214967,53.64076859844239],[-103.6282674471979,53.62840388900927],[-103.69324748718202,53.58966378441679],[-103.67406666353845,53.54635272478163],[-103.77462753427035,53.51398113984695],[-103.7744361139063,53.365503800865575],[-103.75832509789267,53.365499105651175],[-103.75830798362611,53.01901660335288],[-103.74477252013703,53.01640230792495],[-103.74517881064011,52.667320392361574],[-104.5978208403684,52.666879860856746],[-104.59688831033218,52.318426711299786],[-104.57787469437977,52.31843218953721],[-104.57801307850725,52.14389696084715]]]},"properties":{"FED_NUM":47014,"ED_NAMEE":"Yorkton—Melville","province_code":"SK"}},
{"type":"Feature","geometry":{"type":"Polygon","coordinates":[[[-79.00854293234251,43.922502307151056],[-79.08850819575918,43.90418090026905],[-79.038667446462,43.81599643717089],[-78.97050702978238,43.833504465081454],[-79.00854293234251,43.922502307151056]]]},"properties":{"FED_NUM":35001,"ED_NAMEE":"Ajax","province_code":"ON"}},
{"type":"Feature","geometry":{"type":"Polygon","coordinates":[[[-78.40347142936612,46.293388299923215],[-78.41248587322798,46.27331631896766],[-78.32810156156991,46.12148906132185],[-78.50888741575808,46.07279157953329],[-78.50260567866549,46.05542973440052],[-78.68191596827174,46.00701007320008],[-78.6156006580574,45.888016590390045],[-78.44544217767631,45.93197407764185],[-78.24817854762738,45.57864497376209],[-78.31462910718551,45.56075873680119],[-78.17845589821553,45.30978877931226],[-77.69095883045708,45.43811923984564],[-77.63600440493343,45.312476081748756],[-77.54399618536901,45.14358414602839],[-77.2158035314588,45.23703755186088],[-77.13748229534761,45.099260478258266],[-76.97068421799405,45.14532242339318],[-76.98120117168818,45.18299382368722],[-76.92937299390262,45.21103852348672],[-76.89451533946892,45.19351447370206],[-76.81473035719,45.221399497384354],[-76.76980018022773,45.14228562817973],[-76.58383751117418,45.26393262092256],[-76.4830923052376,45.322816011747655],[-76.35397110689236,45.410557633376115],[-76.29621681486715,45.4645315628148],[-76.36174370369135,45.45709459719577],[-76.43351663220739,45.4920761419072],[-76.60374500202188,45.53218129778637],[-76.6592749466491,45.56072605901657],[-76.67028904372368,45.62580983282161],[-76.71194453958196,45.665482258414805],[-76.70359781281681,45.720809902069945],[-76.76959413776049,45.73349903171474],[-76.76575920899657,45.810989489542656],[-76.77872544559709,45.87135264716154],[-76.89483860077482,45.89814617625939],[-76.92757515407399,45.89225487822043],[-76.91199668388747,45.80967082605183],[-76.98497879698046,45.78607724665182],[-77.08155834183533,45.835582962243514],[-77.19032721643869,45.86386084693222],[-77.27840407101417,45.94888964492987],[-77.27633418142676,46.00853964990737],[-77.56608271063126,46.15922059111117],[-77.67499428851262,46.19849738414215],[-77.69780869227323,46.18293064007306],[-77.8501676021064,46.207969685978625],[-77.98798594533619,46.24656224481334],[-78.04268605280032,46.24251181883322],[-78.1351427861664,46.274727986915536],[-78.26049054853317,46.27394403544853],[-78.30958080965137,46.25316902089439],[-78.40347142936612,46.293388299923215]]]},"properties":{"FED_NUM":35002,"ED_NAMEE":"Algonquin—Renfrew—Pembroke","province_code":"ON"}},
{"type":"Feature","geometry":{"type":"Polygon","coordinates":[[[-79.39621860826546,43.80326310668953],[-79.4083761321604,43.75360390716933],[-79.40648448395794,43.74329790849015],[-79.3439068529192,43.75648660658399],[-79.33724596229338,43.76771050775992],[-79.35207171136514,43.81324190490155],[-79.39621860826546,43.80326310668953]]]},"properties":{"FED_NUM":35023,"ED_NAMEE":"Don Valley North","province_code":"ON"}},
{"type":"Feature","geometry":{"type":"Polygon","coordinates":[[[-79.40648448395794,43.74329790849015],[-79.39898759557349,43.70958199900539],[-79.37088810148025,43.69064988165578],[-79.36220138363643,43.688525062095465],[-79.33303742058139,43.703421727620736],[-79.32006608669217,43.71552806457998],[-79.3439068529192,43.75648660658399],[-79.40648448395794,43.74329790849015]]]},"properties":{"FED_NUM":35024,"ED_NAMEE":"Don Valley West","province_code":"ON"}},
{"type":"Feature","geometry":{"type":"Polygon","coordinates":[[[-80.2290779021495,44.253419190915416],[-80.41119190730271,44.21461440061597],[-80.36099600783952,44.167382541230104],[-80.39817789883159,44.13514213292343],[-80.37495988403971,44.03927560068776],[-80.43842851805901,44.0259893924171],[-80.39857728958337,43.856044602723344],[-80.38791321197779,43.85771139716704],[-80.25104690988698,43.76144261211961],[-80.13987539092564,43.861539187553525],[-79.93741578855045,43.710982994581435],[-79.9229076969546,43.732638891687046],[-79.7816580184333,43.85949679372137],[-79.72735719670966,43.81960389787014],[-79.69521541985631,43.84771811971449],[-79.7755043990594,43.98975751198285],[-79.83358198183339,43.977036208889004],[-79.95117640653085,43.95142348944196],[-80.03400479854949,44.29487170643856],[-80.2290779021495,44.253419190915416]]]},"properties":{"FED_NUM":35025,"ED_NAMEE":"Dufferin—Caledon","province_code":"ON"}},
{"type":"Feature","geometry":{"type":"Polygon","coordinates":[[[-79.4725342621868,43.724868627280614],[-79.46460033117452,43.69215403372855],[-79.4502679934409,43.695685386358],[-79.39898759557349,43.70958199900539],[-79.40648448395794,43.74329790849015],[-79.4083761321604,43.75360390716933],[-79.41156975944958,43.75156816463797],[-79.4725342621868,43.724868627280614]]]},"properties":{"FED_NUM":35026,"ED_NAMEE":"Eglinton—Lawrence","province_code":"ON"}},
{"type":"Feature","geometry":{"type":"Polygon","coordinates":[[[-81.83465275010691,42.608014336286494],[-81.6242200009783,42.435905897766055],[-81.50133177561808,42.335630540460436],[-81.50246052190025,42.50125062376324],[-81.33185827776698,42.51781697117679],[-81.13577503591408,42.52682738042845],[-80.72369444844708,42.50780935416172],[-80.71713209265546,42.78820722945644],[-80.74463614616927,42.8239837636695],[-80.76183128550727,42.846476394924494],[-80.87701438679407,42.82964699762339],[-80.89869379174998,42.91256189798808],[-81.08089705987476,42.885238424950494],[-81.11969615411493,42.89080406805358],[-81.11344695305559,42.94455338953084],[-81.24787560478187,42.92323530489448],[-81.25801808972989,42.94071041119437],[-81.37804847618078,42.93436106735192],[-81.33656372330906,42.87885369833325],[-81.28519553151735,42.84574304676945],[-81.31119318643891,42.82186979812988],[-81.48677105229943,42.77747387915127],[-81.53518025265532,42.7415065811692],[-81.58979396113295,42.72609290580925],[-81.62688440642802,42.683952494264005],[-81.73817994115163,42.66092790325168],[-81.80409721251831,42.61098441241593],[-81.83465275010691,42.608014336286494]]]},"properties":{"FED_NUM":35027,"ED_NAMEE":"Elgin—St. Thomas—London South","province_code":"ON"}},
{"type":"Feature","geometry":{"type":"Polygon","coordinates":[[[-83.11506819863823,42.255938253138126],[-83.13401908987143,42.174785092594966],[-83.12174271405443,42.125182684198016],[-83.14951046239163,42.0407859356432],[-83.06911664693177,41.86357381987169],[-83.00000000011266,41.830582202561146],[-82.95870736209339,41.855286442962935],[-82.76101405726287,41.812078320297665],[-82.71733402997577,41.81160150618551],[-82.6605759024819,41.83473685277847],[-82.6357375852625,42.171681097006676],[-82.45789981706535,42.165361491413805],[-82.43702309771841,42.19371310971481],[-82.42991941137261,42.29712949688386],[-82.48455890110782,42.34415444361147],[-82.55083188931204,42.39761382444802],[-82.77802451890588,42.397980488686294],[-82.7775700960485,42.30412649861846],[-82.79396149462325,42.23834561154967],[-82.87357859312381,42.24065668937805],[-82.87740998801804,42.179777507677656],[-83.00056301428664,42.18388869102649],[-82.99693780665318,42.23569259758376],[-83.0358995065469,42.252842407315974],[-83.11506819863823,42.255938253138126]]]},"properties":{"FED_NUM":35028,"ED_NAMEE":"Essex","province_code":"ON"}},
{"type":"Feature","geometry":{"type":"Polygon","coordinates":[[[-79.59119391608486,43.66875406449385],[-79.60885188864187,43.64643124505822],[-79.56803962351105,43.61394632945188],[-79.50555724074975,43.66277746593079],[-79.51172973426317,43.66229685602419],[-79.53272859672445,43.69615608922073],[-79.59119391608486,43.66875406449385]]]},"properties":{"FED_NUM":35029,"ED_NAMEE":"Etobicoke Centre","province_code":"ON"}},
{"type":"Feature","geometry":{"type":"Polygon","coordinates":[[[-79.56803962351105,43.61394632945188],[-79.56736004516486,43.60950063872654],[-79.5229596450963,43.5603428813138],[-79.4696771854205,43.63153262614157],[-79.50555724074975,43.66277746593079],[-79.56803962351105,43.61394632945188]]]},"properties":{"FED_NUM":35030,"ED_NAMEE":"Etobicoke—Lakeshore","province_code":"ON"}},
{"type":"Feature","geometry":{"type":"Polygon","coordinates":[[[-79.63930240562541,43.749845708010284],[-79.63047380109238,43.736396590848756],[-79.59119391608486,43.66875406449385],[-79.53272859672445,43.69615608922073],[-79.5378307996143,43.71298532664417],[-79.58061094434713,43.76299708145292],[-79.63930240562541,43.749845708010284]]]},"properties":{"FED_NUM":35031,"ED_NAMEE":"Etobicoke North","province_code":"ON"}},
{"type":"Feature","geometry":{"type":"Polygon","coordinates":[[[-79.89235368146879,43.293818368908106],[-79.86807340719766,43.35279710220958],[-80.034339194452,43.47105600814471],[-80.07856049031561,43.41806329835546],[-80.20467819885332,43.39751851019191],[-80.18760310175018,43.34323450074089],[-80.23843479478495,43.30653390225069],[-80.47154301322168,43.266802011894555],[-80.43645260586935,43.1794063063517],[-80.42181610220622,43.14356609825045],[-80.36088600100862,43.15389470867526],[-80.3192490065148,43.19852531163705],[-80.2612572943194,43.20830490452161],[-80.178083846227,43.20209217560211],[-79.98432309550938,43.13200039484793],[-79.75407963423173,43.05053397062914],[-79.70975309011557,43.155839324438446],[-79.65863482546929,43.14397351132376],[-79.63559910355872,43.19528271991378],[-79.7383194902088,43.21134924353509],[-79.78397742466234,43.16809035654018],[-79.82821641480088,43.180844493084614],[-79.91505854076968,43.20136118921049],[-80.03861419637683,43.182952243446636],[-80.05661651274805,43.244878433236345],[-79.93151888977509,43.28557728672496],[-79.89722446358819,43.28824285426819],[-79.89235368146879,43.293818368908106]]]},"properties":{"FED_NUM":35032,"ED_NAMEE":"Flamborough—Glanbrook—Brant North","province_code":"ON"}},
{"type":"Feature","geometry":{"type":"Polygon","coordinates":[[[-80.74463614616927,42.8239837636695],[-80.71713209265546,42.78820722945644],[-80.72369444844708,42.50780935416172],[-80.24864289181127,42.50737628108013],[-80.05044687801299,42.53574882069344],[-80.01767554995102,42.55937301868399],[-80.05902313663697,42.670587815627165],[-80.05131397520789,42.751149768744725],[-80.0317923424022,42.75897422632924],[-79.61760680380412,42.764243052731686],[-79.4356073267068,42.76896080167265],[-79.33149849212622,42.7522234404026],[-79.51131948562671,42.96452930581791],[-79.75407963423173,43.05053397062914],[-79.98432309550938,43.13200039484793],[-79.97640789333792,43.07970482913113],[-80.0555114471558,42.963390681404405],[-80.24370921226647,43.03214540318994],[-80.5434229928167,42.984863201617785],[-80.50538490877899,42.88408129126022],[-80.70520449259553,42.85456470685053],[-80.74463614616927,42.8239837636695]]]},"properties":{"FED_NUM":35034,"ED_NAMEE":"Haldimand—Norfolk","province_code":"ON"}},
{"type":"Feature","geometry":{"type":"Polygon","coordinates":[[[-78.85986447943446,45.41462435088413],[-78.97140736865734,45.38445851717308],[-78.84319645181834,45.14503004137568],[-79.00114201233085,45.105483775022826],[-78.9343926642967,44.98564217788603],[-79.09385061288943,44.94283055912581],[-79.06290729860316,44.84013154458621],[-79.20788221529477,44.79486700931446],[-79.081834038204,44.51582270932777],[-78.92204940590226,44.153696524236814],[-78.90304215397187,44.203456692409624],[-78.85134009924981,44.211621577240784],[-78.84219893446291,44.16918707306565],[-78.77018296215617,44.22742824528297],[-78.70324310331104,44.0804455119645],[-78.68895910977115,44.05920501077826],[-78.5162923062881,44.09875771215805],[-78.49936378175872,44.08506859821614],[-78.34703320008306,44.11986848727467],[-78.3873498141674,44.20441311091386],[-78.33582091189459,44.25112835324491],[-78.42546930703735,44.29042390241789],[-78.48985826260603,44.43101188661885],[-78.48844896079117,44.46747224605334],[-78.42243857439965,44.46864274558373],[-78.37808987740272,44.49049707712181],[-78.34532022544586,44.55651802100878],[-78.24950347820241,44.546862738694365],[-78.15369080630788,44.548583931786105],[-78.02639043842136,44.583151991120246],[-78.01408049240436,44.612632081324556],[-78.06907085402895,44.725711209494406],[-78.01600772592202,44.72877198000794],[-77.88747432537882,44.76910851272014],[-77.95761770170279,44.90525910150628],[-78.17845589821553,45.30978877931226],[-78.31462910718551,45.56075873680119],[-78.85986447943446,45.41462435088413]]]},"properties":{"FED_NUM":35035,"ED_NAMEE":"Haliburton—Kawartha Lakes","province_code":"ON"}},
{"type":"Feature","geometry":{"type":"Polygon","coordinates":[[[-79.89722446358819,43.28824285426819],[-79.87878762167894,43.2451838461914],[-79.81546672505242,43.22877795437026],[-79.8194442928823,43.20025726924289],[-79.78121118873418,43.268679486188546],[-79.79802402566747,43.298330292132256],[-79.89235368146879,43.293818368908106],[-79.89722446358819,43.28824285426819]]]},"properties":{"FED_NUM":35036,"ED_NAMEE":"Hamilton Centre","province_code":"ON"}},
{"type":"Feature","geometry":{"type":"Polygon","coordinates":[[[-79.79802402566747,43.298330292132256],[-79.78121118873418,43.268679486188546],[-79.8194442928823,43.20025726924289],[-79.82821641480088,43.180844493084614],[-79.78397742466234,43.16809035654018],[-79.7383194902088,43.21134924353509],[-79.63559910355872,43.19528271991378],[-79.62229450276097,43.22575109504071],[-79.73407263085286,43.24572774296454],[-79.79316922458749,43.30113071419218],[-79.79802402566747,43.298330292132256]]]},"properties":{"FED_NUM":35037,"ED_NAMEE":"Hamilton East—Stoney Creek","province_code":"ON"}},
{"type":"Feature","geometry":{"type":"Polygon","coordinates":[[[-79.89722446358819,43.28824285426819],[-79.93151888977509,43.28557728672496],[-80.05661651274805,43.244878433236345],[-80.03861419637683,43.182952243446636],[-79.91505854076968,43.20136118921049],[-79.87878762167894,43.2451838461914],[-79.89722446358819,43.28824285426819]]]},"properties":{"FED_NUM":35039,"ED_NAMEE":"Hamilton West—Ancaster—Dundas","province_code":"ON"}},
{"type":"Feature","geometry":{"type":"Polygon","coordinates":[[[-79.2200428099244,43.97092871269158],[-79.27822121418602,43.95075240717431],[-79.26599239023079,43.90027399106475],[-79.28128459771521,43.85650499225241],[-79.186008359682,43.891197318729915],[-79.2200428099244,43.97092871269158]]]},"properties":{"FED_NUM":35056,"ED_NAMEE":"Markham—Stouffville","province_code":"ON"}},
{"type":"Feature","geometry":{"type":"Polygon","coordinates":[[[-79.40602881848092,43.83833840969832],[-79.39621860826546,43.80326310668953],[-79.35207171136514,43.81324190490155],[-79.29732082704197,43.825941014616724],[-79.2278139387495,43.842079755288786],[-79.17024551862364,43.85546549602718],[-79.186008359682,43.891197318729915],[-79.28128459771521,43.85650499225241],[-79.36811568223662,43.83921992867116],[-79.40602881848092,43.83833840969832]]]},"properties":{"FED_NUM":35057,"ED_NAMEE":"Markham—Thornhill","province_code":"ON"}},
{"type":"Feature","geometry":{"type":"Polygon","coordinates":[[[-81.77377421580745,43.237545244792514],[-81.81887381837599,43.19039474227163],[-81.8070418425149,43.12872805873147],[-81.81928459412397,43.10177924503789],[-81.7892891095513,43.065898310057335],[-81.79013048447202,42.81621520276267],[-81.83549940900717,42.84327361033751],[-81.83506290719322,42.650961506684745],[-81.83465275010691,42.608014336286494],[-81.80409721251831,42.61098441241593],[-81.73817994115163,42.66092790325168],[-81.62688440642802,42.683952494264005],[-81.58979396113295,42.72609290580925],[-81.53518025265532,42.7415065811692],[-81.48677105229943,42.77747387915127],[-81.31119318643891,42.82186979812988],[-81.28519553151735,42.84574304676945],[-81.33656372330906,42.87885369833325],[-81.37804847618078,42.93436106735192],[-81.39061200077145,42.962761610764325],[-81.31036279417063,43.018502490499394],[-81.22703029165008,43.04312289839812],[-81.17584977583905,43.05789881116426],[-81.13582464707952,43.040518561031625],[-81.11344695305559,42.94455338953084],[-81.11969615411493,42.89080406805358],[-81.08089705987476,42.885238424950494],[-80.89869379174998,42.91256189798808],[-80.92300591145155,43.00078730762027],[-80.99366142715422,42.99267403003044],[-81.03761938275525,43.046083499942576],[-81.13220345190749,43.23146188451201],[-81.22447046023568,43.203325208889616],[-81.36371900316419,43.26381589916978],[-81.43094239094282,43.29287039118059],[-81.4652575091126,43.27065888844238],[-81.77377421580745,43.237545244792514]]]},"properties":{"FED_NUM":35059,"ED_NAMEE":"Middlesex—London","province_code":"ON"}},
{"type":"Feature","geometry":{"type":"Polygon","coordinates":[[[-123.10123809982284,49.25657911358765],[-123.09071141683316,49.22544300558919],[-123.02347648754355,49.23229450762287],[-123.02348269735917,49.2582127932614],[-123.10123809982284,49.25657911358765]]]},"properties":{"FED_NUM":59039,"ED_NAMEE":"Vancouver Kingsway","province_code":"BC"}},
{"type":"Feature","geometry":{"type":"Polygon","coordinates":[[[-123.29942268192693,49.25917547212349],[-123.22594391104607,49.228871505707694],[-123.14012995143968,49.21933190933827],[-123.14985564192335,49.28221997127066],[-123.16424854650262,49.28230296769921],[-123.29850680427889,49.28446363557343],[-123.29942268192693,49.25917547212349]]]},"properties":{"FED_NUM":59040,"ED_NAMEE":"Vancouver Quadra","province_code":"BC"}},
{"type":"Feature","geometry":{"type":"Polygon","coordinates":[[[-119.64448665191007,50.402107582351896],[-119.63348270884107,50.3762756229556],[-119.69806757623947,50.28505494432115],[-119.75185425304848,50.25954996791131],[-119.76816593698439,50.21653859314209],[-119.8131234692605,50.17685236278416],[-119.77720625831452,50.11997288008322],[-119.75979846292367,50.05622062768087],[-119.52270221061876,50.03775077260582],[-119.46289518659299,50.00436034276416],[-119.39603131503922,50.00445556308545],[-119.37076198188831,49.92357286293821],[-119.33126149345587,49.91808343008386],[-119.32000097394814,49.862456184494874],[-119.15434591352945,49.8678703040735],[-119.0556807515732,49.81232225536016],[-118.51021317089777,49.81255700649985],[-118.30457456686361,49.81233487721734],[-118.26463130133736,49.804471838183765],[-118.23059564306445,49.71829886560679],[-118.15539166076756,49.726405530042605],[-118.09971752474678,49.70269891294753],[-118.0034236964495,49.69211580369206],[-118.01538290262594,49.570565342662114],[-117.93513598947936,49.53299720503676],[-117.84706761373525,49.53923190644995],[-117.82329031718126,49.50874020853305],[-117.75186015468562,49.49789971223045],[-117.69158626887439,49.418141855786075],[-117.60150503767531,49.4184271039769],[-117.51695940987399,49.4359233188413],[-117.54543339472202,49.48091464654554],[-117.55516500558048,49.540688686625415],[-117.50308197275824,49.574928413382246],[-117.41741664825057,49.59833483302423],[-117.40298783547266,49.62150529691399],[-117.3226249785898,49.62396320654219],[-117.31680234986034,49.67846125765799],[-117.19066128243794,49.698014363441665],[-117.1964982552972,49.783154677948026],[-117.22874248855457,49.843483804309365],[-117.1805395995536,49.870900451192746],[-117.17486143852467,49.92175545905504],[-117.13093560868603,49.93165601960428],[-117.14396694830724,49.982454225870306],[-117.18324332606903,49.99307555587962],[-117.21347082922227,50.05884699676377],[-117.16680541255731,50.128444171488766],[-117.23241349478691,50.13551817203672],[-117.20114612778019,50.18646446687983],[-117.27511412526037,50.208872609302276],[-117.22124049529037,50.25335340677788],[-117.23581152790717,50.29453538833372],[-117.33913912350924,50.2593387438528],[-117.36827302164575,50.2782067255134],[-117.36097787030741,50.325663726628036],[-117.39316138742213,50.3431123758788],[-117.35895011220732,50.39632140961473],[-117.45413926088882,50.42542437374226],[-117.49973912642585,50.457144869228216],[-117.58200685966756,50.502991844537796],[-117.61585940162765,50.543700003612855],[-117.67110778781732,50.532434217366294],[-117.74067128082999,50.55437607206509],[-117.85697940448891,50.52785843586296],[-117.977923104403,50.53284598318702],[-117.99433934043802,50.548101179902936],[-118.01381544315424,50.65312027440846],[-118.12326152850069,50.68122762109236],[-118.20731715227873,50.6902912284265],[-118.20585369165906,50.73892506351979],[-118.24189769910177,50.75519284037605],[-118.29428161423954,50.864402911261884],[-118.3756009255554,50.83199294714727],[-118.43361093975912,50.825789071356596],[-118.45627717593538,50.77248788558928],[-118.43154037171689,50.752233560842825],[-118.4174484488039,50.66630044373911],[-118.48871626637906,50.608106946273416],[-118.48175324016394,50.55686887825025],[-118.58448773923695,50.51426476640715],[-118.57838095778914,50.48788887467786],[-119.00187008517389,50.488386782300196],[-119.01139707830099,50.459608074804635],[-119.17785809446002,50.4271264130044],[-119.23081961488343,50.458549072788735],[-119.29738276493799,50.47135010906474],[-119.36022873986715,50.46037636129254],[-119.36397631712217,50.42613511652117],[-119.52493477467375,50.431032277894104],[-119.58186485203652,50.445701551693034],[-119.64448665191007,50.402107582351896]]]},"properties":{"FED_NUM":59041,"ED_NAMEE":"Vernon—Lake Country—Monashee","province_code":"BC"}},
{"type":"Feature","geometry":{"type":"Polygon","coordinates":[[[-123.43032601935535,48.250065974886645],[-123.24999999142804,48.250000010870004],[-123.24723331402353,48.28410825913781],[-123.1138091614948,48.42311774640491],[-123.15852219269509,48.45363495204744],[-123.18901178379178,48.502836901571285],[-123.30910781721103,48.498980967355536],[-123.35118235722143,48.45032870705809],[-123.39282271283986,48.441931990894545],[-123.43032601935535,48.250065974886645]]]},"properties":{"FED_NUM":59042,"ED_NAMEE":"Victoria","province_code":"BC"}},
{"type":"Feature","geometry":{"type":"Polygon","coordinates":[[[-124.04004447082157,49.36500137852771],[-123.91732414784867,49.34983233489642],[-123.6935009664687,49.30083440331169],[-123.51131601254896,49.22297532996361],[-123.46822061147886,49.18358161488119],[-123.35712180300482,49.00278449737472],[-123.3185514123976,49.00006582471861],[-123.19915104654629,49.002160836280055],[-123.35208880838087,49.082153177904175],[-123.29990187388023,49.103718957304444],[-123.30385785396562,49.14231168333222],[-123.29942268192693,49.25917547212349],[-123.29850680427889,49.28446363557343],[-123.16424854650262,49.28230296769921],[-123.13838718386047,49.31571756139259],[-123.11804900613697,49.33261007753151],[-123.12380625642453,49.40619926925938],[-123.10660419641025,49.44902381428611],[-123.10230746179495,49.547783573331365],[-122.92479791699101,49.553987413174944],[-122.81608574841674,49.57235386349245],[-122.81136175933952,49.61923292767627],[-122.85242732927583,49.671508645880905],[-122.8142039915529,49.71124393957505],[-122.8553108326616,49.74346152496793],[-122.88991258344001,49.80195424123606],[-122.98524343300967,49.85747455604227],[-122.96201255239238,49.90257664725376],[-122.89656566974936,49.89481837348503],[-122.85061799626571,49.91861036258085],[-122.76779367231725,49.93271025425938],[-122.68030383524166,49.98123415041528],[-122.67945282743295,50.022644735688395],[-122.76478426081292,50.023270225285806],[-122.80205902476588,50.05519768483283],[-122.78828729791071,50.13113766560428],[-122.73396217426442,50.15129607826651],[-122.63822520979986,50.12326298689041],[-122.25844006319268,50.123444310994756],[-122.316251163552,50.187120217089365],[-122.27495590293003,50.22442455889002],[-122.35346504232027,50.23099222525135],[-122.36638152145213,50.31155548994437],[-122.4387509717961,50.33534754888943],[-122.5251882160589,50.414800042349434],[-122.48543520544895,50.44346352839032],[-122.39654677220128,50.41112056318794],[-122.30444443707525,50.430923601734285],[-122.2873003349997,50.47542888033389],[-122.33776736440065,50.52056794107769],[-122.41885282534214,50.55264160661601],[-122.46677707948537,50.59104845708173],[-122.50414790777147,50.566508146167635],[-122.60986272699498,50.59979243951726],[-122.629237405211,50.6528070649054],[-122.72900999799595,50.65609696891603],[-122.83283343294964,50.64619965091395],[-122.9279393429356,50.60117820234167],[-122.9567614931857,50.54872769059998],[-123.01880956950401,50.60111020998832],[-123.08147489053924,50.593997352588424],[-123.16370945355041,50.63470040238876],[-123.23580113211574,50.72296031365202],[-123.32132706292495,50.73135546762747],[-123.43907265356717,50.796549419157614],[-123.50280303418309,50.779854179314796],[-123.5628166796888,50.79754875785254],[-123.71987186847726,50.801255133999916],[-123.72950828234914,50.84286088186525],[-123.79530284087608,50.83368093868958],[-123.80119101862066,50.797181975854805],[-123.86728277894295,50.747763615294566],[-123.72801124985527,50.694583790588204],[-123.76124948117186,50.63385591800099],[-123.7441240553898,50.538054926145996],[-123.92512505181321,50.53146074764201],[-123.9828127033292,50.513962292456846],[-123.99640049791391,50.4738825894396],[-123.93649544510956,50.45143023825996],[-123.9514644891711,50.42190663400568],[-123.90996346225221,50.359413614152125],[-123.96249865296882,50.33936374393593],[-124.04116804298978,50.34638465357555],[-124.07580248479155,50.366423396916396],[-124.15953725579567,50.3333862939723],[-124.16901059304772,50.270015710153714],[-124.15425568118941,50.21909803529017],[-124.09214443803837,50.19370513116417],[-124.06938167590968,50.15055123550283],[-124.13689850258088,50.13552882879229],[-124.15078475323233,50.06102401584369],[-124.11330328531939,50.01751367217875],[-124.06756337849536,50.00061694202707],[-124.06294401064478,49.93324614731156],[-124.03499284137072,49.80547225808444],[-124.13707794608037,49.769426904005634],[-124.22054029404727,49.75726075636695],[-124.29192444011794,49.70153502516936],[-124.25404963072289,49.659737662913],[-124.13084911212376,49.59087893069483],[-124.0921995632835,49.55614995706051],[-124.04508303532282,49.438569976629836],[-124.04004447082157,49.36500137852771]]]},"properties":{"FED_NUM":59043,"ED_NAMEE":"West Vancouver—Sunshine Coast—Sea to Sky Country","province_code":"BC"}}
]}